ticker,expiry,option_type,downloaded_at_utc,contractSymbol,lastTradeDate,strike,lastPrice,bid,ask,change,percentChange,volume,openInterest,impliedVolatility,inTheMoney,contractSize,currency
AAPL,2026-08-21,call,2026-01-21T21:40:12.897605+00:00,AAPL260821C00110000,2026-01-09 15:00:43+00:00,110.0,148.7,138.2,141.4,0.0,0.0,2.0,5.0,0.6813996704101564,True,REGULAR,USD
AAPL,2026-08-21,call,2026-01-21T21:40:12.897605+00:00,AAPL260821C00115000,2026-01-20 18:56:33+00:00,115.0,136.33,133.45,136.35,0.0,0.0,1.0,117.0,0.6550327465820314,True,REGULAR,USD
AAPL,2026-08-21,call,2026-01-21T21:40:12.897605+00:00,AAPL260821C00120000,2026-01-20 20:22:15+00:00,120.0,129.22,128.5,131.7,0.0,0.0,1.0,6.0,0.6355016918945313,True,REGULAR,USD
AAPL,2026-08-21,call,2026-01-21T21:40:12.897605+00:00,AAPL260821C00125000,2026-01-20 14:37:36+00:00,125.0,130.72,123.7,126.6,0.0,0.0,1.0,102.0,0.6074258007812501,True,REGULAR,USD
AAPL,2026-08-21,call,2026-01-21T21:40:12.897605+00:00,AAPL260821C00130000,2026-01-21 15:24:10+00:00,130.0,120.03,119.15,121.8,-10.9900055,-8.388036,1.0,87.0,0.5947916497802734,True,REGULAR,USD
AAPL,2026-08-21,call,2026-01-21T21:40:12.897605+00:00,AAPL260821C00135000,2025-12-05 14:51:05+00:00,135.0,148.95,114.05,117.3,0.0,0.0,4.0,7.0,0.575077491455078,True,REGULAR,USD
AAPL,2026-08-21,call,2026-01-21T21:40:12.897605+00:00,AAPL260821C00140000,2026-01-15 16:15:31+00:00,140.0,123.12,109.45,112.3,0.0,0.0,1.0,253.0,0.5553022985839844,True,REGULAR,USD
AAPL,2026-08-21,call,2026-01-21T21:40:12.897605+00:00,AAPL260821C00145000,2025-12-31 19:36:30+00:00,145.0,131.48,104.5,107.4,0.0,0.0,2.0,20.0,0.5303391693115236,True,REGULAR,USD
AAPL,2026-08-21,call,2026-01-21T21:40:12.897605+00:00,AAPL260821C00150000,2026-01-14 15:14:02+00:00,150.0,114.0,99.85,102.7,0.0,0.0,10.0,84.0,0.5158739819335938,True,REGULAR,USD
AAPL,2026-08-21,call,2026-01-21T21:40:12.897605+00:00,AAPL260821C00155000,2026-01-20 15:41:27+00:00,155.0,100.35,95.15,98.0,0.0,0.0,10.0,32.0,0.5481612567138674,True,REGULAR,USD
AAPL,2026-08-21,call,2026-01-21T21:40:12.897605+00:00,AAPL260821C00160000,2026-01-20 20:49:53+00:00,160.0,88.7,91.1,93.3,0.0,0.0,11.0,100.0,0.5286302020263673,True,REGULAR,USD
AAPL,2026-08-21,call,2026-01-21T21:40:12.897605+00:00,AAPL260821C00165000,2026-01-05 16:55:28+00:00,165.0,107.56,86.95,88.15,0.0,0.0,46.0,86.0,0.49597671997070314,True,REGULAR,USD
AAPL,2026-08-21,call,2026-01-21T21:40:12.897605+00:00,AAPL260821C00170000,2025-12-18 18:34:30+00:00,170.0,107.96,82.35,83.45,0.0,0.0,1.0,74.0,0.47699497619628906,True,REGULAR,USD
AAPL,2026-08-21,call,2026-01-21T21:40:12.897605+00:00,AAPL260821C00175000,2026-01-20 20:53:25+00:00,175.0,75.15,77.9,78.75,0.0,0.0,22.0,38.0,0.4578911633300782,True,REGULAR,USD
AAPL,2026-08-21,call,2026-01-21T21:40:12.897605+00:00,AAPL260821C00180000,2026-01-15 17:35:07+00:00,180.0,84.15,73.4,74.25,0.0,0.0,3.0,30.0,0.44348701049804684,True,REGULAR,USD
AAPL,2026-08-21,call,2026-01-21T21:40:12.897605+00:00,AAPL260821C00185000,2026-01-21 19:55:48+00:00,185.0,71.51,69.0,69.8,-22.82,-24.191668,1.0,58.0,0.42957113403320313,True,REGULAR,USD
AAPL,2026-08-21,call,2026-01-21T21:40:12.897605+00:00,AAPL260821C00190000,2026-01-21 15:18:33+00:00,190.0,64.59,64.65,65.45,-20.910004,-24.456146,2.0,65.0,0.41702853485107416,True,REGULAR,USD
AAPL,2026-08-21,call,2026-01-21T21:40:12.897605+00:00,AAPL260821C00195000,2026-01-20 20:29:07+00:00,195.0,59.0,60.4,61.15,0.0,0.0,1.0,126.0,0.40451645294189453,True,REGULAR,USD
AAPL,2026-08-21,call,2026-01-21T21:40:12.897605+00:00,AAPL260821C00200000,2026-01-21 15:52:29+00:00,200.0,57.45,56.35,56.7,2.9500008,5.412845,7.0,176.0,0.3880676428222656,True,REGULAR,USD
AAPL,2026-08-21,call,2026-01-21T21:40:12.897605+00:00,AAPL260821C00205000,2026-01-20 19:49:42+00:00,205.0,52.3,52.1,52.8,0.0,0.0,10.0,141.0,0.38104867004394527,True,REGULAR,USD
AAPL,2026-08-21,call,2026-01-21T21:40:12.897605+00:00,AAPL260821C00210000,2026-01-21 19:17:42+00:00,210.0,47.16,48.2,48.7,0.9599991,2.07792,37.0,529.0,0.3688417608642578,True,REGULAR,USD
AAPL,2026-08-21,call,2026-01-21T21:40:12.897605+00:00,AAPL260821C00215000,2026-01-20 19:49:41+00:00,215.0,44.5,44.4,44.95,0.0,0.0,71.0,237.0,0.36121244262695307,True,REGULAR,USD
AAPL,2026-08-21,call,2026-01-21T21:40:12.897605+00:00,AAPL260821C00220000,2026-01-21 15:40:35+00:00,220.0,41.0,40.55,41.2,-0.45000076,-1.0778462,3.0,215.0,0.3518741571044921,True,REGULAR,USD
AAPL,2026-08-21,call,2026-01-21T21:40:12.897605+00:00,AAPL260821C00225000,2026-01-21 20:34:37+00:00,225.0,37.82,36.95,37.6,1.4199982,3.9010937,2.0,248.0,0.343207251586914,True,REGULAR,USD
AAPL,2026-08-21,call,2026-01-21T21:40:12.897605+00:00,AAPL260821C00230000,2026-01-21 20:21:26+00:00,230.0,34.79,33.65,33.95,2.3100014,7.1120734,49.0,744.0,0.33209896423339846,True,REGULAR,USD
AAPL,2026-08-21,call,2026-01-21T21:40:12.897605+00:00,AAPL260821C00235000,2026-01-20 20:54:40+00:00,235.0,30.75,30.2,30.85,1.6499996,5.670102,1.0,85.0,0.32709413146972655,True,REGULAR,USD
AAPL,2026-08-21,call,2026-01-21T21:40:12.897605+00:00,AAPL260821C00240000,2026-01-21 16:58:52+00:00,240.0,26.45,27.25,27.55,0.5700016,2.2024791,24.0,650.0,0.3173286041259765,True,REGULAR,USD
AAPL,2026-08-21,call,2026-01-21T21:40:12.897605+00:00,AAPL260821C00245000,2026-01-21 20:27:47+00:00,245.0,25.2,24.3,24.7,2.0100002,8.66753,18.0,328.0,0.3117134259033203,True,REGULAR,USD
AAPL,2026-08-21,call,2026-01-21T21:40:12.897605+00:00,AAPL260821C00250000,2026-01-21 20:29:04+00:00,250.0,22.3,21.6,21.8,1.8499985,9.046447,39.0,1703.0,0.30332117584228513,False,REGULAR,USD
AAPL,2026-08-21,call,2026-01-21T21:40:12.897605+00:00,AAPL260821C00255000,2026-01-21 20:26:14+00:00,255.0,19.85,19.05,19.25,1.8500004,10.27778,71.0,424.0,0.29743134216308587,False,REGULAR,USD
AAPL,2026-08-21,call,2026-01-21T21:40:12.897605+00:00,AAPL260821C00260000,2026-01-21 19:27:00+00:00,260.0,16.55,16.7,16.9,0.069999695,0.42475545,76.0,1374.0,0.29195349166870105,False,REGULAR,USD
AAPL,2026-08-21,call,2026-01-21T21:40:12.897605+00:00,AAPL260821C00265000,2026-01-21 20:45:29+00:00,265.0,14.9,14.55,14.75,1.25,9.15751,13.0,133.0,0.2868723657226562,False,REGULAR,USD
AAPL,2026-08-21,call,2026-01-21T21:40:12.897605+00:00,AAPL260821C00270000,2026-01-21 20:53:32+00:00,270.0,12.8,12.65,12.8,0.8000002,6.8376083,68.0,1734.0,0.28220322296142575,False,REGULAR,USD
AAPL,2026-08-21,call,2026-01-21T21:40:12.897605+00:00,AAPL260821C00275000,2026-01-21 17:47:04+00:00,275.0,12.15,10.9,11.05,1.7999992,17.391296,43.0,330.0,0.2779918392944336,False,REGULAR,USD
AAPL,2026-08-21,call,2026-01-21T21:40:12.897605+00:00,AAPL260821C00280000,2026-01-21 20:02:34+00:00,280.0,10.3,9.35,9.5,1.5500002,17.714287,91.0,2072.0,0.2743297665405273,False,REGULAR,USD
AAPL,2026-08-21,call,2026-01-21T21:40:12.897605+00:00,AAPL260821C00285000,2026-01-21 20:01:32+00:00,285.0,8.95,8.0,8.15,1.1499996,14.743585,46.0,464.0,0.27136959106445313,False,REGULAR,USD
AAPL,2026-08-21,call,2026-01-21T21:40:12.897605+00:00,AAPL260821C00290000,2026-01-21 20:56:31+00:00,290.0,6.8,6.8,6.95,0.26999998,4.1347623,122.0,1497.0,0.2685009674072265,False,REGULAR,USD
AAPL,2026-08-21,call,2026-01-21T21:40:12.897605+00:00,AAPL260821C00295000,2026-01-21 19:47:49+00:00,295.0,6.55,5.75,6.05,0.7000003,11.965817,9.0,583.0,0.26853148468017574,False,REGULAR,USD
AAPL,2026-08-21,call,2026-01-21T21:40:12.897605+00:00,AAPL260821C00300000,2026-01-21 20:59:53+00:00,300.0,4.96,4.95,5.05,0.30999994,6.666665,230.0,4214.0,0.26474734283447265,False,REGULAR,USD
AAPL,2026-08-21,call,2026-01-21T21:40:12.897605+00:00,AAPL260821C00305000,2026-01-21 20:01:40+00:00,305.0,4.75,4.15,4.35,0.76,19.047619,19.0,123.0,0.26453372192382807,False,REGULAR,USD
AAPL,2026-08-21,call,2026-01-21T21:40:12.897605+00:00,AAPL260821C00310000,2026-01-21 18:52:52+00:00,310.0,3.61,3.5,3.65,-0.0400002,-1.0958959,37.0,11141.0,0.2623975128173829,False,REGULAR,USD
AAPL,2026-08-21,call,2026-01-21T21:40:12.897605+00:00,AAPL260821C00315000,2026-01-21 17:48:47+00:00,315.0,2.91,3.0,3.1,0.0400002,1.3937353,31.0,224.0,0.26163458099365233,False,REGULAR,USD
AAPL,2026-08-21,call,2026-01-21T21:40:12.897605+00:00,AAPL260821C00320000,2026-01-21 20:43:18+00:00,320.0,2.7,2.55,2.61,0.13000011,5.05837,229.0,1059.0,0.26050544189453123,False,REGULAR,USD
AAPL,2026-08-21,call,2026-01-21T21:40:12.897605+00:00,AAPL260821C00325000,2026-01-21 18:22:16+00:00,325.0,2.14,2.11,2.28,-0.07999992,-3.6036,19.0,325.0,0.26215337463378907,False,REGULAR,USD
AAPL,2026-08-21,call,2026-01-21T21:40:12.897605+00:00,AAPL260821C00330000,2026-01-21 19:48:40+00:00,330.0,2.08,1.84,1.9,0.2299999,12.432427,36.0,1022.0,0.260749580078125,False,REGULAR,USD
AAPL,2026-08-21,call,2026-01-21T21:40:12.897605+00:00,AAPL260821C00335000,2026-01-21 19:48:28+00:00,335.0,1.78,1.57,1.63,-0.09000003,-4.812836,16.0,132.0,0.2613599255371094,False,REGULAR,USD
AAPL,2026-08-21,call,2026-01-21T21:40:12.897605+00:00,AAPL260821C00340000,2026-01-21 18:36:59+00:00,340.0,1.34,1.35,1.41,-0.049999952,-3.5971189,230.0,795.0,0.2624585473632813,False,REGULAR,USD
AAPL,2026-08-21,call,2026-01-21T21:40:12.897605+00:00,AAPL260821C00345000,2026-01-21 17:34:57+00:00,345.0,1.15,1.12,1.22,-0.49,-29.87805,1.0,19.0,0.26355716918945316,False,REGULAR,USD
AAPL,2026-08-21,call,2026-01-21T21:40:12.897605+00:00,AAPL260821C00350000,2026-01-21 18:41:11+00:00,350.0,1.0,1.01,1.06,-0.19000006,-15.966391,34.0,146.0,0.26483889465332033,False,REGULAR,USD
AAPL,2026-08-21,call,2026-01-21T21:40:12.897605+00:00,AAPL260821C00360000,2026-01-20 20:55:08+00:00,360.0,0.78,0.76,0.81,0.0,0.0,30.0,132.0,0.26782958740234375,False,REGULAR,USD
AAPL,2026-08-21,call,2026-01-21T21:40:12.897605+00:00,AAPL260821C00370000,2026-01-21 20:36:43+00:00,370.0,0.64,0.58,0.63,-0.030000031,-4.4776163,1.0,250.0,0.27149166015625,False,REGULAR,USD
AAPL,2026-08-21,call,2026-01-21T21:40:12.897605+00:00,AAPL260821C00380000,2026-01-20 18:48:24+00:00,380.0,0.48,0.45,0.5,0.0,0.0,7.0,141.0,0.2756420092773437,False,REGULAR,USD
AAPL,2026-08-21,call,2026-01-21T21:40:12.897605+00:00,AAPL260821C00390000,2026-01-12 16:16:25+00:00,390.0,0.57,0.3,0.39,0.0,0.0,2.0,45.0,0.2788158056640625,False,REGULAR,USD
AAPL,2026-08-21,call,2026-01-21T21:40:12.897605+00:00,AAPL260821C00400000,2026-01-21 16:09:18+00:00,400.0,0.28,0.22,0.31,0.00999999,3.7037,3.0,150.0,0.28247787841796873,False,REGULAR,USD
AAPL,2026-08-21,call,2026-01-21T21:40:12.897605+00:00,AAPL260821C00410000,2025-12-23 17:35:40+00:00,410.0,0.51,0.16,0.25,0.0,0.0,5.0,104.0,0.28613995117187496,False,REGULAR,USD
AAPL,2026-08-21,call,2026-01-21T21:40:12.897605+00:00,AAPL260821C00420000,2026-01-14 14:30:01+00:00,420.0,0.28,0.12,0.4,0.0,0.0,1.0,13.0,0.31690136230468746,False,REGULAR,USD
AAPL,2026-08-21,call,2026-01-21T21:40:12.897605+00:00,AAPL260821C00430000,2025-12-15 14:30:17+00:00,430.0,0.57,0.08,0.36,0.0,0.0,1.0,2.0,0.32398136962890617,False,REGULAR,USD
AAPL,2026-08-21,call,2026-01-21T21:40:12.897605+00:00,AAPL260821C00440000,2025-12-11 14:31:00+00:00,440.0,0.52,0.06,0.33,0.0,0.0,1.0,4.0,0.331061376953125,False,REGULAR,USD
AAPL,2026-08-21,call,2026-01-21T21:40:12.897605+00:00,AAPL260821C00450000,2026-01-12 17:08:43+00:00,450.0,0.1,0.04,0.31,0.0,0.0,322.0,624.0,0.3391179370117187,False,REGULAR,USD
AAPL,2026-08-21,put,2026-01-21T21:40:12.897605+00:00,AAPL260821P00110000,2026-01-21 15:08:30+00:00,110.0,0.2,0.18,0.22,-0.00999999,-4.7619004,27.0,518.0,0.4643608251953125,False,REGULAR,USD
AAPL,2026-08-21,put,2026-01-21T21:40:12.897605+00:00,AAPL260821P00115000,2026-01-15 16:39:16+00:00,115.0,0.15,0.19,0.26,0.0,0.0,1.0,20.0,0.45117736328125,False,REGULAR,USD
AAPL,2026-08-21,put,2026-01-21T21:40:12.897605+00:00,AAPL260821P00120000,2026-01-20 18:11:30+00:00,120.0,0.28,0.24,0.31,0.0,0.0,1.0,591.0,0.43848217773437503,False,REGULAR,USD
AAPL,2026-08-21,put,2026-01-21T21:40:12.897605+00:00,AAPL260821P00125000,2026-01-21 15:07:53+00:00,125.0,0.37,0.31,0.37,0.00999999,2.777775,9.0,49.0,0.42676354492187507,False,REGULAR,USD
AAPL,2026-08-21,put,2026-01-21T21:40:12.897605+00:00,AAPL260821P00130000,2026-01-21 15:08:30+00:00,130.0,0.46,0.41,0.45,0.13,39.393936,9.0,40.0,0.4167538793945312,False,REGULAR,USD
AAPL,2026-08-21,put,2026-01-21T21:40:12.897605+00:00,AAPL260821P00135000,2026-01-15 20:21:21+00:00,135.0,0.42,0.5,0.54,0.0,0.0,1.0,65.0,0.40650007568359375,False,REGULAR,USD
AAPL,2026-08-21,put,2026-01-21T21:40:12.897605+00:00,AAPL260821P00140000,2026-01-16 20:47:49+00:00,140.0,0.5,0.61,0.65,0.0,0.0,8.0,28.0,0.3969786865234375,False,REGULAR,USD
AAPL,2026-08-21,put,2026-01-21T21:40:12.897605+00:00,AAPL260821P00145000,2026-01-06 14:47:04+00:00,145.0,0.78,0.73,0.78,0.21999997,39.285706,3.0,45.0,0.387701435546875,False,REGULAR,USD
AAPL,2026-08-21,put,2026-01-21T21:40:12.897605+00:00,AAPL260821P00150000,2026-01-21 15:07:53+00:00,150.0,0.98,0.89,0.99,-0.120000005,-10.909091,3.0,73.0,0.3830628100585937,False,REGULAR,USD
AAPL,2026-08-21,put,2026-01-21T21:40:12.897605+00:00,AAPL260821P00155000,2026-01-20 19:25:16+00:00,155.0,1.11,1.07,1.17,0.0,0.0,11.0,121.0,0.3737855590820312,False,REGULAR,USD
AAPL,2026-08-21,put,2026-01-21T21:40:12.897605+00:00,AAPL260821P00160000,2026-01-16 19:53:04+00:00,160.0,1.02,1.25,1.38,0.0,0.0,15.0,456.0,0.36475244628906256,False,REGULAR,USD
AAPL,2026-08-21,put,2026-01-21T21:40:12.897605+00:00,AAPL260821P00165000,2026-01-13 14:45:59+00:00,165.0,1.09,1.53,1.65,0.0,0.0,2.0,290.0,0.3573062316894531,False,REGULAR,USD
AAPL,2026-08-21,put,2026-01-21T21:40:12.897605+00:00,AAPL260821P00170000,2026-01-20 20:55:31+00:00,170.0,2.17,1.83,1.89,0.0,0.0,2.0,671.0,0.3466251861572265,False,REGULAR,USD
AAPL,2026-08-21,put,2026-01-21T21:40:12.897605+00:00,AAPL260821P00175000,2026-01-20 20:55:00+00:00,175.0,2.52,2.18,2.24,0.0,0.0,2.0,271.0,0.33924000610351557,False,REGULAR,USD
AAPL,2026-08-21,put,2026-01-21T21:40:12.897605+00:00,AAPL260821P00180000,2026-01-21 19:32:08+00:00,180.0,2.63,2.58,2.64,0.27000022,11.440688,32.0,610.0,0.33173275695800786,False,REGULAR,USD
AAPL,2026-08-21,put,2026-01-21T21:40:12.897605+00:00,AAPL260821P00185000,2026-01-21 15:14:51+00:00,185.0,3.24,3.05,3.15,0.3900001,13.684215,1.0,811.0,0.3258734405517578,False,REGULAR,USD
AAPL,2026-08-21,put,2026-01-21T21:40:12.897605+00:00,AAPL260821P00190000,2026-01-21 16:08:21+00:00,190.0,3.65,3.55,3.65,-0.5999999,-14.117645,1.0,258.0,0.31763377685546873,False,REGULAR,USD
AAPL,2026-08-21,put,2026-01-21T21:40:12.897605+00:00,AAPL260821P00195000,2026-01-21 16:47:42+00:00,195.0,4.5,4.2,4.3,-0.4499998,-9.090905,11.0,341.0,0.31153032226562494,False,REGULAR,USD
AAPL,2026-08-21,put,2026-01-21T21:40:12.897605+00:00,AAPL260821P00200000,2026-01-21 16:44:30+00:00,200.0,5.22,4.9,5.0,-0.2800002,-5.090913,5.0,1328.0,0.30451134948730463,False,REGULAR,USD
AAPL,2026-08-21,put,2026-01-21T21:40:12.897605+00:00,AAPL260821P00205000,2026-01-21 19:27:38+00:00,205.0,6.2,5.7,5.8,-0.1500001,-2.3622062,75.0,92.0,0.29761444580078117,False,REGULAR,USD
AAPL,2026-08-21,put,2026-01-21T21:40:12.897605+00:00,AAPL260821P00210000,2026-01-21 19:59:29+00:00,210.0,6.0,6.6,6.7,-0.8499999,-12.408758,14.0,885.0,0.2906870248413085,False,REGULAR,USD
AAPL,2026-08-21,put,2026-01-21T21:40:12.897605+00:00,AAPL260821P00215000,2026-01-21 20:25:54+00:00,215.0,7.45,7.6,7.75,-0.75,-9.146341,10.0,135.0,0.2844004666137695,False,REGULAR,USD
AAPL,2026-08-21,put,2026-01-21T21:40:12.897605+00:00,AAPL260821P00220000,2026-01-21 17:51:14+00:00,220.0,9.4,8.8,8.95,-0.6000004,-6.000004,23.0,1996.0,0.2784495983886719,False,REGULAR,USD
AAPL,2026-08-21,put,2026-01-21T21:40:12.897605+00:00,AAPL260821P00225000,2026-01-21 19:59:52+00:00,225.0,9.25,10.1,10.25,-1.5699997,-14.510164,61.0,383.0,0.2717968328857422,False,REGULAR,USD
AAPL,2026-08-21,put,2026-01-21T21:40:12.897605+00:00,AAPL260821P00230000,2026-01-21 19:55:41+00:00,230.0,10.9,11.6,11.75,-1.2200003,-10.0660095,6.0,2012.0,0.2659069992065429,False,REGULAR,USD
AAPL,2026-08-21,put,2026-01-21T21:40:12.897605+00:00,AAPL260821P00235000,2026-01-21 19:47:47+00:00,235.0,12.3,13.2,13.35,-1.5100002,-10.934108,16.0,629.0,0.2590406127929688,False,REGULAR,USD
AAPL,2026-08-21,put,2026-01-21T21:40:12.897605+00:00,AAPL260821P00240000,2026-01-21 19:27:38+00:00,240.0,16.1,15.0,15.2,-0.19000053,-1.166363,10.0,1397.0,0.25321181365966794,False,REGULAR,USD
AAPL,2026-08-21,put,2026-01-21T21:40:12.897605+00:00,AAPL260821P00245000,2026-01-21 20:51:41+00:00,245.0,17.4,17.05,17.2,-0.30000114,-1.6949216,38.0,135.0,0.24683370361328127,False,REGULAR,USD
AAPL,2026-08-21,put,2026-01-21T21:40:12.897605+00:00,AAPL260821P00250000,2026-01-21 19:38:16+00:00,250.0,19.14,19.25,19.45,-2.4099998,-11.183294,80.0,923.0,0.24112697357177731,True,REGULAR,USD
AAPL,2026-08-21,put,2026-01-21T21:40:12.897605+00:00,AAPL260821P00255000,2026-01-21 20:51:25+00:00,255.0,22.04,21.5,21.9,0.47000122,2.178958,34.0,131.0,0.23528291580200195,True,REGULAR,USD
AAPL,2026-08-21,put,2026-01-21T21:40:12.897605+00:00,AAPL260821P00260000,2026-01-21 19:47:51+00:00,260.0,22.75,24.3,24.55,-3.8500004,-14.473685,32.0,953.0,0.22919471984863282,True,REGULAR,USD
AAPL,2026-08-21,put,2026-01-21T21:40:12.897605+00:00,AAPL260821P00265000,2026-01-20 15:25:18+00:00,265.0,25.27,27.0,27.45,0.0,0.0,1.0,102.0,0.22345747253417966,True,REGULAR,USD
AAPL,2026-08-21,put,2026-01-21T21:40:12.897605+00:00,AAPL260821P00270000,2026-01-21 20:18:32+00:00,270.0,29.15,30.1,31.2,-1.3999996,-4.5826507,22.0,623.0,0.2267838552856445,True,REGULAR,USD
AAPL,2026-08-21,put,2026-01-21T21:40:12.897605+00:00,AAPL260821P00275000,2026-01-20 20:04:48+00:00,275.0,34.45,33.45,34.0,0.0,0.0,165.0,188.0,0.21314263427734376,True,REGULAR,USD
AAPL,2026-08-21,put,2026-01-21T21:40:12.897605+00:00,AAPL260821P00280000,2026-01-20 15:48:25+00:00,280.0,34.87,37.0,37.6,0.0,0.0,84.0,733.0,0.20795469787597654,True,REGULAR,USD
AAPL,2026-08-21,put,2026-01-21T21:40:12.897605+00:00,AAPL260821P00285000,2026-01-20 16:23:45+00:00,285.0,38.23,40.8,41.55,0.0,0.0,2.0,9.0,0.20539124694824218,True,REGULAR,USD
AAPL,2026-08-21,put,2026-01-21T21:40:12.897605+00:00,AAPL260821P00290000,2026-01-20 16:23:45+00:00,290.0,42.02,44.75,45.4,0.0,0.0,1.0,150.0,0.19727365234375,True,REGULAR,USD
AAPL,2026-08-21,put,2026-01-21T21:40:12.897605+00:00,AAPL260821P00295000,2025-12-15 14:40:37+00:00,295.0,29.8,48.95,49.6,0.0,0.0,,16.0,0.19232985412597658,True,REGULAR,USD
AAPL,2026-08-21,put,2026-01-21T21:40:12.897605+00:00,AAPL260821P00300000,2026-01-20 20:19:37+00:00,300.0,54.59,53.3,54.1,0.0,0.0,15.0,9933.0,0.19135330139160156,True,REGULAR,USD
AAPL,2026-08-21,put,2026-01-21T21:40:12.897605+00:00,AAPL260821P00305000,2025-12-15 14:35:24+00:00,305.0,35.4,57.8,58.75,0.0,0.0,,3.0,0.1922077850341797,True,REGULAR,USD
AAPL,2026-08-21,put,2026-01-21T21:40:12.897605+00:00,AAPL260821P00310000,2025-12-30 18:41:34+00:00,310.0,40.96,62.4,63.45,0.0,0.0,1.0,84.0,0.192390888671875,True,REGULAR,USD
AAPL,2026-08-21,put,2026-01-21T21:40:12.897605+00:00,AAPL260821P00320000,2026-01-08 16:03:07+00:00,320.0,63.6,71.45,73.55,0.0,0.0,15.0,57.0,0.21662160339355468,True,REGULAR,USD
AAPL,2026-08-21,put,2026-01-21T21:40:12.897605+00:00,AAPL260821P00325000,2025-12-18 14:51:07+00:00,325.0,57.05,75.7,79.0,0.0,0.0,,15.0,0.24298852722167968,True,REGULAR,USD
AAPL,2026-08-21,put,2026-01-21T21:40:12.897605+00:00,AAPL260821P00330000,2025-12-19 19:59:21+00:00,330.0,59.15,80.9,83.6,0.0,0.0,3.0,2.0,0.23810576354980467,True,REGULAR,USD
AAPL,2026-08-21,put,2026-01-21T21:40:12.897605+00:00,AAPL260821P00335000,2025-12-15 20:14:34+00:00,335.0,62.12,85.85,88.7,0.0,0.0,,0.0,0.25153336364746093,True,REGULAR,USD
AAPL,2026-08-21,put,2026-01-21T21:40:12.897605+00:00,AAPL260821P00340000,2025-12-11 20:30:27+00:00,340.0,62.53,90.95,93.65,0.0,0.0,8.0,0.0,0.25879647460937505,True,REGULAR,USD
AAPL,2026-08-21,put,2026-01-21T21:40:12.897605+00:00,AAPL260821P00350000,2025-12-05 20:34:25+00:00,350.0,71.3,101.05,103.65,0.0,0.0,2.0,0.0,0.2766185620117187,True,REGULAR,USD
AAPL,2026-08-21,put,2026-01-21T21:40:12.897605+00:00,AAPL260821P00360000,2025-12-03 18:05:13+00:00,360.0,74.3,95.95,98.7,0.0,0.0,,0.0,1.0000000000000003e-05,True,REGULAR,USD
AAPL,2026-08-21,put,2026-01-21T21:40:12.897605+00:00,AAPL260821P00370000,2025-12-26 18:50:05+00:00,370.0,95.11,120.9,123.65,0.0,0.0,1.0,1.0,0.3100654931640625,True,REGULAR,USD
AAPL,2026-08-21,put,2026-01-21T21:40:12.897605+00:00,AAPL260821P00380000,2025-10-16 19:14:03+00:00,380.0,133.25,102.6,105.95,0.0,0.0,,0.0,1.0000000000000003e-05,True,REGULAR,USD
AAPL,2026-08-21,put,2026-01-21T21:40:12.897605+00:00,AAPL260821P00440000,2025-11-03 16:35:13+00:00,440.0,172.79,175.45,178.7,0.0,0.0,1.0,0.0,1.0000000000000003e-05,True,REGULAR,USD
AAPL,2027-06-17,call,2026-01-21T21:40:13.015592+00:00,AAPL270617C00005000,2025-12-09 16:58:45+00:00,5.0,273.0,240.7,244.6,0.0,0.0,,0.0,0.500005,True,REGULAR,USD
AAPL,2027-06-17,call,2026-01-21T21:40:13.015592+00:00,AAPL270617C00015000,2026-01-14 14:30:08+00:00,15.0,244.87,230.85,234.75,0.0,0.0,1.0,1.0,0.9697268652343749,True,REGULAR,USD
AAPL,2027-06-17,call,2026-01-21T21:40:13.015592+00:00,AAPL270617C00050000,2025-11-24 14:30:02+00:00,50.0,223.45,212.65,216.65,0.0,0.0,1.0,9.0,1.556093528137207,True,REGULAR,USD
AAPL,2027-06-17,call,2026-01-21T21:40:13.015592+00:00,AAPL270617C00055000,2026-01-21 20:49:16+00:00,55.0,195.13,192.85,196.8,0.020004272,0.0102528175,1.0,53.0,0.7796652893066407,True,REGULAR,USD
AAPL,2027-06-17,call,2026-01-21T21:40:13.015592+00:00,AAPL270617C00060000,2025-11-21 15:24:28+00:00,60.0,213.0,203.3,207.15,0.0,0.0,12.0,16.0,1.3847076663208004,True,REGULAR,USD
AAPL,2027-06-17,call,2026-01-21T21:40:13.015592+00:00,AAPL270617C00065000,2026-01-07 19:53:46+00:00,65.0,199.19,183.75,187.3,0.0,0.0,1.0,5.0,0.7395045581054687,True,REGULAR,USD
AAPL,2027-06-17,call,2026-01-21T21:40:13.015592+00:00,AAPL270617C00070000,2026-01-15 16:36:49+00:00,70.0,192.88,178.9,182.7,0.0,0.0,4.0,5.0,0.7154569470214844,True,REGULAR,USD
AAPL,2027-06-17,call,2026-01-21T21:40:13.015592+00:00,AAPL270617C00075000,2025-07-21 16:21:46+00:00,75.0,143.0,182.8,186.5,0.0,0.0,1.0,42.0,1.003667091064453,True,REGULAR,USD
AAPL,2027-06-17,call,2026-01-21T21:40:13.015592+00:00,AAPL270617C00080000,2025-10-22 13:32:36+00:00,80.0,184.62,199.5,203.3,0.0,0.0,1.0,232.0,1.5413230941772458,True,REGULAR,USD
AAPL,2027-06-17,call,2026-01-21T21:40:13.015592+00:00,AAPL270617C00085000,2026-01-08 16:44:01+00:00,85.0,177.0,164.8,168.65,0.0,0.0,1.0,99.0,0.6527744683837893,True,REGULAR,USD
AAPL,2027-06-17,call,2026-01-21T21:40:13.015592+00:00,AAPL270617C00090000,2025-07-30 17:14:51+00:00,90.0,124.8,169.05,172.75,0.0,0.0,3.0,15.0,0.8963023065185545,True,REGULAR,USD
AAPL,2027-06-17,call,2026-01-21T21:40:13.015592+00:00,AAPL270617C00095000,2025-09-22 18:01:52+00:00,95.0,165.15,0.0,0.0,0.0,0.0,1.0,40.0,1.0000000000000003e-05,True,REGULAR,USD
AAPL,2027-06-17,call,2026-01-21T21:40:13.015592+00:00,AAPL270617C00100000,2026-01-21 18:02:19+00:00,100.0,149.7,151.15,154.7,-12.600006,-7.763405,9.0,131.0,0.603763728027344,True,REGULAR,USD
AAPL,2027-06-17,call,2026-01-21T21:40:13.015592+00:00,AAPL270617C00105000,2025-12-24 17:56:10+00:00,105.0,174.35,146.55,150.1,0.0,0.0,3.0,34.0,0.5875285388183593,True,REGULAR,USD
AAPL,2027-06-17,call,2026-01-21T21:40:13.015592+00:00,AAPL270617C00110000,2026-01-15 20:36:50+00:00,110.0,153.33,141.95,145.55,0.0,0.0,1.0,41.0,0.5721478332519532,True,REGULAR,USD
AAPL,2027-06-17,call,2026-01-21T21:40:13.015592+00:00,AAPL270617C00115000,2026-01-14 15:41:07+00:00,115.0,151.03,137.4,141.0,0.0,0.0,28.0,215.0,0.557469024963379,True,REGULAR,USD
AAPL,2027-06-17,call,2026-01-21T21:40:13.015592+00:00,AAPL270617C00120000,2026-01-14 15:41:07+00:00,120.0,146.35,132.9,136.45,0.0,0.0,28.0,85.0,0.5434005621337892,True,REGULAR,USD
AAPL,2027-06-17,call,2026-01-21T21:40:13.015592+00:00,AAPL270617C00125000,2026-01-16 17:13:14+00:00,125.0,138.52,128.4,131.95,0.0,0.0,42.0,147.0,0.5297898583984376,True,REGULAR,USD
AAPL,2027-06-17,call,2026-01-21T21:40:13.015592+00:00,AAPL270617C00130000,2026-01-13 17:24:40+00:00,130.0,138.55,123.9,127.25,0.0,0.0,66.0,310.0,0.5139819110107422,True,REGULAR,USD
AAPL,2027-06-17,call,2026-01-21T21:40:13.015592+00:00,AAPL270617C00135000,2026-01-12 18:19:11+00:00,135.0,134.05,119.45,122.85,0.0,0.0,24.0,122.0,0.5018970709228516,True,REGULAR,USD
AAPL,2027-06-17,call,2026-01-21T21:40:13.015592+00:00,AAPL270617C00140000,2026-01-16 18:22:56+00:00,140.0,124.49,115.65,118.6,0.0,0.0,1.0,265.0,0.5245408874511719,True,REGULAR,USD
AAPL,2027-06-17,call,2026-01-21T21:40:13.015592+00:00,AAPL270617C00145000,2026-01-21 15:59:02+00:00,145.0,115.31,112.05,113.4,-9.7400055,-7.7888885,3.0,145.0,0.4967396517944337,True,REGULAR,USD
AAPL,2027-06-17,call,2026-01-21T21:40:13.015592+00:00,AAPL270617C00150000,2026-01-21 15:59:47+00:00,150.0,108.53,107.8,109.0,-2.7399979,-2.4624767,2.0,182.0,0.48352567260742196,True,REGULAR,USD
AAPL,2027-06-17,call,2026-01-21T21:40:13.015592+00:00,AAPL270617C00155000,2025-12-04 17:58:50+00:00,155.0,136.3,116.8,119.35,0.0,0.0,2.0,138.0,0.6676363803100588,True,REGULAR,USD
AAPL,2027-06-17,call,2026-01-21T21:40:13.015592+00:00,AAPL270617C00160000,2026-01-20 20:55:00+00:00,160.0,97.65,99.0,100.25,0.0,0.0,1.0,302.0,0.457585990600586,True,REGULAR,USD
AAPL,2027-06-17,call,2026-01-21T21:40:13.015592+00:00,AAPL270617C00165000,2026-01-20 20:50:00+00:00,165.0,92.2,94.85,96.0,0.0,0.0,1.0,153.0,0.4462640823364258,True,REGULAR,USD
AAPL,2027-06-17,call,2026-01-21T21:40:13.015592+00:00,AAPL270617C00170000,2026-01-20 20:55:00+00:00,170.0,89.4,90.7,91.9,0.0,0.0,2.0,242.0,0.43677321044921874,True,REGULAR,USD
AAPL,2027-06-17,call,2026-01-21T21:40:13.015592+00:00,AAPL270617C00175000,2026-01-12 14:55:14+00:00,175.0,97.1,87.0,87.45,0.0,0.0,2.0,306.0,0.4221859539794922,True,REGULAR,USD
AAPL,2027-06-17,call,2026-01-21T21:40:13.015592+00:00,AAPL270617C00180000,2026-01-21 16:49:30+00:00,180.0,82.08,83.0,83.6,-2.9700012,-3.4920647,2.0,961.0,0.4152585330200196,True,REGULAR,USD
AAPL,2027-06-17,call,2026-01-21T21:40:13.015592+00:00,AAPL270617C00185000,2026-01-21 14:35:17+00:00,185.0,79.35,79.1,79.95,-0.7799988,-0.9734167,1.0,169.0,0.41014688980102537,True,REGULAR,USD
AAPL,2027-06-17,call,2026-01-21T21:40:13.015592+00:00,AAPL270617C00190000,2026-01-21 19:46:25+00:00,190.0,77.5,75.3,75.7,-0.6500015,-0.8317358,2.0,667.0,0.39722282470703124,True,REGULAR,USD
AAPL,2027-06-17,call,2026-01-21T21:40:13.015592+00:00,AAPL270617C00195000,2026-01-20 20:50:00+00:00,195.0,69.0,71.6,71.95,0.0,0.0,1.0,353.0,0.38977661010742193,True,REGULAR,USD
AAPL,2027-06-17,call,2026-01-21T21:40:13.015592+00:00,AAPL270617C00200000,2026-01-21 20:15:56+00:00,200.0,70.0,67.95,68.3,2.949997,4.399697,77.0,7255.0,0.38281867187499996,True,REGULAR,USD
AAPL,2027-06-17,call,2026-01-21T21:40:13.015592+00:00,AAPL270617C00210000,2026-01-21 19:44:06+00:00,210.0,62.25,60.9,61.2,2.0999985,3.491269,8.0,3543.0,0.3690858990478516,True,REGULAR,USD
AAPL,2027-06-17,call,2026-01-21T21:40:13.015592+00:00,AAPL270617C00220000,2026-01-21 20:17:25+00:00,220.0,54.49,54.2,54.55,2.040001,3.8894203,8.0,3932.0,0.3572146798706054,True,REGULAR,USD
AAPL,2027-06-17,call,2026-01-21T21:40:13.015592+00:00,AAPL270617C00230000,2026-01-21 20:39:09+00:00,230.0,48.75,47.9,48.2,1.5499992,3.2838967,9.0,3460.0,0.345358719329834,True,REGULAR,USD
AAPL,2027-06-17,call,2026-01-21T21:40:13.015592+00:00,AAPL270617C00240000,2026-01-21 19:58:49+00:00,240.0,44.0,42.0,42.3,2.5800018,6.2288795,244.0,1149.0,0.3346624151611328,True,REGULAR,USD
AAPL,2027-06-17,call,2026-01-21T21:40:13.015592+00:00,AAPL270617C00250000,2026-01-21 20:20:12+00:00,250.0,38.0,36.6,36.9,1.7999992,4.9723735,111.0,2601.0,0.32532412963867186,False,REGULAR,USD
AAPL,2027-06-17,call,2026-01-21T21:40:13.015592+00:00,AAPL270617C00260000,2026-01-21 20:58:45+00:00,260.0,31.9,31.65,31.95,1.3500004,4.4189863,272.0,3150.0,0.3167030000305175,False,REGULAR,USD
AAPL,2027-06-17,call,2026-01-21T21:40:13.015592+00:00,AAPL270617C00270000,2026-01-21 20:56:15+00:00,270.0,27.2,27.15,27.45,0.38000107,1.4168571,77.0,3857.0,0.3087227331542969,False,REGULAR,USD
AAPL,2027-06-17,call,2026-01-21T21:40:13.015592+00:00,AAPL270617C00280000,2026-01-21 20:47:16+00:00,280.0,23.57,23.15,23.45,1.2199993,5.4586096,32.0,6756.0,0.30178005355834964,False,REGULAR,USD
AAPL,2027-06-17,call,2026-01-21T21:40:13.015592+00:00,AAPL270617C00290000,2026-01-21 19:45:17+00:00,290.0,20.75,19.65,19.9,1.25,6.4102564,50.0,2155.0,0.29549349533081054,False,REGULAR,USD
AAPL,2027-06-17,call,2026-01-21T21:40:13.015592+00:00,AAPL270617C00300000,2026-01-21 20:30:01+00:00,300.0,17.0,16.55,16.75,0.54999924,3.3434603,254.0,4197.0,0.28955788574218744,False,REGULAR,USD
AAPL,2027-06-17,call,2026-01-21T21:40:13.015592+00:00,AAPL270617C00310000,2026-01-21 20:38:03+00:00,310.0,14.3,13.9,14.1,0.4499998,3.249096,66.0,1337.0,0.28507184661865226,False,REGULAR,USD
AAPL,2027-06-17,call,2026-01-21T21:40:13.015592+00:00,AAPL270617C00320000,2026-01-21 20:20:28+00:00,320.0,12.3,11.6,11.8,0.8000002,6.956523,25.0,2916.0,0.2809367561340332,False,REGULAR,USD
AAPL,2027-06-17,call,2026-01-21T21:40:13.015592+00:00,AAPL270617C00330000,2026-01-21 19:43:35+00:00,330.0,10.2,9.7,9.9,0.8499994,9.090902,104.0,2780.0,0.2779918392944336,False,REGULAR,USD
AAPL,2027-06-17,call,2026-01-21T21:40:13.015592+00:00,AAPL270617C00340000,2026-01-21 19:39:07+00:00,340.0,8.4,8.1,8.25,0.14999962,1.8181772,57.0,1857.0,0.27503166381835936,False,REGULAR,USD
AAPL,2027-06-17,call,2026-01-21T21:40:13.015592+00:00,AAPL270617C00350000,2026-01-21 20:51:08+00:00,350.0,6.77,6.75,6.9,0.32000017,4.9612427,26.0,3180.0,0.2730175238037109,False,REGULAR,USD
AAPL,2027-06-17,call,2026-01-21T21:40:13.015592+00:00,AAPL270617C00360000,2026-01-21 20:06:57+00:00,360.0,6.1,5.6,5.85,0.7999997,15.094334,5.0,409.0,0.2725292474365234,False,REGULAR,USD
AAPL,2027-06-17,call,2026-01-21T21:40:13.015592+00:00,AAPL270617C00370000,2026-01-21 20:41:19+00:00,370.0,4.93,4.65,4.85,0.119999886,2.4948,4.0,274.0,0.2704845901489258,False,REGULAR,USD
AAPL,2027-06-17,call,2026-01-21T21:40:13.015592+00:00,AAPL270617C00380000,2026-01-21 16:39:26+00:00,380.0,3.9,3.9,4.05,-0.7999997,-17.02127,1.0,258.0,0.26929441650390623,False,REGULAR,USD
AAPL,2027-06-17,call,2026-01-21T21:40:13.015592+00:00,AAPL270617C00390000,2026-01-20 18:39:27+00:00,390.0,3.45,3.3,3.45,0.0,0.0,2.0,342.0,0.26959958923339844,False,REGULAR,USD
AAPL,2027-06-17,call,2026-01-21T21:40:13.015592+00:00,AAPL270617C00400000,2026-01-21 20:30:29+00:00,400.0,2.95,2.82,2.89,0.25,9.259259,15.0,1045.0,0.26889769195556634,False,REGULAR,USD
AAPL,2027-06-17,call,2026-01-21T21:40:13.015592+00:00,AAPL270617C00410000,2026-01-20 15:24:48+00:00,410.0,2.7,2.38,2.48,0.0,0.0,2.0,302.0,0.26972165832519535,False,REGULAR,USD
AAPL,2027-06-17,call,2026-01-21T21:40:13.015592+00:00,AAPL270617C00420000,2026-01-20 19:36:51+00:00,420.0,2.05,2.04,2.13,0.0,0.0,8.0,361.0,0.270515107421875,False,REGULAR,USD
AAPL,2027-06-17,call,2026-01-21T21:40:13.015592+00:00,AAPL270617C00430000,2026-01-20 17:55:32+00:00,430.0,1.9,1.76,1.85,0.0,0.0,5.0,552.0,0.2717968328857422,False,REGULAR,USD
AAPL,2027-06-17,call,2026-01-21T21:40:13.015592+00:00,AAPL270617C00440000,2026-01-21 20:51:19+00:00,440.0,1.55,1.52,1.61,0.049999952,3.3333302,14.0,303.0,0.2731395928955078,False,REGULAR,USD
AAPL,2027-06-17,call,2026-01-21T21:40:13.015592+00:00,AAPL270617C00450000,2026-01-21 20:59:57+00:00,450.0,1.38,1.32,1.38,0.08000004,6.153849,1.0,1611.0,0.27362786926269533,False,REGULAR,USD
AAPL,2027-06-17,call,2026-01-21T21:40:13.015592+00:00,AAPL270617C00460000,2026-01-20 15:59:06+00:00,460.0,1.27,1.1,1.25,0.0,0.0,20.0,128.0,0.2766185620117187,False,REGULAR,USD
AAPL,2027-06-17,call,2026-01-21T21:40:13.015592+00:00,AAPL270617C00470000,2026-01-21 19:00:08+00:00,470.0,1.03,0.96,1.14,-1.9200001,-65.08475,1.0,8.0,0.2797923583984374,False,REGULAR,USD
AAPL,2027-06-17,call,2026-01-21T21:40:13.015592+00:00,AAPL270617C00480000,2026-01-21 19:46:37+00:00,480.0,0.98,0.85,1.02,0.050000012,5.376345,1.0,78.0,0.28186753295898437,False,REGULAR,USD
AAPL,2027-06-17,call,2026-01-21T21:40:13.015592+00:00,AAPL270617C00490000,2026-01-15 18:40:44+00:00,490.0,1.09,0.75,0.92,0.0,0.0,21.0,25.0,0.28412581115722646,False,REGULAR,USD
AAPL,2027-06-17,call,2026-01-21T21:40:13.015592+00:00,AAPL270617C00500000,2026-01-21 16:49:16+00:00,500.0,0.75,0.67,0.83,0.00999999,1.3513501,1.0,197.0,0.28626202026367187,False,REGULAR,USD
AAPL,2027-06-17,call,2026-01-21T21:40:13.015592+00:00,AAPL270617C00510000,2026-01-05 16:39:23+00:00,510.0,1.0,0.59,0.75,0.0,0.0,10.0,16.0,0.28833719482421866,False,REGULAR,USD
AAPL,2027-06-17,call,2026-01-21T21:40:13.015592+00:00,AAPL270617C00520000,2025-12-30 16:30:36+00:00,520.0,0.96,0.52,0.69,0.0,0.0,10.0,95.0,0.2910227148437499,False,REGULAR,USD
AAPL,2027-06-17,call,2026-01-21T21:40:13.015592+00:00,AAPL270617C00530000,2026-01-12 14:30:00+00:00,530.0,0.62,0.47,0.63,0.0,0.0,2.0,134.0,0.2933420275878905,False,REGULAR,USD
AAPL,2027-06-17,call,2026-01-21T21:40:13.015592+00:00,AAPL270617C00540000,2026-01-20 18:57:56+00:00,540.0,0.5,0.42,0.58,0.0,0.0,2.0,2.0,0.2957834094238281,False,REGULAR,USD
AAPL,2027-06-17,call,2026-01-21T21:40:13.015592+00:00,AAPL270617C00550000,2026-01-14 15:26:55+00:00,550.0,0.61,0.4,0.54,0.0,0.0,1.0,156.0,0.2985909985351562,False,REGULAR,USD
AAPL,2027-06-17,put,2026-01-21T21:40:13.015592+00:00,AAPL270617P00005000,2025-12-09 17:00:55+00:00,5.0,0.01,0.0,0.24,0.0,0.0,1.0,13.0,1.3750031249999999,False,REGULAR,USD
AAPL,2027-06-17,put,2026-01-21T21:40:13.015592+00:00,AAPL270617P00010000,2025-11-11 15:07:56+00:00,10.0,0.01,0.0,0.03,0.0,0.0,5.0,7.0,0.8906260937499999,False,REGULAR,USD
AAPL,2027-06-17,put,2026-01-21T21:40:13.015592+00:00,AAPL270617P00015000,2025-11-06 16:40:55+00:00,15.0,0.03,0.0,0.05,0.0,0.0,,1.0,0.804689453125,False,REGULAR,USD
AAPL,2027-06-17,put,2026-01-21T21:40:13.015592+00:00,AAPL270617P00020000,2025-11-06 16:40:55+00:00,20.0,0.04,0.0,0.05,0.0,0.0,,1.0,0.7187528125,False,REGULAR,USD
AAPL,2027-06-17,put,2026-01-21T21:40:13.015592+00:00,AAPL270617P00025000,2025-11-24 16:29:19+00:00,25.0,0.06,0.0,0.06,0.0,0.0,,40.0,0.6640658593750002,False,REGULAR,USD
AAPL,2027-06-17,put,2026-01-21T21:40:13.015592+00:00,AAPL270617P00030000,2025-12-16 20:02:51+00:00,30.0,0.08,0.0,0.27,0.0,0.0,1.0,37.0,0.711916943359375,False,REGULAR,USD
AAPL,2027-06-17,put,2026-01-21T21:40:13.015592+00:00,AAPL270617P00035000,2025-11-24 16:29:19+00:00,35.0,0.11,0.01,0.1,0.0,0.0,,106.0,0.5976602734375001,False,REGULAR,USD
AAPL,2027-06-17,put,2026-01-21T21:40:13.015592+00:00,AAPL270617P00045000,2026-01-07 14:46:33+00:00,45.0,0.07,0.03,0.32,0.0,0.0,,135.0,0.5918009570312501,False,REGULAR,USD
AAPL,2027-06-17,put,2026-01-21T21:40:13.015592+00:00,AAPL270617P00050000,2026-01-20 15:36:32+00:00,50.0,0.11,0.05,0.29,0.0,0.0,10.0,709.0,0.5537154003906251,False,REGULAR,USD
AAPL,2027-06-17,put,2026-01-21T21:40:13.015592+00:00,AAPL270617P00055000,2025-12-24 14:40:35+00:00,55.0,0.15,0.1,1.15,0.0,0.0,1.0,18.0,0.6225623681640625,False,REGULAR,USD
AAPL,2027-06-17,put,2026-01-21T21:40:13.015592+00:00,AAPL270617P00060000,2026-01-08 17:09:47+00:00,60.0,0.21,0.12,0.42,0.0,0.0,1.0,64.0,0.5214891601562499,False,REGULAR,USD
AAPL,2027-06-17,put,2026-01-21T21:40:13.015592+00:00,AAPL270617P00065000,2025-12-09 19:23:27+00:00,65.0,0.26,0.16,0.47,0.0,0.0,1.0,28.0,0.5029346582031251,False,REGULAR,USD
AAPL,2027-06-17,put,2026-01-21T21:40:13.015592+00:00,AAPL270617P00070000,2025-12-18 14:32:42+00:00,70.0,0.31,0.21,0.35,0.0,0.0,3.0,24.0,0.48291532714843755,False,REGULAR,USD
AAPL,2027-06-17,put,2026-01-21T21:40:13.015592+00:00,AAPL270617P00075000,2025-12-24 17:22:05+00:00,75.0,0.29,0.3,0.41,0.0,0.0,346.0,532.0,0.4682670361328125,False,REGULAR,USD
AAPL,2027-06-17,put,2026-01-21T21:40:13.015592+00:00,AAPL270617P00080000,2026-01-20 20:11:36+00:00,80.0,0.41,0.33,0.48,0.0,0.0,12.0,153.0,0.4545952978515625,False,REGULAR,USD
AAPL,2027-06-17,put,2026-01-21T21:40:13.015592+00:00,AAPL270617P00085000,2026-01-20 20:51:11+00:00,85.0,0.52,0.41,0.56,0.0,0.0,20.0,67.0,0.44165597412109375,False,REGULAR,USD
AAPL,2027-06-17,put,2026-01-21T21:40:13.015592+00:00,AAPL270617P00090000,2026-01-20 17:59:03+00:00,90.0,0.6,0.5,0.66,0.0,0.0,5.0,66.0,0.43066975585937506,False,REGULAR,USD
AAPL,2027-06-17,put,2026-01-21T21:40:13.015592+00:00,AAPL270617P00095000,2025-12-09 15:07:31+00:00,95.0,0.65,0.64,0.77,0.0,0.0,1.0,158.0,0.41968353759765625,False,REGULAR,USD
AAPL,2027-06-17,put,2026-01-21T21:40:13.015592+00:00,AAPL270617P00100000,2026-01-15 14:51:22+00:00,100.0,0.68,0.78,0.84,0.0,0.0,2.0,1281.0,0.4050352465820312,False,REGULAR,USD
AAPL,2027-06-17,put,2026-01-21T21:40:13.015592+00:00,AAPL270617P00105000,2026-01-13 14:44:36+00:00,105.0,0.8,0.92,1.04,0.0,0.0,1.0,432.0,0.39978627563476565,False,REGULAR,USD
AAPL,2027-06-17,put,2026-01-21T21:40:13.015592+00:00,AAPL270617P00110000,2026-01-08 19:23:54+00:00,110.0,1.51,1.08,1.15,0.49,48.039215,2.0,82.0,0.38733522827148437,False,REGULAR,USD
AAPL,2027-06-17,put,2026-01-21T21:40:13.015592+00:00,AAPL270617P00115000,2026-01-15 17:57:07+00:00,115.0,1.11,1.26,1.39,0.0,0.0,10.0,58.0,0.38196418823242184,False,REGULAR,USD
AAPL,2027-06-17,put,2026-01-21T21:40:13.015592+00:00,AAPL270617P00120000,2026-01-20 19:44:54+00:00,120.0,1.52,1.47,1.54,0.0,0.0,2.0,455.0,0.3707338317871094,False,REGULAR,USD
AAPL,2027-06-17,put,2026-01-21T21:40:13.015592+00:00,AAPL270617P00125000,2026-01-20 18:47:15+00:00,125.0,1.73,1.7,1.85,0.0,0.0,2.0,596.0,0.366217275390625,False,REGULAR,USD
AAPL,2027-06-17,put,2026-01-21T21:40:13.015592+00:00,AAPL270617P00130000,2026-01-14 16:51:11+00:00,130.0,1.8,1.96,2.12,0.0,0.0,2.0,409.0,0.35864899169921877,False,REGULAR,USD
AAPL,2027-06-17,put,2026-01-21T21:40:13.015592+00:00,AAPL270617P00135000,2026-01-14 18:42:40+00:00,135.0,2.04,2.27,2.44,0.0,0.0,1.0,466.0,0.35193519165039056,False,REGULAR,USD
AAPL,2027-06-17,put,2026-01-21T21:40:13.015592+00:00,AAPL270617P00140000,2026-01-20 14:46:47+00:00,140.0,2.49,2.61,2.71,0.0,0.0,1.0,154.0,0.34278000976562495,False,REGULAR,USD
AAPL,2027-06-17,put,2026-01-21T21:40:13.015592+00:00,AAPL270617P00145000,2026-01-20 18:43:03+00:00,145.0,3.06,2.99,3.1,0.0,0.0,5.0,255.0,0.33649345153808596,False,REGULAR,USD
AAPL,2027-06-17,put,2026-01-21T21:40:13.015592+00:00,AAPL270617P00150000,2026-01-21 15:38:32+00:00,150.0,3.31,3.4,3.55,-0.03999996,-1.1940287,11.0,2526.0,0.33075620422363283,False,REGULAR,USD
AAPL,2027-06-17,put,2026-01-21T21:40:13.015592+00:00,AAPL270617P00155000,2026-01-21 16:20:38+00:00,155.0,3.97,3.85,4.05,0.47000003,13.428573,14.0,151.0,0.32520206054687495,False,REGULAR,USD
AAPL,2027-06-17,put,2026-01-21T21:40:13.015592+00:00,AAPL270617P00160000,2026-01-20 18:43:18+00:00,160.0,4.6,4.4,4.55,0.089999676,1.9955581,47.0,1255.0,0.3186103295898437,False,REGULAR,USD
AAPL,2027-06-17,put,2026-01-21T21:40:13.015592+00:00,AAPL270617P00165000,2026-01-21 15:17:56+00:00,165.0,5.12,5.0,5.15,1.0099998,24.574203,6.0,1458.0,0.3131477377319336,False,REGULAR,USD
AAPL,2027-06-17,put,2026-01-21T21:40:13.015592+00:00,AAPL270617P00170000,2026-01-21 16:20:38+00:00,170.0,5.73,5.65,5.8,-0.119999886,-2.05128,15.0,1977.0,0.3075935940551757,False,REGULAR,USD
AAPL,2027-06-17,put,2026-01-21T21:40:13.015592+00:00,AAPL270617P00175000,2026-01-16 16:28:23+00:00,175.0,5.52,6.35,6.55,0.0,0.0,41.0,858.0,0.30277186492919916,False,REGULAR,USD
AAPL,2027-06-17,put,2026-01-21T21:40:13.015592+00:00,AAPL270617P00180000,2026-01-21 16:32:37+00:00,180.0,7.2,7.15,7.3,-0.7600002,-9.547742,13.0,2544.0,0.2969125485229491,False,REGULAR,USD
AAPL,2027-06-17,put,2026-01-21T21:40:13.015592+00:00,AAPL270617P00185000,2026-01-21 20:33:24+00:00,185.0,8.05,8.0,8.2,-0.3000002,-3.5928166,149.0,630.0,0.29230444030761704,False,REGULAR,USD
AAPL,2027-06-17,put,2026-01-21T21:40:13.015592+00:00,AAPL270617P00190000,2026-01-20 20:55:27+00:00,190.0,9.65,8.9,9.1,0.0,0.0,26.0,1074.0,0.2866892620849609,False,REGULAR,USD
AAPL,2027-06-17,put,2026-01-21T21:40:13.015592+00:00,AAPL270617P00195000,2026-01-21 16:45:59+00:00,195.0,10.38,9.95,10.15,-0.2699995,-2.5352068,3.0,4437.0,0.2820506365966796,False,REGULAR,USD
AAPL,2027-06-17,put,2026-01-21T21:40:13.015592+00:00,AAPL270617P00200000,2026-01-21 15:57:02+00:00,200.0,11.05,11.05,11.3,-0.9499998,-7.9166656,79.0,3935.0,0.27761037338256833,False,REGULAR,USD
AAPL,2027-06-17,put,2026-01-21T21:40:13.015592+00:00,AAPL270617P00210000,2026-01-21 14:59:49+00:00,210.0,14.03,13.55,13.8,-0.7400007,-5.010161,10.0,1221.0,0.2678906219482422,False,REGULAR,USD
AAPL,2027-06-17,put,2026-01-21T21:40:13.015592+00:00,AAPL270617P00220000,2026-01-21 18:25:48+00:00,220.0,17.19,16.45,16.7,-0.26000023,-1.4899726,90.0,1875.0,0.25832345687866215,False,REGULAR,USD
AAPL,2027-06-17,put,2026-01-21T21:40:13.015592+00:00,AAPL270617P00230000,2026-01-21 19:58:49+00:00,230.0,19.0,19.8,20.05,-1.75,-8.433735,157.0,2529.0,0.24898517135620118,False,REGULAR,USD
AAPL,2027-06-17,put,2026-01-21T21:40:13.015592+00:00,AAPL270617P00240000,2026-01-21 20:37:42+00:00,240.0,23.6,23.65,23.9,-0.14999962,-0.6315773,258.0,1921.0,0.23993679992675776,False,REGULAR,USD
AAPL,2027-06-17,put,2026-01-21T21:40:13.015592+00:00,AAPL270617P00250000,2026-01-21 20:10:18+00:00,250.0,26.76,27.95,28.3,-1.3400002,-4.768684,2.0,2460.0,0.2312393771362305,True,REGULAR,USD
AAPL,2027-06-17,put,2026-01-21T21:40:13.015592+00:00,AAPL270617P00260000,2026-01-21 20:06:42+00:00,260.0,31.5,32.85,33.2,-1.25,-3.816794,17.0,3298.0,0.22220626434326168,True,REGULAR,USD
AAPL,2027-06-17,put,2026-01-21T21:40:13.015592+00:00,AAPL270617P00270000,2026-01-21 20:06:42+00:00,270.0,36.77,38.25,38.65,-1.9300003,-4.9870806,1.0,1071.0,0.21297478927612307,True,REGULAR,USD
AAPL,2027-06-17,put,2026-01-21T21:40:13.015592+00:00,AAPL270617P00280000,2026-01-21 14:34:41+00:00,280.0,45.14,44.25,44.7,-1.8600006,-3.957448,1.0,1040.0,0.2038043487548828,True,REGULAR,USD
AAPL,2027-06-17,put,2026-01-21T21:40:13.015592+00:00,AAPL270617P00290000,2026-01-20 16:56:35+00:00,290.0,49.0,50.9,51.35,0.0,0.0,6.0,382.0,0.1945423564147949,True,REGULAR,USD
AAPL,2027-06-17,put,2026-01-21T21:40:13.015592+00:00,AAPL270617P00300000,2026-01-15 14:51:22+00:00,300.0,49.68,58.05,58.6,0.0,0.0,2.0,129.0,0.18518881225585934,True,REGULAR,USD
AAPL,2027-06-17,put,2026-01-21T21:40:13.015592+00:00,AAPL270617P00310000,2026-01-08 18:52:51+00:00,310.0,59.18,65.9,66.4,0.0,0.0,1.0,152.0,0.17527069854736327,True,REGULAR,USD
AAPL,2027-06-17,put,2026-01-21T21:40:13.015592+00:00,AAPL270617P00320000,2026-01-08 18:52:51+00:00,320.0,66.83,72.75,76.15,0.0,0.0,1.0,53.0,0.18741657318115235,True,REGULAR,USD
AAPL,2027-06-17,put,2026-01-21T21:40:13.015592+00:00,AAPL270617P00330000,2026-01-20 20:18:30+00:00,330.0,84.22,81.65,85.0,0.0,0.0,40.0,56.0,0.18329674133300777,True,REGULAR,USD
AAPL,2027-06-17,put,2026-01-21T21:40:13.015592+00:00,AAPL270617P00340000,2026-01-07 16:38:14+00:00,340.0,79.84,91.0,93.55,0.0,0.0,2.0,29.0,0.16480327392578126,True,REGULAR,USD
AAPL,2027-06-17,put,2026-01-21T21:40:13.015592+00:00,AAPL270617P00350000,2026-01-08 16:14:18+00:00,350.0,94.08,101.1,104.3,0.0,0.0,22.0,62.0,0.19489330505371094,True,REGULAR,USD
AAPL,2027-06-17,put,2026-01-21T21:40:13.015592+00:00,AAPL270617P00360000,2026-01-07 16:38:17+00:00,360.0,98.4,110.45,114.3,0.0,0.0,2.0,0.0,0.206489868774414,True,REGULAR,USD
AAPL,2027-06-17,put,2026-01-21T21:40:13.015592+00:00,AAPL270617P00370000,2026-01-07 16:38:59+00:00,370.0,108.37,120.45,124.35,0.0,0.0,2.0,0.0,0.21881884704589843,True,REGULAR,USD
AAPL,2027-06-17,put,2026-01-21T21:40:13.015592+00:00,AAPL270617P00380000,2026-01-07 16:39:08+00:00,380.0,118.37,130.4,134.3,0.0,0.0,2.0,0.0,0.2283402362060547,True,REGULAR,USD
AAPL,2027-06-17,put,2026-01-21T21:40:13.015592+00:00,AAPL270617P00390000,2025-12-22 20:55:00+00:00,390.0,119.3,140.4,144.35,0.0,0.0,1.0,0.0,0.23984524810791014,True,REGULAR,USD
AAPL,2027-06-17,put,2026-01-21T21:40:13.015592+00:00,AAPL270617P00400000,2025-12-09 19:37:35+00:00,400.0,121.55,150.45,154.35,0.0,0.0,2.0,0.0,0.24976336181640624,True,REGULAR,USD
AAPL,2027-06-17,put,2026-01-21T21:40:13.015592+00:00,AAPL270617P00410000,2026-01-05 20:54:50+00:00,410.0,143.1,160.45,164.35,0.0,0.0,1.0,0.0,0.25937630279541024,True,REGULAR,USD
AAPL,2027-06-17,put,2026-01-21T21:40:13.015592+00:00,AAPL270617P00420000,2026-01-05 20:54:50+00:00,420.0,152.95,170.45,174.35,0.0,0.0,20.0,0.0,0.2686230364990234,True,REGULAR,USD
AAPL,2027-06-17,put,2026-01-21T21:40:13.015592+00:00,AAPL270617P00430000,2025-02-12 14:45:18+00:00,430.0,198.33,215.5,220.5,0.0,0.0,3.0,0.0,0.6695437098693848,True,REGULAR,USD
AAPL,2027-06-17,put,2026-01-21T21:40:13.015592+00:00,AAPL270617P00440000,2025-03-03 14:30:10+00:00,440.0,197.65,0.0,0.0,0.0,0.0,1.0,0.0,1.0000000000000003e-05,True,REGULAR,USD
AAPL,2027-06-17,put,2026-01-21T21:40:13.015592+00:00,AAPL270617P00450000,2025-12-09 19:45:41+00:00,450.0,171.94,200.4,204.35,0.0,0.0,2.0,0.0,0.2947458221435546,True,REGULAR,USD
AAPL,2027-06-17,put,2026-01-21T21:40:13.015592+00:00,AAPL270617P00460000,2025-12-15 20:39:13+00:00,460.0,186.3,210.4,214.35,0.0,0.0,,0.0,0.30286341674804684,True,REGULAR,USD
AAPL,2027-06-17,put,2026-01-21T21:40:13.015592+00:00,AAPL270617P00480000,2025-11-24 20:50:00+00:00,480.0,203.65,217.1,217.6,0.0,0.0,,0.0,1.0000000000000003e-05,True,REGULAR,USD
NVDA,2026-08-21,call,2026-01-21T21:40:14.439057+00:00,NVDA260821C00015000,2026-01-15 15:07:26+00:00,15.0,172.99,166.8,171.3,0.0,0.0,2.0,2.0,1.7626964990234375,True,REGULAR,USD
NVDA,2026-08-21,call,2026-01-21T21:40:14.439057+00:00,NVDA260821C00025000,2025-12-30 18:58:04+00:00,25.0,163.9,156.9,161.3,0.0,0.0,,0.0,1.396487392578125,True,REGULAR,USD
NVDA,2026-08-21,call,2026-01-21T21:40:14.439057+00:00,NVDA260821C00030000,2026-01-16 20:02:13+00:00,30.0,158.77,152.1,156.6,0.0,0.0,1.0,2.0,1.3315463110351557,True,REGULAR,USD
NVDA,2026-08-21,call,2026-01-21T21:40:14.439057+00:00,NVDA260821C00035000,2026-01-06 19:39:07+00:00,35.0,153.98,147.05,151.65,0.0,0.0,10.0,12.0,1.2172890698242185,True,REGULAR,USD
NVDA,2026-08-21,call,2026-01-21T21:40:14.439057+00:00,NVDA260821C00040000,2025-12-17 18:50:50+00:00,40.0,132.97,142.55,147.05,0.0,0.0,,1.0,1.203128984375,True,REGULAR,USD
NVDA,2026-08-21,call,2026-01-21T21:40:14.439057+00:00,NVDA260821C00045000,2025-12-31 16:40:15+00:00,45.0,145.39,137.95,142.0,0.0,0.0,,1.0,1.138432042236328,True,REGULAR,USD
NVDA,2026-08-21,call,2026-01-21T21:40:14.439057+00:00,NVDA260821C00050000,2026-01-21 15:43:51+00:00,50.0,133.02,134.15,136.35,-3.1799927,-2.3347964,10.0,27.0,1.0922896948242187,True,REGULAR,USD
NVDA,2026-08-21,call,2026-01-21T21:40:14.439057+00:00,NVDA260821C00055000,2026-01-21 15:54:50+00:00,55.0,130.15,128.25,132.2,-1.8100128,-1.3716375,1.0,41.0,1.013676806640625,True,REGULAR,USD
NVDA,2026-08-21,call,2026-01-21T21:40:14.439057+00:00,NVDA260821C00060000,2026-01-08 20:37:04+00:00,60.0,127.01,123.4,127.5,0.0,0.0,10.0,11.0,0.9694827270507812,True,REGULAR,USD
NVDA,2026-08-21,call,2026-01-21T21:40:14.439057+00:00,NVDA260821C00065000,2026-01-16 14:30:33+00:00,65.0,126.2,119.85,121.2,0.0,0.0,2.0,25.0,0.913086806640625,True,REGULAR,USD
NVDA,2026-08-21,call,2026-01-21T21:40:14.439057+00:00,NVDA260821C00070000,2026-01-13 15:41:42+00:00,70.0,116.12,115.1,116.4,0.0,0.0,,10.0,0.8737805590820311,True,REGULAR,USD
NVDA,2026-08-21,call,2026-01-21T21:40:14.439057+00:00,NVDA260821C00075000,2026-01-16 16:39:44+00:00,75.0,115.27,110.2,111.45,0.0,0.0,1.0,7.0,0.8239763696289062,True,REGULAR,USD
NVDA,2026-08-21,call,2026-01-21T21:40:14.439057+00:00,NVDA260821C00080000,2026-01-14 15:02:21+00:00,80.0,104.15,105.45,106.55,0.0,0.0,1.0,26.0,0.7847921911621094,True,REGULAR,USD
NVDA,2026-08-21,call,2026-01-21T21:40:14.439057+00:00,NVDA260821C00085000,2026-01-15 18:29:01+00:00,85.0,106.93,100.85,102.1,0.0,0.0,21.0,44.0,0.7668480346679689,True,REGULAR,USD
NVDA,2026-08-21,call,2026-01-21T21:40:14.439057+00:00,NVDA260821C00090000,2026-01-20 14:57:06+00:00,90.0,93.32,96.15,97.2,0.0,0.0,1.0,77.0,0.7304714453125,True,REGULAR,USD
NVDA,2026-08-21,call,2026-01-21T21:40:14.439057+00:00,NVDA260821C00095000,2026-01-21 15:37:47+00:00,95.0,90.64,91.7,92.65,0.55999756,0.6216669,1.0,99.0,0.7115507360839843,True,REGULAR,USD
NVDA,2026-08-21,call,2026-01-21T21:40:14.439057+00:00,NVDA260821C00100000,2026-01-20 19:55:41+00:00,100.0,83.75,86.75,87.85,0.0,0.0,5.0,279.0,0.6723665576171877,True,REGULAR,USD
NVDA,2026-08-21,call,2026-01-21T21:40:14.439057+00:00,NVDA260821C00105000,2026-01-09 16:20:54+00:00,105.0,84.77,82.2,83.35,0.0,0.0,8.0,209.0,0.6508823974609376,True,REGULAR,USD
NVDA,2026-08-21,call,2026-01-21T21:40:14.439057+00:00,NVDA260821C00110000,2026-01-21 20:28:01+00:00,110.0,78.99,77.75,78.75,-0.45999908,-0.5789794,1.0,88.0,0.6282996154785156,True,REGULAR,USD
NVDA,2026-08-21,call,2026-01-21T21:40:14.439057+00:00,NVDA260821C00115000,2026-01-20 17:23:46+00:00,115.0,70.52,73.3,74.3,0.0,0.0,13.0,75.0,0.6077309735107423,True,REGULAR,USD
NVDA,2026-08-21,call,2026-01-21T21:40:14.439057+00:00,NVDA260821C00120000,2026-01-21 16:49:43+00:00,120.0,67.46,69.4,70.25,1.8600006,2.835367,4.0,245.0,0.6027261407470705,True,REGULAR,USD
NVDA,2026-08-21,call,2026-01-21T21:40:14.439057+00:00,NVDA260821C00125000,2026-01-21 17:11:10+00:00,125.0,62.45,64.7,65.85,-0.099998474,-0.15986967,1.0,125.0,0.5756878369140624,True,REGULAR,USD
NVDA,2026-08-21,call,2026-01-21T21:40:14.439057+00:00,NVDA260821C00130000,2026-01-20 19:47:00+00:00,130.0,57.96,60.75,61.7,0.0,0.0,2.0,372.0,0.5634198931884766,True,REGULAR,USD
NVDA,2026-08-21,call,2026-01-21T21:40:14.439057+00:00,NVDA260821C00135000,2026-01-21 19:42:10+00:00,135.0,57.81,56.85,57.85,2.8600006,5.2047324,2.0,233.0,0.5537764349365235,True,REGULAR,USD
NVDA,2026-08-21,call,2026-01-21T21:40:14.439057+00:00,NVDA260821C00140000,2026-01-21 19:01:04+00:00,140.0,51.67,53.1,53.8,1.3699989,2.723656,2.0,496.0,0.5409286630249025,True,REGULAR,USD
NVDA,2026-08-21,call,2026-01-21T21:40:14.439057+00:00,NVDA260821C00145000,2026-01-21 20:33:09+00:00,145.0,50.35,49.2,49.95,4.3499985,9.456518,13.0,315.0,0.5265550274658204,True,REGULAR,USD
NVDA,2026-08-21,call,2026-01-21T21:40:14.439057+00:00,NVDA260821C00150000,2026-01-21 19:44:35+00:00,150.0,46.73,45.8,46.45,3.829998,8.927734,34.0,1109.0,0.5200243310546875,True,REGULAR,USD
NVDA,2026-08-21,call,2026-01-21T21:40:14.439057+00:00,NVDA260821C00155000,2026-01-21 20:02:02+00:00,155.0,43.79,42.45,43.05,4.59,11.709184,46.0,733.0,0.5123339782714844,True,REGULAR,USD
NVDA,2026-08-21,call,2026-01-21T21:40:14.439057+00:00,NVDA260821C00160000,2026-01-21 20:59:04+00:00,160.0,39.35,39.25,39.4,3.3999977,9.457573,55.0,1153.0,0.5010425872802735,True,REGULAR,USD
NVDA,2026-08-21,call,2026-01-21T21:40:14.439057+00:00,NVDA260821C00165000,2026-01-21 20:41:50+00:00,165.0,36.57,36.15,36.25,3.369999,10.150599,43.0,1157.0,0.49451189086914066,True,REGULAR,USD
NVDA,2026-08-21,call,2026-01-21T21:40:14.439057+00:00,NVDA260821C00170000,2026-01-21 20:02:14+00:00,170.0,34.3,33.2,33.35,3.8099995,12.495898,60.0,1667.0,0.48871360900878913,True,REGULAR,USD
NVDA,2026-08-21,call,2026-01-21T21:40:14.439057+00:00,NVDA260821C00175000,2026-01-21 19:27:53+00:00,175.0,30.15,30.45,30.6,2.5499992,9.239127,14.0,1694.0,0.48312894805908213,True,REGULAR,USD
NVDA,2026-08-21,call,2026-01-21T21:40:14.439057+00:00,NVDA260821C00180000,2026-01-21 20:20:33+00:00,180.0,28.79,27.85,27.95,3.5500011,14.064981,114.0,6073.0,0.47681187255859375,True,REGULAR,USD
NVDA,2026-08-21,call,2026-01-21T21:40:14.439057+00:00,NVDA260821C00185000,2026-01-21 20:23:25+00:00,185.0,26.08,25.4,25.55,2.959999,12.802764,444.0,2822.0,0.4725394543457031,False,REGULAR,USD
NVDA,2026-08-21,call,2026-01-21T21:40:14.439057+00:00,NVDA260821C00190000,2026-01-21 20:54:17+00:00,190.0,23.56,23.15,23.3,2.5599995,12.190474,230.0,6981.0,0.46841962249755864,False,REGULAR,USD
NVDA,2026-08-21,call,2026-01-21T21:40:14.439057+00:00,NVDA260821C00195000,2026-01-21 19:54:02+00:00,195.0,21.95,21.1,21.2,2.5500011,13.144337,144.0,2608.0,0.46451341156005865,False,REGULAR,USD
NVDA,2026-08-21,call,2026-01-21T21:40:14.439057+00:00,NVDA260821C00200000,2026-01-21 20:55:49+00:00,200.0,19.39,19.1,19.25,2.1399994,12.405793,190.0,3721.0,0.46085133880615237,False,REGULAR,USD
NVDA,2026-08-21,call,2026-01-21T21:40:14.439057+00:00,NVDA260821C00210000,2026-01-21 20:48:00+00:00,210.0,16.0,15.75,15.85,1.6000004,11.111114,109.0,4829.0,0.4555718505859375,False,REGULAR,USD
NVDA,2026-08-21,call,2026-01-21T21:40:14.439057+00:00,NVDA260821C00220000,2026-01-21 20:57:00+00:00,220.0,13.05,12.95,13.1,1.4499998,12.499998,115.0,3161.0,0.45346615875244145,False,REGULAR,USD
NVDA,2026-08-21,call,2026-01-21T21:40:14.439057+00:00,NVDA260821C00230000,2026-01-21 20:53:16+00:00,230.0,10.75,10.5,10.65,1.25,13.157895,563.0,3481.0,0.4489190850830078,False,REGULAR,USD
NVDA,2026-08-21,call,2026-01-21T21:40:14.439057+00:00,NVDA260821C00240000,2026-01-21 20:38:12+00:00,240.0,8.9,8.6,8.7,1.0999994,14.102556,580.0,4362.0,0.4468744277954102,False,REGULAR,USD
NVDA,2026-08-21,call,2026-01-21T21:40:14.439057+00:00,NVDA260821C00250000,2026-01-21 20:57:33+00:00,250.0,7.1,7.0,7.1,0.75,11.811024,468.0,4554.0,0.4454401159667969,False,REGULAR,USD
NVDA,2026-08-21,call,2026-01-21T21:40:14.439057+00:00,NVDA260821C00260000,2026-01-21 20:36:17+00:00,260.0,5.98,5.7,5.8,0.8499999,16.569199,22.0,1449.0,0.444768735961914,False,REGULAR,USD
NVDA,2026-08-21,call,2026-01-21T21:40:14.439057+00:00,NVDA260821C00270000,2026-01-21 19:34:32+00:00,270.0,4.8,4.65,4.75,0.5,11.627907,15.0,2207.0,0.444768735961914,False,REGULAR,USD
NVDA,2026-08-21,call,2026-01-21T21:40:14.439057+00:00,NVDA260821C00280000,2026-01-21 19:21:38+00:00,280.0,3.67,3.8,3.9,0.17000008,4.857145,9.0,1031.0,0.44525701232910153,False,REGULAR,USD
NVDA,2026-08-21,call,2026-01-21T21:40:14.439057+00:00,NVDA260821C00290000,2026-01-21 19:55:17+00:00,290.0,3.36,3.15,3.2,0.42999983,14.675762,11.0,675.0,0.4456842541503906,False,REGULAR,USD
NVDA,2026-08-21,call,2026-01-21T21:40:14.439057+00:00,NVDA260821C00300000,2026-01-21 19:52:06+00:00,300.0,2.79,2.61,2.65,0.38999987,16.249992,192.0,1698.0,0.44714908325195313,False,REGULAR,USD
NVDA,2026-08-21,call,2026-01-21T21:40:14.439057+00:00,NVDA260821C00310000,2026-01-21 16:21:35+00:00,310.0,2.22,2.16,2.2,0.22000003,11.000002,4.0,700.0,0.44873598144531246,False,REGULAR,USD
NVDA,2026-08-21,call,2026-01-21T21:40:14.439057+00:00,NVDA260821C00320000,2026-01-21 20:35:04+00:00,320.0,1.9,1.79,1.83,0.15999997,9.1954,7.0,242.0,0.4503228796386719,False,REGULAR,USD
NVDA,2026-08-21,call,2026-01-21T21:40:14.439057+00:00,NVDA260821C00330000,2026-01-21 19:50:43+00:00,330.0,1.64,1.5,1.53,0.18999994,13.103444,23.0,419.0,0.45215391601562505,False,REGULAR,USD
NVDA,2026-08-21,call,2026-01-21T21:40:14.439057+00:00,NVDA260821C00340000,2026-01-20 16:45:46+00:00,340.0,1.15,1.25,1.29,0.0,0.0,2.0,151.0,0.4544732287597656,False,REGULAR,USD
NVDA,2026-08-21,call,2026-01-21T21:40:14.439057+00:00,NVDA260821C00350000,2026-01-21 20:57:50+00:00,350.0,1.09,1.06,1.1,0.08000004,7.920796,106.0,847.0,0.45752495605468757,False,REGULAR,USD
NVDA,2026-08-21,call,2026-01-21T21:40:14.439057+00:00,NVDA260821C00360000,2026-01-21 20:51:24+00:00,360.0,0.92,0.89,0.93,0.06999999,8.235292,27.0,437.0,0.4596001306152344,False,REGULAR,USD
NVDA,2026-08-21,call,2026-01-21T21:40:14.439057+00:00,NVDA260821C00370000,2026-01-21 15:14:42+00:00,370.0,0.75,0.76,0.8,-0.19,-20.212767,1.0,277.0,0.4626518579101563,False,REGULAR,USD
NVDA,2026-08-21,call,2026-01-21T21:40:14.439057+00:00,NVDA260821C00380000,2026-01-21 19:47:49+00:00,380.0,0.71,0.65,0.68,0.089999974,14.516125,2.0,604.0,0.4646049633789063,False,REGULAR,USD
NVDA,2026-08-21,call,2026-01-21T21:40:14.439057+00:00,NVDA260821C00390000,2026-01-21 20:28:19+00:00,390.0,0.57,0.55,0.59,0.029999971,5.55555,4.0,1019.0,0.467778759765625,False,REGULAR,USD
NVDA,2026-08-21,call,2026-01-21T21:40:14.439057+00:00,NVDA260821C00400000,2026-01-21 19:50:04+00:00,400.0,0.53,0.48,0.51,0.059999973,12.765951,12.0,1346.0,0.47046427978515626,False,REGULAR,USD
NVDA,2026-08-21,call,2026-01-21T21:40:14.439057+00:00,NVDA260821C00410000,2026-01-20 18:43:42+00:00,410.0,0.42,0.41,0.45,0.0,0.0,26.0,800.0,0.47412635253906255,False,REGULAR,USD
NVDA,2026-08-21,call,2026-01-21T21:40:14.439057+00:00,NVDA260821C00420000,2026-01-21 20:41:18+00:00,420.0,0.39,0.36,0.39,0.029999971,8.333325,50.0,3224.0,0.476567734375,False,REGULAR,USD
NVDA,2026-08-21,put,2026-01-21T21:40:14.439057+00:00,NVDA260821P00005000,2026-01-09 17:36:37+00:00,5.0,0.01,0.0,0.02,0.0,0.0,1.0,49.0,1.5468772656249998,False,REGULAR,USD
NVDA,2026-08-21,put,2026-01-21T21:40:14.439057+00:00,NVDA260821P00010000,2025-12-03 20:43:22+00:00,10.0,0.02,0.0,0.02,0.0,0.0,10.0,20.0,1.2343788281249999,False,REGULAR,USD
NVDA,2026-08-21,put,2026-01-21T21:40:14.439057+00:00,NVDA260821P00015000,2025-12-03 20:59:48+00:00,15.0,0.02,0.0,0.03,0.0,0.0,10.0,12.0,1.09375453125,False,REGULAR,USD
NVDA,2026-08-21,put,2026-01-21T21:40:14.439057+00:00,NVDA260821P00020000,2025-12-23 16:59:25+00:00,20.0,0.01,0.0,0.03,0.0,0.0,5.0,3.0,0.9609378906249999,False,REGULAR,USD
NVDA,2026-08-21,put,2026-01-21T21:40:14.439057+00:00,NVDA260821P00025000,2026-01-14 15:30:45+00:00,25.0,0.02,0.01,0.04,0.0,0.0,55.0,1700.0,0.9062509375,False,REGULAR,USD
NVDA,2026-08-21,put,2026-01-21T21:40:14.439057+00:00,NVDA260821P00030000,2026-01-15 18:47:16+00:00,30.0,0.03,0.02,0.06,0.0,0.0,5.0,45.0,0.85937640625,False,REGULAR,USD
NVDA,2026-08-21,put,2026-01-21T21:40:14.439057+00:00,NVDA260821P00035000,2026-01-16 14:30:01+00:00,35.0,0.05,0.04,0.07,0.0,0.0,1.0,1137.0,0.8105487695312499,False,REGULAR,USD
NVDA,2026-08-21,put,2026-01-21T21:40:14.439057+00:00,NVDA260821P00040000,2026-01-15 18:47:26+00:00,40.0,0.08,0.07,0.1,0.0,0.0,4.0,51.0,0.7812521875,False,REGULAR,USD
NVDA,2026-08-21,put,2026-01-21T21:40:14.439057+00:00,NVDA260821P00045000,2026-01-15 18:10:01+00:00,45.0,0.11,0.1,0.13,0.0,0.0,48.0,102.0,0.7480493945312501,False,REGULAR,USD
NVDA,2026-08-21,put,2026-01-21T21:40:14.439057+00:00,NVDA260821P00050000,2026-01-20 20:47:19+00:00,50.0,0.17,0.13,0.17,0.0,0.0,23.0,171.0,0.71679970703125,False,REGULAR,USD
NVDA,2026-08-21,put,2026-01-21T21:40:14.439057+00:00,NVDA260821P00055000,2026-01-16 14:57:46+00:00,55.0,0.19,0.18,0.21,0.0,0.0,1.0,23.0,0.6884796777343751,False,REGULAR,USD
NVDA,2026-08-21,put,2026-01-21T21:40:14.439057+00:00,NVDA260821P00060000,2026-01-07 17:05:09+00:00,60.0,0.26,0.23,0.27,0.0,0.0,7.0,158.0,0.6630893066406252,False,REGULAR,USD
NVDA,2026-08-21,put,2026-01-21T21:40:14.439057+00:00,NVDA260821P00065000,2026-01-20 20:25:50+00:00,65.0,0.37,0.3,0.33,0.0,0.0,30.0,119.0,0.6391637646484375,False,REGULAR,USD
NVDA,2026-08-21,put,2026-01-21T21:40:14.439057+00:00,NVDA260821P00070000,2026-01-20 16:49:47+00:00,70.0,0.43,0.38,0.41,0.0,0.0,1.0,2812.0,0.6167030517578126,False,REGULAR,USD
NVDA,2026-08-21,put,2026-01-21T21:40:14.439057+00:00,NVDA260821P00075000,2026-01-20 19:40:26+00:00,75.0,0.56,0.48,0.51,0.0,0.0,5.0,204.0,0.5971719970703125,False,REGULAR,USD
NVDA,2026-08-21,put,2026-01-21T21:40:14.439057+00:00,NVDA260821P00080000,2026-01-21 16:47:27+00:00,80.0,0.67,0.6,0.63,-0.029999971,-4.2857103,138.0,533.0,0.57812921875,False,REGULAR,USD
NVDA,2026-08-21,put,2026-01-21T21:40:14.439057+00:00,NVDA260821P00085000,2026-01-21 17:52:53+00:00,85.0,0.84,0.75,0.78,-0.050000012,-5.6179786,2.0,228.0,0.5612836840820312,False,REGULAR,USD
NVDA,2026-08-21,put,2026-01-21T21:40:14.439057+00:00,NVDA260821P00090000,2026-01-21 20:02:09+00:00,90.0,0.88,0.93,0.96,-0.24000001,-21.428572,4.0,670.0,0.5454147021484376,False,REGULAR,USD
NVDA,2026-08-21,put,2026-01-21T21:40:14.439057+00:00,NVDA260821P00095000,2026-01-21 14:50:23+00:00,95.0,1.27,1.15,1.18,-0.029999971,-2.3076901,5.0,550.0,0.5307664111328125,False,REGULAR,USD
NVDA,2026-08-21,put,2026-01-21T21:40:14.439057+00:00,NVDA260821P00100000,2026-01-20 20:54:03+00:00,100.0,1.33,1.42,1.45,-0.38,-22.222221,2.0,4646.0,0.51758294921875,False,REGULAR,USD
NVDA,2026-08-21,put,2026-01-21T21:40:14.439057+00:00,NVDA260821P00105000,2026-01-20 20:47:19+00:00,105.0,2.1,1.74,1.78,0.0,0.0,53.0,3467.0,0.5053760400390624,False,REGULAR,USD
NVDA,2026-08-21,put,2026-01-21T21:40:14.439057+00:00,NVDA260821P00110000,2026-01-21 18:58:08+00:00,110.0,2.31,2.13,2.17,-0.26999998,-10.465116,36.0,1057.0,0.4953663745117188,False,REGULAR,USD
NVDA,2026-08-21,put,2026-01-21T21:40:14.439057+00:00,NVDA260821P00115000,2026-01-21 17:01:30+00:00,115.0,2.85,2.61,2.65,-0.20000005,-6.5573783,10.0,1817.0,0.4854787780761719,False,REGULAR,USD
NVDA,2026-08-21,put,2026-01-21T21:40:14.439057+00:00,NVDA260821P00120000,2026-01-21 19:40:49+00:00,120.0,3.15,3.15,3.25,-0.66999984,-17.539263,3.0,6204.0,0.4777884252929688,False,REGULAR,USD
NVDA,2026-08-21,put,2026-01-21T21:40:14.439057+00:00,NVDA260821P00125000,2026-01-21 16:50:14+00:00,125.0,4.15,3.8,3.9,-0.4000001,-8.79121,36.0,4418.0,0.4683891052246094,False,REGULAR,USD
NVDA,2026-08-21,put,2026-01-21T21:40:14.439057+00:00,NVDA260821P00130000,2026-01-21 19:58:16+00:00,130.0,4.4,4.6,4.7,-1.06,-19.413918,59.0,7484.0,0.4612480633544922,False,REGULAR,USD
NVDA,2026-08-21,put,2026-01-21T21:40:14.439057+00:00,NVDA260821P00135000,2026-01-21 20:01:14+00:00,135.0,5.25,5.5,5.6,-1.3499999,-20.454544,139.0,4926.0,0.45380184875488283,False,REGULAR,USD
NVDA,2026-08-21,put,2026-01-21T21:40:14.439057+00:00,NVDA260821P00140000,2026-01-21 19:49:20+00:00,140.0,6.3,6.5,6.6,-1.2999997,-17.105259,463.0,11541.0,0.44586735778808595,False,REGULAR,USD
NVDA,2026-08-21,put,2026-01-21T21:40:14.439057+00:00,NVDA260821P00145000,2026-01-21 19:55:53+00:00,145.0,7.41,7.7,7.75,-1.6500006,-18.211926,37.0,7833.0,0.4387873504638672,False,REGULAR,USD
NVDA,2026-08-21,put,2026-01-21T21:40:14.439057+00:00,NVDA260821P00150000,2026-01-21 20:48:54+00:00,150.0,8.92,9.0,9.1,-1.7699995,-16.557528,54.0,7268.0,0.43335527587890627,False,REGULAR,USD
NVDA,2026-08-21,put,2026-01-21T21:40:14.439057+00:00,NVDA260821P00155000,2026-01-21 19:54:18+00:00,155.0,10.1,10.5,10.6,-2.0,-16.528925,84.0,3852.0,0.4279842358398438,False,REGULAR,USD
NVDA,2026-08-21,put,2026-01-21T21:40:14.439057+00:00,NVDA260821P00160000,2026-01-21 19:31:46+00:00,160.0,12.35,12.1,12.25,-1.6499996,-11.785712,45.0,12286.0,0.42249112670898437,False,REGULAR,USD
NVDA,2026-08-21,put,2026-01-21T21:40:14.439057+00:00,NVDA260821P00165000,2026-01-21 19:26:20+00:00,165.0,14.75,13.95,14.05,-0.84000015,-5.38807,11.0,5184.0,0.41687594848632803,False,REGULAR,USD
NVDA,2026-08-21,put,2026-01-21T21:40:14.439057+00:00,NVDA260821P00170000,2026-01-21 20:49:39+00:00,170.0,15.75,15.95,16.05,-1.7600002,-10.051401,68.0,8985.0,0.4119626675415039,False,REGULAR,USD
NVDA,2026-08-21,put,2026-01-21T21:40:14.439057+00:00,NVDA260821P00175000,2026-01-21 19:04:37+00:00,175.0,17.45,18.1,18.25,-2.3999996,-12.090678,96.0,7058.0,0.40772076660156253,False,REGULAR,USD
NVDA,2026-08-21,put,2026-01-21T21:40:14.439057+00:00,NVDA260821P00180000,2026-01-21 20:00:58+00:00,180.0,19.74,20.45,20.55,-3.2600002,-14.173914,62.0,6426.0,0.40216662292480465,False,REGULAR,USD
NVDA,2026-08-21,put,2026-01-21T21:40:14.439057+00:00,NVDA260821P00185000,2026-01-21 19:27:39+00:00,185.0,22.3,22.9,23.05,-3.040001,-11.996846,33.0,2053.0,0.39719230743408207,True,REGULAR,USD
NVDA,2026-08-21,put,2026-01-21T21:40:14.439057+00:00,NVDA260821P00190000,2026-01-21 20:00:58+00:00,190.0,24.81,25.55,25.7,-3.6900005,-12.947371,104.0,1216.0,0.3918823019409179,True,REGULAR,USD
NVDA,2026-08-21,put,2026-01-21T21:40:14.439057+00:00,NVDA260821P00195000,2026-01-21 20:00:58+00:00,195.0,27.63,28.5,28.65,-3.3700008,-10.870971,15.0,504.0,0.3889526437377929,True,REGULAR,USD
NVDA,2026-08-21,put,2026-01-21T21:40:14.439057+00:00,NVDA260821P00200000,2026-01-21 20:10:32+00:00,200.0,30.93,31.5,31.65,-2.8199997,-8.355555,34.0,1325.0,0.38397832824707034,True,REGULAR,USD
NVDA,2026-08-21,put,2026-01-21T21:40:14.439057+00:00,NVDA260821P00210000,2026-01-21 20:15:58+00:00,210.0,37.3,38.15,38.25,-3.209999,-7.9239674,61.0,636.0,0.37628797546386716,True,REGULAR,USD
NVDA,2026-08-21,put,2026-01-21T21:40:14.439057+00:00,NVDA260821P00220000,2026-01-21 17:19:23+00:00,220.0,47.9,45.25,45.4,-0.25999832,-0.53986365,10.0,149.0,0.3677736563110352,True,REGULAR,USD
NVDA,2026-08-21,put,2026-01-21T21:40:14.439057+00:00,NVDA260821P00230000,2026-01-21 18:05:02+00:00,230.0,54.0,53.0,53.15,4.1500015,8.324978,66.0,438.0,0.36048002807617185,True,REGULAR,USD
NVDA,2026-08-21,put,2026-01-21T21:40:14.439057+00:00,NVDA260821P00240000,2026-01-21 19:58:36+00:00,240.0,59.65,61.1,61.3,-5.5999985,-8.582374,141.0,302.0,0.3513858807373046,True,REGULAR,USD
NVDA,2026-08-21,put,2026-01-21T21:40:14.439057+00:00,NVDA260821P00250000,2026-01-16 15:02:37+00:00,250.0,65.65,69.15,70.15,0.0,0.0,5.0,129.0,0.3506534661865234,True,REGULAR,USD
NVDA,2026-08-21,put,2026-01-21T21:40:14.439057+00:00,NVDA260821P00260000,2026-01-21 19:27:41+00:00,260.0,79.75,78.1,78.95,4.199997,5.559228,26.0,489.0,0.338324487915039,True,REGULAR,USD
NVDA,2026-08-21,put,2026-01-21T21:40:14.439057+00:00,NVDA260821P00270000,2026-01-15 19:21:15+00:00,270.0,83.25,87.3,88.3,0.0,0.0,3.0,226.0,0.33618827880859375,True,REGULAR,USD
NVDA,2026-08-21,put,2026-01-21T21:40:14.439057+00:00,NVDA260821P00280000,2026-01-14 15:10:08+00:00,280.0,99.25,96.5,97.7,0.0,0.0,2.0,59.0,0.3267889587402344,True,REGULAR,USD
NVDA,2026-08-21,put,2026-01-21T21:40:14.439057+00:00,NVDA260821P00290000,2026-01-15 16:32:24+00:00,290.0,102.63,106.05,107.4,0.0,0.0,2.0,2.0,0.3263006823730469,True,REGULAR,USD
NVDA,2026-08-21,put,2026-01-21T21:40:14.439057+00:00,NVDA260821P00300000,2026-01-15 16:29:41+00:00,300.0,112.79,115.95,117.25,0.0,0.0,2.0,3.0,0.3321599987792969,True,REGULAR,USD
NVDA,2026-08-21,put,2026-01-21T21:40:14.439057+00:00,NVDA260821P00310000,2026-01-06 16:04:40+00:00,310.0,121.86,125.05,128.05,0.0,0.0,3.0,0.0,0.40759869750976563,True,REGULAR,USD
NVDA,2026-08-21,put,2026-01-21T21:40:14.439057+00:00,NVDA260821P00320000,2026-01-15 17:30:56+00:00,320.0,131.38,135.2,138.0,0.0,0.0,8.0,0.0,0.42310147216796873,True,REGULAR,USD
NVDA,2026-08-21,put,2026-01-21T21:40:14.439057+00:00,NVDA260821P00330000,2025-12-26 18:47:21+00:00,330.0,138.11,145.2,147.8,0.0,0.0,48.0,0.0,0.42774009765625004,True,REGULAR,USD
NVDA,2026-08-21,put,2026-01-21T21:40:14.439057+00:00,NVDA260821P00340000,2025-12-24 16:13:06+00:00,340.0,152.18,155.2,158.0,0.0,0.0,18.0,0.0,0.4577690942382813,True,REGULAR,USD
NVDA,2026-08-21,put,2026-01-21T21:40:14.439057+00:00,NVDA260821P00350000,2025-10-29 14:43:15+00:00,350.0,140.35,166.65,170.55,0.0,0.0,9.0,0.0,0.5089160437011719,True,REGULAR,USD
NVDA,2026-08-21,put,2026-01-21T21:40:14.439057+00:00,NVDA260821P00360000,2025-10-29 13:50:23+00:00,360.0,149.7,176.65,180.55,0.0,0.0,8.0,0.0,0.5252733020019531,True,REGULAR,USD
NVDA,2026-08-21,put,2026-01-21T21:40:14.439057+00:00,NVDA260821P00420000,2025-11-06 15:37:33+00:00,420.0,229.0,230.7,234.35,0.0,0.0,,0.0,1.0000000000000003e-05,True,REGULAR,USD
NVDA,2027-06-17,call,2026-01-21T21:40:14.607215+00:00,NVDA270617C00005000,2026-01-20 15:42:21+00:00,5.0,177.3,178.75,179.55,0.0,0.0,19.0,4671.0,1.8154306103515623,True,REGULAR,USD
NVDA,2027-06-17,call,2026-01-21T21:40:14.607215+00:00,NVDA270617C00010000,2025-11-10 20:51:35+00:00,10.0,191.24,174.45,183.0,0.0,0.0,1.0,230.0,2.4409218664550782,True,REGULAR,USD
NVDA,2027-06-17,call,2026-01-21T21:40:14.607215+00:00,NVDA270617C00015000,2025-11-21 16:16:27+00:00,15.0,164.0,169.65,178.35,0.0,0.0,50.0,163.0,1.95703146484375,True,REGULAR,USD
NVDA,2027-06-17,call,2026-01-21T21:40:14.607215+00:00,NVDA270617C00020000,2025-12-19 14:45:59+00:00,20.0,161.15,161.7,168.45,0.0,0.0,36.0,357.0,1.1865275048828123,True,REGULAR,USD
NVDA,2027-06-17,call,2026-01-21T21:40:14.607215+00:00,NVDA270617C00025000,2026-01-12 17:52:16+00:00,25.0,163.03,157.05,163.8,0.0,0.0,211.0,284.0,1.1025435498046878,True,REGULAR,USD
NVDA,2027-06-17,call,2026-01-21T21:40:14.607215+00:00,NVDA270617C00030000,2026-01-08 14:56:02+00:00,30.0,158.53,152.85,159.25,0.0,0.0,20.0,195.0,1.0610398510742187,True,REGULAR,USD
NVDA,2027-06-17,call,2026-01-21T21:40:14.607215+00:00,NVDA270617C00035000,2025-12-26 16:04:02+00:00,35.0,159.82,148.5,154.65,0.0,0.0,1.0,806.0,1.0125781793212891,True,REGULAR,USD
NVDA,2027-06-17,call,2026-01-21T21:40:14.607215+00:00,NVDA270617C00040000,2026-01-02 14:40:54+00:00,40.0,154.53,144.95,149.8,0.0,0.0,20.0,291.0,0.9873048144531251,True,REGULAR,USD
NVDA,2027-06-17,call,2026-01-21T21:40:14.607215+00:00,NVDA270617C00045000,2026-01-21 17:22:49+00:00,45.0,138.25,139.35,145.3,-2.6100006,-1.852904,5.0,147.0,0.9088143884277342,True,REGULAR,USD
NVDA,2027-06-17,call,2026-01-21T21:40:14.607215+00:00,NVDA270617C00050000,2026-01-21 15:46:44+00:00,50.0,136.05,136.65,138.25,2.1500092,1.6056827,5.0,310.0,0.8503432934570312,True,REGULAR,USD
NVDA,2027-06-17,call,2026-01-21T21:40:14.607215+00:00,NVDA270617C00055000,2026-01-21 15:32:19+00:00,55.0,129.9,132.25,133.85,-5.1600037,-3.820527,11.0,329.0,0.8227556787109375,True,REGULAR,USD
NVDA,2027-06-17,call,2026-01-21T21:40:14.607215+00:00,NVDA270617C00060000,2026-01-16 18:07:54+00:00,60.0,132.93,127.75,129.55,0.0,0.0,8.0,407.0,0.7956563403320311,True,REGULAR,USD
NVDA,2027-06-17,call,2026-01-21T21:40:14.607215+00:00,NVDA270617C00065000,2026-01-20 20:37:29+00:00,65.0,119.58,123.35,124.8,0.0,0.0,10.0,924.0,0.7619042364501953,True,REGULAR,USD
NVDA,2027-06-17,call,2026-01-21T21:40:14.607215+00:00,NVDA270617C00070000,2026-01-20 20:58:52+00:00,70.0,114.61,119.1,120.6,0.0,0.0,2.0,381.0,0.743166630859375,True,REGULAR,USD
NVDA,2027-06-17,call,2026-01-21T21:40:14.607215+00:00,NVDA270617C00075000,2026-01-14 16:11:55+00:00,75.0,113.55,114.65,115.9,0.0,0.0,1.0,480.0,0.7117948742675781,True,REGULAR,USD
NVDA,2027-06-17,call,2026-01-21T21:40:14.607215+00:00,NVDA270617C00080000,2026-01-16 16:57:34+00:00,80.0,115.68,110.25,112.0,0.0,0.0,30.0,529.0,0.695437615966797,True,REGULAR,USD
NVDA,2027-06-17,call,2026-01-21T21:40:14.607215+00:00,NVDA270617C00085000,2026-01-20 18:09:13+00:00,85.0,103.71,106.2,107.7,0.0,0.0,3.0,408.0,0.6776155285644532,True,REGULAR,USD
NVDA,2027-06-17,call,2026-01-21T21:40:14.607215+00:00,NVDA270617C00090000,2026-01-20 20:02:06+00:00,90.0,99.2,102.1,103.6,0.0,0.0,87.0,447.0,0.6613803393554689,True,REGULAR,USD
NVDA,2027-06-17,call,2026-01-21T21:40:14.607215+00:00,NVDA270617C00095000,2026-01-21 15:52:33+00:00,95.0,97.9,97.9,99.5,3.7000046,3.927818,2.0,656.0,0.6433751483154297,True,REGULAR,USD
NVDA,2027-06-17,call,2026-01-21T21:40:14.607215+00:00,NVDA270617C00100000,2026-01-21 20:10:46+00:00,100.0,96.0,94.45,95.6,6.0,6.6666665,6.0,2618.0,0.6361120373535156,True,REGULAR,USD
NVDA,2027-06-17,call,2026-01-21T21:40:14.607215+00:00,NVDA270617C00105000,2026-01-21 14:41:16+00:00,105.0,86.72,90.25,91.45,-0.12999725,-0.1496802,1.0,19343.0,0.6164589135742189,True,REGULAR,USD
NVDA,2027-06-17,call,2026-01-21T21:40:14.607215+00:00,NVDA270617C00110000,2026-01-21 15:15:00+00:00,110.0,84.28,86.5,87.65,1.2799988,1.5421672,20.0,7175.0,0.6049844189453126,True,REGULAR,USD
NVDA,2027-06-17,call,2026-01-21T21:40:14.607215+00:00,NVDA270617C00115000,2026-01-20 20:41:23+00:00,115.0,79.45,82.8,84.1,0.0,0.0,16.0,527.0,0.5954630297851562,True,REGULAR,USD
NVDA,2027-06-17,call,2026-01-21T21:40:14.607215+00:00,NVDA270617C00120000,2026-01-21 14:46:39+00:00,120.0,76.79,79.6,80.65,0.29000092,0.37908617,3.0,1394.0,0.5903971624755859,True,REGULAR,USD
NVDA,2027-06-17,call,2026-01-21T21:40:14.607215+00:00,NVDA270617C00125000,2026-01-21 20:00:34+00:00,125.0,78.02,75.9,77.05,5.2699966,7.2439814,16.0,806.0,0.5782512878417969,True,REGULAR,USD
NVDA,2027-06-17,call,2026-01-21T21:40:14.607215+00:00,NVDA270617C00130000,2026-01-21 20:20:41+00:00,130.0,74.25,72.75,73.2,4.75,6.8345323,10.0,609.0,0.5678754150390625,True,REGULAR,USD
NVDA,2027-06-17,call,2026-01-21T21:40:14.607215+00:00,NVDA270617C00135000,2026-01-21 17:19:39+00:00,135.0,71.0,69.2,70.25,4.7300034,7.1374736,9.0,8007.0,0.5606123040771485,True,REGULAR,USD
NVDA,2027-06-17,call,2026-01-21T21:40:14.607215+00:00,NVDA270617C00140000,2026-01-21 19:40:04+00:00,140.0,67.24,66.55,67.25,4.039997,6.3924003,71.0,3610.0,0.5587202331542969,True,REGULAR,USD
NVDA,2027-06-17,call,2026-01-21T21:40:14.607215+00:00,NVDA270617C00145000,2026-01-21 19:47:46+00:00,145.0,64.7,63.4,64.2,4.0199966,6.6249123,7.0,713.0,0.5513960876464845,True,REGULAR,USD
NVDA,2027-06-17,call,2026-01-21T21:40:14.607215+00:00,NVDA270617C00150000,2026-01-21 20:26:27+00:00,150.0,61.35,60.45,61.3,4.299999,7.537247,156.0,8946.0,0.5455672885131836,True,REGULAR,USD
NVDA,2027-06-17,call,2026-01-21T21:40:14.607215+00:00,NVDA270617C00155000,2026-01-21 20:07:51+00:00,155.0,58.73,57.5,58.4,4.630001,8.558228,46.0,2652.0,0.5387009020996094,True,REGULAR,USD
NVDA,2027-06-17,call,2026-01-21T21:40:14.607215+00:00,NVDA270617C00160000,2026-01-21 20:51:27+00:00,160.0,55.42,54.95,55.15,3.7699966,7.299122,57.0,6058.0,0.5312241702270508,True,REGULAR,USD
NVDA,2027-06-17,call,2026-01-21T21:40:14.607215+00:00,NVDA270617C00165000,2026-01-21 20:14:29+00:00,165.0,53.6,52.4,52.65,4.3499985,8.832484,56.0,1159.0,0.5277299424743653,True,REGULAR,USD
NVDA,2027-06-17,call,2026-01-21T21:40:14.607215+00:00,NVDA270617C00170000,2026-01-21 19:55:33+00:00,170.0,51.3,49.9,50.15,4.299999,9.148935,10.0,3654.0,0.5235033001708984,True,REGULAR,USD
NVDA,2027-06-17,call,2026-01-21T21:40:14.607215+00:00,NVDA270617C00175000,2026-01-21 20:26:07+00:00,175.0,48.35,47.55,47.75,3.5,7.8037906,38.0,6038.0,0.5198412274169921,True,REGULAR,USD
NVDA,2027-06-17,call,2026-01-21T21:40:14.607215+00:00,NVDA270617C00180000,2026-01-21 20:58:18+00:00,180.0,45.45,45.25,45.5,3.0499992,7.1933947,762.0,17465.0,0.5164232928466796,True,REGULAR,USD
NVDA,2027-06-17,call,2026-01-21T21:40:14.607215+00:00,NVDA270617C00185000,2026-01-21 20:53:30+00:00,185.0,43.52,43.05,43.3,2.8199997,6.928746,73.0,4056.0,0.512974841003418,False,REGULAR,USD
NVDA,2027-06-17,call,2026-01-21T21:40:14.607215+00:00,NVDA270617C00190000,2026-01-21 19:58:04+00:00,190.0,42.14,40.9,41.1,3.869999,10.112356,48.0,6858.0,0.5089007850646974,False,REGULAR,USD
NVDA,2027-06-17,call,2026-01-21T21:40:14.607215+00:00,NVDA270617C00195000,2026-01-21 20:10:51+00:00,195.0,39.91,39.0,39.15,3.5499992,9.763474,6.0,5597.0,0.5069019036865234,False,REGULAR,USD
NVDA,2027-06-17,call,2026-01-21T21:40:14.607215+00:00,NVDA270617C00200000,2026-01-21 20:53:51+00:00,200.0,37.5,37.1,37.3,2.9000015,8.381508,142.0,15965.0,0.504613108215332,False,REGULAR,USD
NVDA,2027-06-17,call,2026-01-21T21:40:14.607215+00:00,NVDA270617C00210000,2026-01-21 20:42:15+00:00,210.0,34.0,33.55,33.75,2.5300007,8.039405,66.0,6767.0,0.5009815527343751,False,REGULAR,USD
NVDA,2027-06-17,call,2026-01-21T21:40:14.607215+00:00,NVDA270617C00220000,2026-01-21 20:42:31+00:00,220.0,30.85,30.45,30.6,2.3999996,8.435851,162.0,6559.0,0.49765516998291026,False,REGULAR,USD
NVDA,2027-06-17,call,2026-01-21T21:40:14.607215+00:00,NVDA270617C00230000,2026-01-21 20:48:45+00:00,230.0,28.05,27.45,27.65,2.1999989,8.510633,131.0,3231.0,0.4936574072265626,False,REGULAR,USD
NVDA,2027-06-17,call,2026-01-21T21:40:14.607215+00:00,NVDA270617C00240000,2026-01-21 15:14:02+00:00,240.0,23.7,24.85,25.05,0.40999985,1.7604115,27.0,2589.0,0.4909413699340821,False,REGULAR,USD
NVDA,2027-06-17,call,2026-01-21T21:40:14.607215+00:00,NVDA270617C00250000,2026-01-21 20:57:18+00:00,250.0,22.65,22.55,22.75,1.4799995,6.991023,80.0,5781.0,0.4891713681030274,False,REGULAR,USD
NVDA,2027-06-17,call,2026-01-21T21:40:14.607215+00:00,NVDA270617C00260000,2026-01-21 19:43:32+00:00,260.0,20.75,20.45,20.6,1.6499996,8.6387415,88.0,5625.0,0.4867757621765137,False,REGULAR,USD
NVDA,2027-06-17,call,2026-01-21T21:40:14.607215+00:00,NVDA270617C00270000,2026-01-21 20:08:47+00:00,270.0,19.1,18.6,18.75,1.75,10.086455,176.0,2975.0,0.48578395080566406,False,REGULAR,USD
NVDA,2027-06-17,call,2026-01-21T21:40:14.607215+00:00,NVDA270617C00280000,2026-01-21 20:46:11+00:00,280.0,17.25,16.85,17.05,1.5,9.523809,88.0,1564.0,0.48459377716064456,False,REGULAR,USD
NVDA,2027-06-17,call,2026-01-21T21:40:14.607215+00:00,NVDA270617C00290000,2026-01-21 17:11:18+00:00,290.0,14.65,15.35,15.5,0.34999943,2.4475484,19.0,1099.0,0.48337308624267583,False,REGULAR,USD
NVDA,2027-06-17,call,2026-01-21T21:40:14.607215+00:00,NVDA270617C00300000,2026-01-21 20:45:03+00:00,300.0,14.3,14.0,14.15,1.3200006,10.169497,108.0,5523.0,0.4829916203308106,False,REGULAR,USD
NVDA,2027-06-17,call,2026-01-21T21:40:14.607215+00:00,NVDA270617C00310000,2026-01-21 17:09:08+00:00,310.0,12.2,12.8,12.95,0.23999977,2.006687,1.0,1242.0,0.4830068789672852,False,REGULAR,USD
NVDA,2027-06-17,call,2026-01-21T21:40:14.607215+00:00,NVDA270617C00320000,2026-01-21 20:21:33+00:00,320.0,12.05,11.7,11.85,1.1700001,10.753677,2.0,1121.0,0.4828542926025391,False,REGULAR,USD
NVDA,2027-06-17,call,2026-01-21T21:40:14.607215+00:00,NVDA270617C00330000,2026-01-21 20:33:43+00:00,330.0,11.05,10.7,10.85,1.0900002,10.943776,13.0,1241.0,0.4827322235107422,False,REGULAR,USD
NVDA,2027-06-17,call,2026-01-21T21:40:14.607215+00:00,NVDA270617C00340000,2026-01-20 17:59:17+00:00,340.0,9.22,9.8,9.95,0.0,0.0,44.0,947.0,0.48279325805664064,False,REGULAR,USD
NVDA,2027-06-17,call,2026-01-21T21:40:14.607215+00:00,NVDA270617C00350000,2026-01-21 20:23:14+00:00,350.0,9.33,9.0,9.15,1.0299997,12.409635,21.0,5018.0,0.48312894805908213,False,REGULAR,USD
NVDA,2027-06-17,call,2026-01-21T21:40:14.607215+00:00,NVDA270617C00360000,2026-01-21 20:45:40+00:00,360.0,8.54,8.3,8.45,0.9899998,13.112579,13.0,1445.0,0.48398343170166025,False,REGULAR,USD
NVDA,2027-06-17,call,2026-01-21T21:40:14.607215+00:00,NVDA270617C00370000,2026-01-20 20:32:09+00:00,370.0,7.14,7.65,7.8,0.01999998,0.2808986,1.0,922.0,0.4846242944335938,False,REGULAR,USD
NVDA,2027-06-17,call,2026-01-21T21:40:14.607215+00:00,NVDA270617C00380000,2026-01-21 20:14:41+00:00,380.0,7.3,7.05,7.2,0.75,11.450381,12.0,2448.0,0.48511257080078124,False,REGULAR,USD
NVDA,2027-06-17,call,2026-01-21T21:40:14.607215+00:00,NVDA270617C00390000,2026-01-20 20:51:40+00:00,390.0,6.1,6.5,6.65,0.0,0.0,3.0,879.0,0.48560084716796875,False,REGULAR,USD
NVDA,2027-06-17,call,2026-01-21T21:40:14.607215+00:00,NVDA270617C00400000,2026-01-21 16:26:16+00:00,400.0,5.75,6.0,6.15,0.13000011,2.3131692,71.0,1883.0,0.48608912353515626,False,REGULAR,USD
NVDA,2027-06-17,call,2026-01-21T21:40:14.607215+00:00,NVDA270617C00410000,2026-01-20 19:15:40+00:00,410.0,5.21,5.6,5.75,0.0,0.0,2.0,403.0,0.4878286080932618,False,REGULAR,USD
NVDA,2027-06-17,call,2026-01-21T21:40:14.607215+00:00,NVDA270617C00420000,2026-01-21 20:14:28+00:00,420.0,5.36,5.15,5.3,0.5999999,12.60504,64.0,2773.0,0.48767602172851565,False,REGULAR,USD
NVDA,2027-06-17,put,2026-01-21T21:40:14.607215+00:00,NVDA270617P00005000,2025-12-31 14:33:32+00:00,5.0,0.03,0.0,0.04,0.0,0.0,2000.0,3303.0,1.0625046875000002,False,REGULAR,USD
NVDA,2027-06-17,put,2026-01-21T21:40:14.607215+00:00,NVDA270617P00010000,2026-01-12 20:40:15+00:00,10.0,0.04,0.02,0.06,0.0,0.0,5.0,249.0,0.9023447265625,False,REGULAR,USD
NVDA,2027-06-17,put,2026-01-21T21:40:14.607215+00:00,NVDA270617P00015000,2026-01-16 14:30:02+00:00,15.0,0.06,0.03,0.1,0.0,0.0,1.0,409.0,0.8085956640624999,False,REGULAR,USD
NVDA,2027-06-17,put,2026-01-21T21:40:14.607215+00:00,NVDA270617P00020000,2026-01-14 16:43:43+00:00,20.0,0.13,0.08,0.15,0.0,0.0,10.0,541.0,0.7607445800781252,False,REGULAR,USD
NVDA,2027-06-17,put,2026-01-21T21:40:14.607215+00:00,NVDA270617P00025000,2026-01-20 16:29:21+00:00,25.0,0.17,0.15,0.21,0.0,0.0,1.0,846.0,0.7216824707031251,False,REGULAR,USD
NVDA,2027-06-17,put,2026-01-21T21:40:14.607215+00:00,NVDA270617P00030000,2026-01-21 19:57:03+00:00,30.0,0.27,0.23,0.29,0.030000016,12.500008,20.0,135.0,0.6875031250000001,False,REGULAR,USD
NVDA,2027-06-17,put,2026-01-21T21:40:14.607215+00:00,NVDA270617P00035000,2026-01-16 15:21:39+00:00,35.0,0.34,0.33,0.4,0.0,0.0,20.0,437.0,0.6601596484375001,False,REGULAR,USD
NVDA,2027-06-17,put,2026-01-21T21:40:14.607215+00:00,NVDA270617P00040000,2026-01-21 15:24:07+00:00,40.0,0.52,0.45,0.52,0.059999973,13.043471,56.0,458.0,0.6345251391601563,False,REGULAR,USD
NVDA,2027-06-17,put,2026-01-21T21:40:14.607215+00:00,NVDA270617P00045000,2026-01-14 17:07:42+00:00,45.0,0.65,0.6,0.67,0.0,0.0,5.0,310.0,0.6127968408203126,False,REGULAR,USD
NVDA,2027-06-17,put,2026-01-21T21:40:14.607215+00:00,NVDA270617P00050000,2026-01-21 17:54:15+00:00,50.0,0.86,0.79,0.85,-0.00999999,-1.1494242,15.0,4547.0,0.5942423388671876,False,REGULAR,USD
NVDA,2027-06-17,put,2026-01-21T21:40:14.607215+00:00,NVDA270617P00055000,2026-01-21 18:58:25+00:00,55.0,1.07,1.01,1.07,-0.029999971,-2.7272701,11.0,621.0,0.5773968041992188,False,REGULAR,USD
NVDA,2027-06-17,put,2026-01-21T21:40:14.607215+00:00,NVDA270617P00060000,2026-01-21 14:30:00+00:00,60.0,1.37,1.26,1.33,0.16999996,14.166663,1.0,1225.0,0.5617719604492188,False,REGULAR,USD
NVDA,2027-06-17,put,2026-01-21T21:40:14.607215+00:00,NVDA270617P00065000,2026-01-21 20:36:42+00:00,65.0,1.57,1.56,1.62,-0.15999997,-9.248552,3.0,1176.0,0.5472457385253908,False,REGULAR,USD
NVDA,2027-06-17,put,2026-01-21T21:40:14.607215+00:00,NVDA270617P00070000,2026-01-20 16:01:54+00:00,70.0,2.01,1.91,1.98,0.0,0.0,1.0,3136.0,0.5347946911621093,False,REGULAR,USD
NVDA,2027-06-17,put,2026-01-21T21:40:14.607215+00:00,NVDA270617P00075000,2026-01-20 20:58:50+00:00,75.0,2.57,2.32,2.39,0.0,0.0,17.0,4367.0,0.523320196533203,False,REGULAR,USD
NVDA,2027-06-17,put,2026-01-21T21:40:14.607215+00:00,NVDA270617P00080000,2026-01-20 17:57:34+00:00,80.0,3.02,2.79,2.86,0.0,0.0,3.0,9593.0,0.5127001855468749,False,REGULAR,USD
NVDA,2027-06-17,put,2026-01-21T21:40:14.607215+00:00,NVDA270617P00085000,2026-01-21 15:15:37+00:00,85.0,3.5,3.3,3.45,-0.1500001,-4.1095915,1.0,7716.0,0.503483969116211,False,REGULAR,USD
NVDA,2027-06-17,put,2026-01-21T21:40:14.607215+00:00,NVDA270617P00090000,2026-01-21 17:09:12+00:00,90.0,4.2,3.95,4.05,-0.19000006,-4.3280196,12.0,3104.0,0.49670913452148446,False,REGULAR,USD
NVDA,2027-06-17,put,2026-01-21T21:40:14.607215+00:00,NVDA270617P00095000,2026-01-21 15:38:32+00:00,95.0,4.8,4.65,4.75,0.44000006,10.091744,1.0,3753.0,0.4883474017333985,False,REGULAR,USD
NVDA,2027-06-17,put,2026-01-21T21:40:14.607215+00:00,NVDA270617P00100000,2026-01-21 19:27:41+00:00,100.0,5.65,5.45,5.55,-0.3199997,-5.360129,12.0,13183.0,0.48102325622558595,False,REGULAR,USD
NVDA,2027-06-17,put,2026-01-21T21:40:14.607215+00:00,NVDA270617P00105000,2026-01-20 17:31:46+00:00,105.0,6.75,6.3,6.45,0.0,0.0,6.0,3936.0,0.4744315252685547,False,REGULAR,USD
NVDA,2027-06-17,put,2026-01-21T21:40:14.607215+00:00,NVDA270617P00110000,2026-01-21 15:21:11+00:00,110.0,7.65,7.3,7.4,-0.23000002,-2.918782,6.0,7137.0,0.46713789703369146,False,REGULAR,USD
NVDA,2027-06-17,put,2026-01-21T21:40:14.607215+00:00,NVDA270617P00115000,2026-01-21 18:29:01+00:00,115.0,8.46,8.35,8.5,-0.64000034,-7.1991034,10.0,4571.0,0.46143116699218756,False,REGULAR,USD
NVDA,2027-06-17,put,2026-01-21T21:40:14.607215+00:00,NVDA270617P00120000,2026-01-21 20:00:02+00:00,120.0,9.35,9.55,9.7,-1.0199995,-9.8360615,20.0,6291.0,0.45596857513427735,False,REGULAR,USD
NVDA,2027-06-17,put,2026-01-21T21:40:14.607215+00:00,NVDA270617P00125000,2026-01-21 20:08:51+00:00,125.0,10.73,10.85,11.0,-0.5600004,-4.9601455,299.0,10633.0,0.45062805236816406,False,REGULAR,USD
NVDA,2027-06-17,put,2026-01-21T21:40:14.607215+00:00,NVDA270617P00130000,2026-01-21 20:33:25+00:00,130.0,12.2,12.25,12.4,-0.9300003,-7.0830183,39.0,7408.0,0.44540959869384766,False,REGULAR,USD
NVDA,2027-06-17,put,2026-01-21T21:40:14.607215+00:00,NVDA270617P00135000,2026-01-21 20:57:45+00:00,135.0,13.85,13.75,13.95,-1.25,-8.278146,45.0,3487.0,0.4410761459350586,False,REGULAR,USD
NVDA,2027-06-17,put,2026-01-21T21:40:14.607215+00:00,NVDA270617P00140000,2026-01-21 20:24:25+00:00,140.0,15.25,15.45,15.6,-1.5499992,-9.226187,269.0,10010.0,0.4366816586303711,False,REGULAR,USD
NVDA,2027-06-17,put,2026-01-21T21:40:14.607215+00:00,NVDA270617P00145000,2026-01-21 19:59:24+00:00,145.0,16.82,17.15,17.3,-1.8299999,-9.812333,48.0,4772.0,0.43149372222900395,False,REGULAR,USD
NVDA,2027-06-17,put,2026-01-21T21:40:14.607215+00:00,NVDA270617P00150000,2026-01-21 19:50:09+00:00,150.0,18.65,19.05,19.2,-1.8700008,-9.113065,134.0,15025.0,0.42774009765625004,False,REGULAR,USD
NVDA,2027-06-17,put,2026-01-21T21:40:14.607215+00:00,NVDA270617P00155000,2026-01-21 20:35:39+00:00,155.0,20.81,21.0,21.2,-1.8900013,-8.325996,1.0,3087.0,0.42389492126464845,False,REGULAR,USD
NVDA,2027-06-17,put,2026-01-21T21:40:14.607215+00:00,NVDA270617P00160000,2026-01-21 15:33:25+00:00,160.0,23.8,23.1,23.25,-1.1000004,-4.417672,12.0,4816.0,0.41928681304931636,False,REGULAR,USD
NVDA,2027-06-17,put,2026-01-21T21:40:14.607215+00:00,NVDA270617P00165000,2026-01-21 14:52:00+00:00,165.0,26.35,25.3,25.55,-0.39999962,-1.4953257,10.0,3217.0,0.4166012930297851,False,REGULAR,USD
NVDA,2027-06-17,put,2026-01-21T21:40:14.607215+00:00,NVDA270617P00170000,2026-01-21 20:33:55+00:00,170.0,27.35,27.65,27.85,-2.3999996,-8.067225,16.0,4613.0,0.41251197845458976,False,REGULAR,USD
NVDA,2027-06-17,put,2026-01-21T21:40:14.607215+00:00,NVDA270617P00175000,2026-01-21 20:35:06+00:00,175.0,29.75,30.1,30.3,-2.5,-7.751938,42.0,2307.0,0.4090024920654296,False,REGULAR,USD
NVDA,2027-06-17,put,2026-01-21T21:40:14.607215+00:00,NVDA270617P00180000,2026-01-21 17:00:27+00:00,180.0,33.85,32.6,32.85,-0.70000076,-2.0260515,12.0,5371.0,0.4054167124938965,False,REGULAR,USD
NVDA,2027-06-17,put,2026-01-21T21:40:14.607215+00:00,NVDA270617P00185000,2026-01-21 19:42:27+00:00,185.0,35.21,35.25,35.45,-2.4700012,-6.555205,7.0,2922.0,0.40122058746337885,True,REGULAR,USD
NVDA,2027-06-17,put,2026-01-21T21:40:14.607215+00:00,NVDA270617P00190000,2026-01-20 18:01:57+00:00,190.0,37.95,38.0,38.3,-1.75,-4.4080606,1.0,1740.0,0.3987639469909668,True,REGULAR,USD
NVDA,2027-06-17,put,2026-01-21T21:40:14.607215+00:00,NVDA270617P00195000,2026-01-21 19:23:24+00:00,195.0,42.05,40.9,41.15,-0.9000015,-2.0954633,2.0,983.0,0.3951171328735352,True,REGULAR,USD
NVDA,2027-06-17,put,2026-01-21T21:40:14.607215+00:00,NVDA270617P00200000,2026-01-21 20:29:34+00:00,200.0,43.85,43.85,44.05,-1.8900032,-4.1320577,10.0,2240.0,0.3909362664794922,True,REGULAR,USD
NVDA,2027-06-17,put,2026-01-21T21:40:14.607215+00:00,NVDA270617P00210000,2026-01-21 20:29:34+00:00,210.0,50.05,50.05,50.4,-1.4000015,-2.7210913,10.0,1947.0,0.38554996780395495,True,REGULAR,USD
NVDA,2027-06-17,put,2026-01-21T21:40:14.607215+00:00,NVDA270617P00220000,2026-01-20 20:20:48+00:00,220.0,59.75,56.65,56.95,0.0,0.0,338.0,1034.0,0.3782105636596679,True,REGULAR,USD
NVDA,2027-06-17,put,2026-01-21T21:40:14.607215+00:00,NVDA270617P00230000,2026-01-20 14:57:01+00:00,230.0,65.89,63.6,63.95,0.0,0.0,1.0,301.0,0.37198503997802734,True,REGULAR,USD
NVDA,2027-06-17,put,2026-01-21T21:40:14.607215+00:00,NVDA270617P00240000,2026-01-21 19:08:10+00:00,240.0,72.55,70.9,71.25,-0.75,-1.0231923,2.0,888.0,0.36536279174804687,True,REGULAR,USD
NVDA,2027-06-17,put,2026-01-21T21:40:14.607215+00:00,NVDA270617P00250000,2026-01-20 15:07:23+00:00,250.0,80.9,78.5,78.85,0.0,0.0,3.0,580.0,0.35855743988037114,True,REGULAR,USD
NVDA,2027-06-17,put,2026-01-21T21:40:14.607215+00:00,NVDA270617P00260000,2026-01-14 15:50:06+00:00,260.0,87.8,86.35,86.75,0.0,0.0,4.0,289.0,0.3517978639221191,True,REGULAR,USD
NVDA,2027-06-17,put,2026-01-21T21:40:14.607215+00:00,NVDA270617P00270000,2026-01-14 16:00:15+00:00,270.0,95.84,94.5,94.9,0.0,0.0,4.0,145.0,0.34467208068847655,True,REGULAR,USD
NVDA,2027-06-17,put,2026-01-21T21:40:14.607215+00:00,NVDA270617P00280000,2026-01-20 18:27:28+00:00,280.0,105.76,102.8,103.2,0.0,0.0,55.0,402.0,0.33576103698730464,True,REGULAR,USD
NVDA,2027-06-17,put,2026-01-21T21:40:14.607215+00:00,NVDA270617P00290000,2026-01-21 14:53:37+00:00,290.0,113.85,111.4,111.85,3.619995,3.2840378,10.0,501.0,0.32852844329833975,True,REGULAR,USD
NVDA,2027-06-17,put,2026-01-21T21:40:14.607215+00:00,NVDA270617P00300000,2026-01-20 20:50:42+00:00,300.0,124.35,120.2,120.65,0.0,0.0,2.0,511.0,0.3198920550537109,True,REGULAR,USD
NVDA,2027-06-17,put,2026-01-21T21:40:14.607215+00:00,NVDA270617P00310000,2026-01-21 20:54:10+00:00,310.0,128.8,129.15,129.55,-4.5,-3.375844,12.0,220.0,0.3084175604248046,True,REGULAR,USD
NVDA,2027-06-17,put,2026-01-21T21:40:14.607215+00:00,NVDA270617P00320000,2026-01-21 20:54:10+00:00,320.0,137.9,138.35,138.8,-4.810013,-3.3704803,11.0,231.0,0.3006661730957031,True,REGULAR,USD
NVDA,2027-06-17,put,2026-01-21T21:40:14.607215+00:00,NVDA270617P00330000,2026-01-20 20:48:09+00:00,330.0,152.19,147.3,148.75,0.0,0.0,6.0,56.0,0.31116411499023433,True,REGULAR,USD
NVDA,2027-06-17,put,2026-01-21T21:40:14.607215+00:00,NVDA270617P00340000,2026-01-20 20:46:30+00:00,340.0,161.84,156.95,157.95,0.0,0.0,19.0,58.0,0.2940134075927734,True,REGULAR,USD
NVDA,2027-06-17,put,2026-01-21T21:40:14.607215+00:00,NVDA270617P00350000,2026-01-21 19:27:39+00:00,350.0,168.4,166.55,167.85,-3.2000122,-1.8648089,1.0,15.0,0.3001778967285156,True,REGULAR,USD
NVDA,2027-06-17,put,2026-01-21T21:40:14.607215+00:00,NVDA270617P00360000,2026-01-20 20:45:12+00:00,360.0,181.34,174.85,177.7,0.0,0.0,2.0,11.0,0.30322962402343745,True,REGULAR,USD
NVDA,2027-06-17,put,2026-01-21T21:40:14.607215+00:00,NVDA270617P00370000,2026-01-16 18:57:15+00:00,370.0,182.05,184.9,188.45,0.0,0.0,3.0,3.0,0.34430587341308594,True,REGULAR,USD
NVDA,2027-06-17,put,2026-01-21T21:40:14.607215+00:00,NVDA270617P00380000,2026-01-12 20:02:48+00:00,380.0,193.61,194.2,199.3,0.0,0.0,1.0,0.0,0.38220832641601554,True,REGULAR,USD
NVDA,2027-06-17,put,2026-01-21T21:40:14.607215+00:00,NVDA270617P00390000,2025-11-10 19:32:37+00:00,390.0,192.3,198.9,207.25,0.0,0.0,10.0,0.0,0.3039620385742187,True,REGULAR,USD
NVDA,2027-06-17,put,2026-01-21T21:40:14.607215+00:00,NVDA270617P00420000,2026-01-09 17:04:11+00:00,420.0,234.48,234.2,238.8,0.0,0.0,,,0.4030211065673829,True,REGULAR,USD
ADBE,2026-08-21,call,2026-01-21T21:40:16.045443+00:00,ADBE260821C00165000,2025-12-01 19:34:56+00:00,165.0,165.0,171.05,178.25,0.0,0.0,2.0,3.0,1.495913164978027,True,REGULAR,USD
ADBE,2026-08-21,call,2026-01-21T21:40:16.045443+00:00,ADBE260821C00170000,2025-11-21 19:09:49+00:00,170.0,163.79,166.55,173.75,0.0,0.0,4.0,7.0,1.4541653268432615,True,REGULAR,USD
ADBE,2026-08-21,call,2026-01-21T21:40:16.045443+00:00,ADBE260821C00175000,2025-12-04 15:51:26+00:00,175.0,158.15,161.45,170.3,0.0,0.0,2.0,4.0,1.4180021775817873,True,REGULAR,USD
ADBE,2026-08-21,call,2026-01-21T21:40:16.045443+00:00,ADBE260821C00180000,2026-01-02 18:29:38+00:00,180.0,158.0,117.8,121.6,0.0,0.0,1.0,88.0,0.5434005621337892,True,REGULAR,USD
ADBE,2026-08-21,call,2026-01-21T21:40:16.045443+00:00,ADBE260821C00185000,2025-12-01 19:12:18+00:00,185.0,148.2,152.35,160.0,0.0,0.0,2.0,12.0,1.3281283593749997,True,REGULAR,USD
ADBE,2026-08-21,call,2026-01-21T21:40:16.045443+00:00,ADBE260821C00190000,2025-11-21 18:37:25+00:00,190.0,144.2,147.0,153.0,0.0,0.0,14.0,8.0,1.2623633073425293,True,REGULAR,USD
ADBE,2026-08-21,call,2026-01-21T21:40:16.045443+00:00,ADBE260821C00195000,2025-12-05 15:13:07+00:00,195.0,156.9,104.35,108.85,0.0,0.0,2.0,13.0,0.5211839874267576,True,REGULAR,USD
ADBE,2026-08-21,call,2026-01-21T21:40:16.045443+00:00,ADBE260821C00200000,2026-01-20 20:02:49+00:00,200.0,101.65,100.1,104.1,0.0,0.0,1.0,17.0,0.5087329400634766,True,REGULAR,USD
ADBE,2026-08-21,call,2026-01-21T21:40:16.045443+00:00,ADBE260821C00210000,2026-01-20 20:00:25+00:00,210.0,92.95,91.3,95.8,0.0,0.0,1.0,9.0,0.5354965884399415,True,REGULAR,USD
ADBE,2026-08-21,call,2026-01-21T21:40:16.045443+00:00,ADBE260821C00220000,2025-12-19 17:44:40+00:00,220.0,144.5,82.9,87.35,0.0,0.0,4.0,5.0,0.5128832891845703,True,REGULAR,USD
ADBE,2026-08-21,call,2026-01-21T21:40:16.045443+00:00,ADBE260821C00230000,2026-01-20 14:35:32+00:00,230.0,77.89,73.9,78.7,0.0,0.0,1.0,14.0,0.48480739807128903,True,REGULAR,USD
ADBE,2026-08-21,call,2026-01-21T21:40:16.045443+00:00,ADBE260821C00240000,2026-01-16 14:41:43+00:00,240.0,73.62,67.3,72.1,0.0,0.0,1.0,11.0,0.48529567443847654,True,REGULAR,USD
ADBE,2026-08-21,call,2026-01-21T21:40:16.045443+00:00,ADBE260821C00250000,2026-01-16 14:45:52+00:00,250.0,66.0,60.15,64.45,0.0,0.0,1.0,12.0,0.4657341024780274,True,REGULAR,USD
ADBE,2026-08-21,call,2026-01-21T21:40:16.045443+00:00,ADBE260821C00255000,2025-12-17 20:36:03+00:00,255.0,113.25,56.75,61.1,0.0,0.0,8.0,20.0,0.46108021835327156,True,REGULAR,USD
ADBE,2026-08-21,call,2026-01-21T21:40:16.045443+00:00,ADBE260821C00260000,2026-01-02 19:42:11+00:00,260.0,90.25,53.45,58.0,0.0,0.0,2.0,28.0,0.4585320260620118,True,REGULAR,USD
ADBE,2026-08-21,call,2026-01-21T21:40:16.045443+00:00,ADBE260821C00265000,2026-01-15 15:12:22+00:00,265.0,59.5,50.8,54.6,0.0,0.0,6.0,13.0,0.4510247769165039,True,REGULAR,USD
ADBE,2026-08-21,call,2026-01-21T21:40:16.045443+00:00,ADBE260821C00270000,2026-01-21 16:09:07+00:00,270.0,47.88,47.2,50.75,-5.0699997,-9.57507,2.0,24.0,0.4371089004516602,True,REGULAR,USD
ADBE,2026-08-21,call,2026-01-21T21:40:16.045443+00:00,ADBE260821C00275000,2026-01-12 17:40:31+00:00,275.0,71.55,44.4,49.25,0.0,0.0,6.0,4.0,0.4505365005493164,True,REGULAR,USD
ADBE,2026-08-21,call,2026-01-21T21:40:16.045443+00:00,ADBE260821C00280000,2026-01-20 15:09:14+00:00,280.0,40.7,41.7,45.3,0.0,0.0,2.0,19.0,0.43350786224365234,True,REGULAR,USD
ADBE,2026-08-21,call,2026-01-21T21:40:16.045443+00:00,ADBE260821C00285000,2026-01-20 17:54:21+00:00,285.0,40.0,38.85,42.25,0.0,0.0,1.0,8.0,0.42616845809936527,True,REGULAR,USD
ADBE,2026-08-21,call,2026-01-21T21:40:16.045443+00:00,ADBE260821C00290000,2026-01-21 15:52:40+00:00,290.0,37.7,36.35,41.45,0.6000023,1.6172569,1.0,20.0,0.4434717518615722,True,REGULAR,USD
ADBE,2026-08-21,call,2026-01-21T21:40:16.045443+00:00,ADBE260821C00295000,2026-01-21 15:11:03+00:00,295.0,33.8,33.95,37.45,-2.0,-5.586592,10.0,2.0,0.4231319894409179,False,REGULAR,USD
ADBE,2026-08-21,call,2026-01-21T21:40:16.045443+00:00,ADBE260821C00300000,2026-01-21 19:06:10+00:00,300.0,32.65,31.65,36.3,-1.1299973,-3.3451667,86.0,42.0,0.4339198454284668,False,REGULAR,USD
ADBE,2026-08-21,call,2026-01-21T21:40:16.045443+00:00,ADBE260821C00305000,2026-01-07 20:43:15+00:00,305.0,59.5,29.6,34.95,0.0,0.0,4.0,11.0,0.4412745082092285,False,REGULAR,USD
ADBE,2026-08-21,call,2026-01-21T21:40:16.045443+00:00,ADBE260821C00310000,2026-01-20 15:51:40+00:00,310.0,28.0,27.4,31.6,0.0,0.0,1.0,25.0,0.4252376812744141,False,REGULAR,USD
ADBE,2026-08-21,call,2026-01-21T21:40:16.045443+00:00,ADBE260821C00315000,2026-01-16 15:47:43+00:00,315.0,29.4,26.75,28.7,0.0,0.0,1.0,21.0,0.4131833584594726,False,REGULAR,USD
ADBE,2026-08-21,call,2026-01-21T21:40:16.045443+00:00,ADBE260821C00320000,2026-01-13 20:47:07+00:00,320.0,33.2,23.4,28.15,0.0,0.0,9.0,17.0,0.426336303100586,False,REGULAR,USD
ADBE,2026-08-21,call,2026-01-21T21:40:16.045443+00:00,ADBE260821C00325000,2026-01-16 18:34:40+00:00,325.0,26.63,22.15,26.15,0.0,0.0,1.0,142.0,0.422308023071289,False,REGULAR,USD
ADBE,2026-08-21,call,2026-01-21T21:40:16.045443+00:00,ADBE260821C00330000,2026-01-21 19:29:40+00:00,330.0,21.85,21.9,24.35,-0.14999962,-0.68181646,111.0,199.0,0.4195309512329102,False,REGULAR,USD
ADBE,2026-08-21,call,2026-01-21T21:40:16.045443+00:00,ADBE260821C00335000,2026-01-21 15:47:04+00:00,335.0,20.05,20.2,23.0,-2.8500004,-12.445416,3.0,45.0,0.42090422851562503,False,REGULAR,USD
ADBE,2026-08-21,call,2026-01-21T21:40:16.045443+00:00,ADBE260821C00340000,2026-01-20 14:36:03+00:00,340.0,19.25,17.05,21.55,0.0,0.0,5.0,39.0,0.42023284851074216,False,REGULAR,USD
ADBE,2026-08-21,call,2026-01-21T21:40:16.045443+00:00,ADBE260821C00345000,2026-01-16 19:58:04+00:00,345.0,19.75,16.2,21.15,0.0,0.0,3.0,61.0,0.43100544586181644,False,REGULAR,USD
ADBE,2026-08-21,call,2026-01-21T21:40:16.045443+00:00,ADBE260821C00350000,2026-01-21 19:30:47+00:00,350.0,16.8,15.7,19.0,0.34999847,2.1276503,33.0,416.0,0.42035491760253907,False,REGULAR,USD
ADBE,2026-08-21,call,2026-01-21T21:40:16.045443+00:00,ADBE260821C00355000,2026-01-21 16:20:07+00:00,355.0,14.8,13.3,18.65,-3.1999998,-17.777777,1.0,36.0,0.4303645831298829,False,REGULAR,USD
ADBE,2026-08-21,call,2026-01-21T21:40:16.045443+00:00,ADBE260821C00360000,2026-01-20 20:50:18+00:00,360.0,13.53,12.2,17.5,0.0,0.0,1.0,146.0,0.4300288931274414,False,REGULAR,USD
ADBE,2026-08-21,call,2026-01-21T21:40:16.045443+00:00,ADBE260821C00365000,2026-01-21 17:07:27+00:00,365.0,12.6,11.65,15.55,0.12000084,0.9615452,258.0,16.0,0.41878327804565424,False,REGULAR,USD
ADBE,2026-08-21,call,2026-01-21T21:40:16.045443+00:00,ADBE260821C00370000,2026-01-20 17:42:30+00:00,370.0,12.55,12.2,14.55,0.0,0.0,4.0,14.0,0.41855439849853515,False,REGULAR,USD
ADBE,2026-08-21,call,2026-01-21T21:40:16.045443+00:00,ADBE260821C00375000,2026-01-21 16:29:35+00:00,375.0,10.92,11.15,13.6,0.69000053,6.7448735,12.0,23.0,0.41818819122314455,False,REGULAR,USD
ADBE,2026-08-21,call,2026-01-21T21:40:16.045443+00:00,ADBE260821C00380000,2026-01-21 16:29:35+00:00,380.0,10.1,9.5,12.05,-0.6499996,-6.0465083,24.0,16.0,0.4087888711547851,False,REGULAR,USD
ADBE,2026-08-21,call,2026-01-21T21:40:16.045443+00:00,ADBE260821C00385000,2026-01-21 16:29:08+00:00,385.0,9.56,9.75,11.1,-0.6399994,-6.2745037,9.0,386.0,0.4066221447753906,False,REGULAR,USD
ADBE,2026-08-21,call,2026-01-21T21:40:16.045443+00:00,ADBE260821C00390000,2026-01-21 16:30:17+00:00,390.0,8.7,8.55,10.0,-0.6300001,-6.752413,3.0,80.0,0.40134265655517576,False,REGULAR,USD
ADBE,2026-08-21,call,2026-01-21T21:40:16.045443+00:00,ADBE260821C00395000,2026-01-21 18:21:05+00:00,395.0,8.36,8.4,9.35,-0.39000034,-4.4571466,9.0,54.0,0.4018919674682617,False,REGULAR,USD
ADBE,2026-08-21,call,2026-01-21T21:40:16.045443+00:00,ADBE260821C00400000,2026-01-21 18:21:12+00:00,400.0,7.79,7.55,10.8,-0.35000038,-4.299759,12.0,154.0,0.43408769042968753,False,REGULAR,USD
ADBE,2026-08-21,call,2026-01-21T21:40:16.045443+00:00,ADBE260821C00405000,2026-01-21 18:21:12+00:00,405.0,7.22,7.0,9.8,-0.3300004,-4.370866,6.0,34.0,0.42896078857421877,False,REGULAR,USD
ADBE,2026-08-21,call,2026-01-21T21:40:16.045443+00:00,ADBE260821C00410000,2026-01-21 16:32:21+00:00,410.0,6.64,6.25,7.55,-0.21000004,-3.065694,3.0,77.0,0.4019835192871094,False,REGULAR,USD
ADBE,2026-08-21,call,2026-01-21T21:40:16.045443+00:00,ADBE260821C00415000,2026-01-21 16:31:34+00:00,415.0,6.22,5.8,7.05,-0.39000034,-5.9001565,4.0,201.0,0.40241076110839846,False,REGULAR,USD
ADBE,2026-08-21,call,2026-01-21T21:40:16.045443+00:00,ADBE260821C00420000,2026-01-21 19:28:06+00:00,420.0,5.99,5.5,6.6,-0.21000004,-3.3870976,6.0,95.0,0.40320421020507813,False,REGULAR,USD
ADBE,2026-08-21,call,2026-01-21T21:40:16.045443+00:00,ADBE260821C00425000,2026-01-21 20:49:37+00:00,425.0,5.72,5.35,6.1,-0.10000038,-1.7182195,68.0,46.0,0.40241076110839846,False,REGULAR,USD
ADBE,2026-08-21,call,2026-01-21T21:40:16.045443+00:00,ADBE260821C00430000,2026-01-21 20:49:41+00:00,430.0,5.39,5.1,5.75,0.01999998,0.37243915,131.0,270.0,0.40396714202880857,False,REGULAR,USD
ADBE,2026-08-21,call,2026-01-21T21:40:16.045443+00:00,ADBE260821C00435000,2026-01-21 20:49:41+00:00,435.0,4.97,4.6,5.35,0.0,0.0,136.0,281.0,0.4039976593017578,False,REGULAR,USD
ADBE,2026-08-21,call,2026-01-21T21:40:16.045443+00:00,ADBE260821C00440000,2026-01-21 18:56:53+00:00,440.0,4.52,2.81,6.55,0.05000019,1.1185726,74.0,156.0,0.435979761352539,False,REGULAR,USD
ADBE,2026-08-21,call,2026-01-21T21:40:16.045443+00:00,ADBE260821C00445000,2026-01-21 18:58:46+00:00,445.0,4.17,3.95,4.75,-0.17999983,-4.137927,72.0,432.0,0.40680524841308596,False,REGULAR,USD
ADBE,2026-08-21,call,2026-01-21T21:40:16.045443+00:00,ADBE260821C00450000,2026-01-21 19:00:45+00:00,450.0,3.84,2.89,4.35,-0.26,-6.3414636,106.0,464.0,0.4052183502197265,False,REGULAR,USD
ADBE,2026-08-21,call,2026-01-21T21:40:16.045443+00:00,ADBE260821C00455000,2026-01-21 19:00:45+00:00,455.0,3.67,3.4,5.3,-0.19999981,-5.167954,191.0,379.0,0.43396562133789063,False,REGULAR,USD
ADBE,2026-08-21,call,2026-01-21T21:40:16.045443+00:00,ADBE260821C00460000,2026-01-21 18:05:59+00:00,460.0,3.45,3.1,3.85,-0.07999992,-2.2662868,229.0,220.0,0.40750714569091795,False,REGULAR,USD
ADBE,2026-08-21,call,2026-01-21T21:40:16.045443+00:00,ADBE260821C00465000,2026-01-21 16:59:42+00:00,465.0,3.26,2.87,3.75,-0.06999993,-2.1021001,78.0,243.0,0.4119321502685547,False,REGULAR,USD
ADBE,2026-08-21,call,2026-01-21T21:40:16.045443+00:00,ADBE260821C00470000,2026-01-21 19:00:24+00:00,470.0,3.09,1.92,4.55,0.089999914,2.9999971,38.0,195.0,0.4386957986450196,False,REGULAR,USD
ADBE,2026-08-21,call,2026-01-21T21:40:16.045443+00:00,ADBE260821C00475000,2026-01-21 19:00:24+00:00,475.0,2.84,2.71,3.3,0.099999905,3.6496315,237.0,305.0,0.4133359448242187,False,REGULAR,USD
ADBE,2026-08-21,call,2026-01-21T21:40:16.045443+00:00,ADBE260821C00480000,2026-01-21 17:56:36+00:00,480.0,2.7,2.54,3.1,0.03999996,1.503758,205.0,232.0,0.4141293939208984,False,REGULAR,USD
ADBE,2026-08-21,call,2026-01-21T21:40:16.045443+00:00,ADBE260821C00485000,2026-01-21 17:57:19+00:00,485.0,2.6,2.28,2.83,0.13999987,5.6910515,2.0,617.0,0.41235939208984373,False,REGULAR,USD
ADBE,2026-08-21,call,2026-01-21T21:40:16.045443+00:00,ADBE260821C00490000,2026-01-21 18:17:32+00:00,490.0,2.37,2.31,2.68,-0.34000015,-12.546131,28.0,267.0,0.4138852557373046,False,REGULAR,USD
ADBE,2026-08-21,call,2026-01-21T21:40:16.045443+00:00,ADBE260821C00495000,2026-01-21 18:17:32+00:00,495.0,2.18,1.87,2.8,-0.45000005,-17.110268,27.0,673.0,0.42383388671875,False,REGULAR,USD
ADBE,2026-08-21,call,2026-01-21T21:40:16.045443+00:00,ADBE260821C00500000,2026-01-21 19:02:51+00:00,500.0,2.08,1.85,3.2,-0.45000005,-17.786564,2.0,877.0,0.44217476776123044,False,REGULAR,USD
ADBE,2026-08-21,call,2026-01-21T21:40:16.045443+00:00,ADBE260821C00505000,2026-01-21 19:02:51+00:00,505.0,2.0,1.79,2.31,-0.28999996,-12.663754,4.0,169.0,0.41919526123046874,False,REGULAR,USD
ADBE,2026-08-21,call,2026-01-21T21:40:16.045443+00:00,ADBE260821C00510000,2026-01-21 19:02:15+00:00,510.0,1.93,1.77,2.25,-0.120000005,-5.8536587,4.0,359.0,0.4227962994384765,False,REGULAR,USD
ADBE,2026-08-21,call,2026-01-21T21:40:16.045443+00:00,ADBE260821C00515000,2026-01-21 19:03:06+00:00,515.0,1.76,1.56,2.12,-0.120000005,-6.382979,22.0,138.0,0.42358974853515624,False,REGULAR,USD
ADBE,2026-08-21,call,2026-01-21T21:40:16.045443+00:00,ADBE260821C00520000,2026-01-21 19:03:06+00:00,520.0,1.61,1.41,1.94,-0.40999997,-20.297028,1.0,216.0,0.42200285034179685,False,REGULAR,USD
ADBE,2026-08-21,call,2026-01-21T21:40:16.045443+00:00,ADBE260821C00525000,2026-01-16 20:19:11+00:00,525.0,1.9,1.33,2.05,0.0,0.0,1.0,215.0,0.4318904467773438,False,REGULAR,USD
ADBE,2026-08-21,call,2026-01-21T21:40:16.045443+00:00,ADBE260821C00530000,2026-01-12 20:10:27+00:00,530.0,2.6,0.77,2.32,0.0,0.0,46.0,303.0,0.4475763250732422,False,REGULAR,USD
ADBE,2026-08-21,call,2026-01-21T21:40:16.045443+00:00,ADBE260821C00535000,2026-01-09 17:25:13+00:00,535.0,2.72,0.77,2.26,0.0,0.0,44.0,204.0,0.45075012145996096,False,REGULAR,USD
ADBE,2026-08-21,call,2026-01-21T21:40:16.045443+00:00,ADBE260821C00540000,2026-01-20 15:43:11+00:00,540.0,1.7,1.2,1.75,0.0,0.0,1.0,303.0,0.435125277709961,False,REGULAR,USD
ADBE,2026-08-21,put,2026-01-21T21:40:16.045443+00:00,ADBE260821P00165000,2026-01-16 20:20:52+00:00,165.0,1.35,0.1,2.65,0.0,0.0,1.0,48.0,0.5136767382812499,False,REGULAR,USD
ADBE,2026-08-21,put,2026-01-21T21:40:16.045443+00:00,ADBE260821P00170000,2026-01-21 16:50:47+00:00,170.0,1.9,1.61,2.43,0.64,50.79365,6.0,27.0,0.4815725671386719,False,REGULAR,USD
ADBE,2026-08-21,put,2026-01-21T21:40:16.045443+00:00,ADBE260821P00175000,2025-12-30 19:27:05+00:00,175.0,0.57,0.0,6.25,0.0,0.0,5.0,13.0,0.5911906115722658,False,REGULAR,USD
ADBE,2026-08-21,put,2026-01-21T21:40:16.045443+00:00,ADBE260821P00180000,2026-01-21 19:25:02+00:00,180.0,2.5,1.53,2.97,0.4000001,19.047623,2.0,12.0,0.46106495971679695,False,REGULAR,USD
ADBE,2026-08-21,put,2026-01-21T21:40:16.045443+00:00,ADBE260821P00185000,2026-01-08 18:21:59+00:00,185.0,1.09,2.38,3.1,0.0,0.0,6.0,29.0,0.44470770141601557,False,REGULAR,USD
ADBE,2026-08-21,put,2026-01-21T21:40:16.045443+00:00,ADBE260821P00190000,2026-01-20 17:13:11+00:00,190.0,3.0,2.28,3.9,0.0,0.0,1.0,65.0,0.45050598327636715,False,REGULAR,USD
ADBE,2026-08-21,put,2026-01-21T21:40:16.045443+00:00,ADBE260821P00195000,2026-01-16 17:19:33+00:00,195.0,3.12,3.2,4.2,0.0,0.0,20.0,46.0,0.4382990740966797,False,REGULAR,USD
ADBE,2026-08-21,put,2026-01-21T21:40:16.045443+00:00,ADBE260821P00200000,2026-01-21 16:14:31+00:00,200.0,4.08,2.46,4.3,0.27999997,7.36842,10.0,42.0,0.4200497448730469,False,REGULAR,USD
ADBE,2026-08-21,put,2026-01-21T21:40:16.045443+00:00,ADBE260821P00210000,2026-01-09 15:27:11+00:00,210.0,2.66,3.45,6.8,0.0,0.0,2.0,5.0,0.43884838500976564,False,REGULAR,USD
ADBE,2026-08-21,put,2026-01-21T21:40:16.045443+00:00,ADBE260821P00220000,2026-01-21 14:31:46+00:00,220.0,7.03,4.85,8.95,0.3300004,4.925379,4.0,165.0,0.43765821136474614,False,REGULAR,USD
ADBE,2026-08-21,put,2026-01-21T21:40:16.045443+00:00,ADBE260821P00230000,2026-01-21 14:31:46+00:00,230.0,8.91,7.95,9.75,0.35999966,4.210522,4.0,189.0,0.4063780065917969,False,REGULAR,USD
ADBE,2026-08-21,put,2026-01-21T21:40:16.045443+00:00,ADBE260821P00240000,2026-01-20 17:53:46+00:00,240.0,10.67,10.2,11.7,0.0,0.0,4.0,332.0,0.3923705783081054,False,REGULAR,USD
ADBE,2026-08-21,put,2026-01-21T21:40:16.045443+00:00,ADBE260821P00250000,2026-01-21 15:18:44+00:00,250.0,14.06,10.55,14.85,0.21000004,1.5162457,20.0,162.0,0.39133299102783203,False,REGULAR,USD
ADBE,2026-08-21,put,2026-01-21T21:40:16.045443+00:00,ADBE260821P00255000,2026-01-15 19:43:12+00:00,255.0,12.35,13.3,16.5,0.0,0.0,9.0,399.0,0.38941040283203127,False,REGULAR,USD
ADBE,2026-08-21,put,2026-01-21T21:40:16.045443+00:00,ADBE260821P00260000,2026-01-20 15:30:00+00:00,260.0,16.85,13.7,18.85,0.0,0.0,1.0,186.0,0.39514765014648445,False,REGULAR,USD
ADBE,2026-08-21,put,2026-01-21T21:40:16.045443+00:00,ADBE260821P00265000,2026-01-20 20:47:05+00:00,265.0,18.05,17.65,18.8,0.0,0.0,1.0,14.0,0.36853658813476564,False,REGULAR,USD
ADBE,2026-08-21,put,2026-01-21T21:40:16.045443+00:00,ADBE260821P00270000,2026-01-20 20:47:05+00:00,270.0,20.12,19.3,22.0,0.0,0.0,1.0,21.0,0.38196418823242184,False,REGULAR,USD
ADBE,2026-08-21,put,2026-01-21T21:40:16.045443+00:00,ADBE260821P00275000,2025-10-24 14:20:59+00:00,275.0,13.65,18.45,20.0,0.0,0.0,2.0,2.0,0.3307256869506836,False,REGULAR,USD
ADBE,2026-08-21,put,2026-01-21T21:40:16.045443+00:00,ADBE260821P00280000,2026-01-21 20:17:40+00:00,280.0,24.4,22.35,24.7,0.5,2.0920503,3.0,290.0,0.3590151989746094,False,REGULAR,USD
ADBE,2026-08-21,put,2026-01-21T21:40:16.045443+00:00,ADBE260821P00285000,2026-01-21 15:42:56+00:00,285.0,27.0,24.3,28.85,0.6700001,2.5446262,1.0,80.0,0.37828685684204094,False,REGULAR,USD
ADBE,2026-08-21,put,2026-01-21T21:40:16.045443+00:00,ADBE260821P00290000,2026-01-21 20:12:21+00:00,290.0,29.01,26.5,29.35,-0.6399994,-2.158514,2.0,136.0,0.3541171766662597,False,REGULAR,USD
ADBE,2026-08-21,put,2026-01-21T21:40:16.045443+00:00,ADBE260821P00295000,2026-01-20 17:53:46+00:00,295.0,31.44,30.0,33.7,0.0,0.0,2.0,29.0,0.3723817645263672,True,REGULAR,USD
ADBE,2026-08-21,put,2026-01-21T21:40:16.045443+00:00,ADBE260821P00300000,2026-01-21 19:07:00+00:00,300.0,35.6,31.7,36.35,1.5900002,4.675096,33.0,327.0,0.3700624517822265,True,REGULAR,USD
ADBE,2026-08-21,put,2026-01-21T21:40:16.045443+00:00,ADBE260821P00305000,2026-01-21 16:43:07+00:00,305.0,38.67,34.35,38.65,3.9199982,11.28057,11.0,19.0,0.36255520263671875,True,REGULAR,USD
ADBE,2026-08-21,put,2026-01-21T21:40:16.045443+00:00,ADBE260821P00310000,2026-01-16 16:03:24+00:00,310.0,37.75,37.3,41.4,0.0,0.0,2.0,96.0,0.35883209533691407,True,REGULAR,USD
ADBE,2026-08-21,put,2026-01-21T21:40:16.045443+00:00,ADBE260821P00315000,2026-01-16 16:01:39+00:00,315.0,40.6,40.6,45.2,0.0,0.0,1.0,38.0,0.3656069299316406,True,REGULAR,USD
ADBE,2026-08-21,put,2026-01-21T21:40:16.045443+00:00,ADBE260821P00320000,2026-01-16 19:12:53+00:00,320.0,43.5,43.7,48.0,0.0,0.0,1.0,99.0,0.3599612344360351,True,REGULAR,USD
ADBE,2026-08-21,put,2026-01-21T21:40:16.045443+00:00,ADBE260821P00325000,2026-01-13 14:35:59+00:00,325.0,33.05,47.15,51.6,0.0,0.0,1.0,91.0,0.3621889953613281,True,REGULAR,USD
ADBE,2026-08-21,put,2026-01-21T21:40:16.045443+00:00,ADBE260821P00330000,2026-01-05 16:28:21+00:00,330.0,32.34,50.55,54.8,0.0,0.0,10.0,48.0,0.35869476760864255,True,REGULAR,USD
ADBE,2026-08-21,put,2026-01-21T21:40:16.045443+00:00,ADBE260821P00335000,2026-01-06 16:24:05+00:00,335.0,32.4,54.1,58.3,0.0,0.0,1.0,109.0,0.35751985260009767,True,REGULAR,USD
ADBE,2026-08-21,put,2026-01-21T21:40:16.045443+00:00,ADBE260821P00340000,2026-01-16 17:53:44+00:00,340.0,55.55,57.85,61.9,0.0,0.0,1.0,288.0,0.3564059721374511,True,REGULAR,USD
ADBE,2026-08-21,put,2026-01-21T21:40:16.045443+00:00,ADBE260821P00345000,2025-12-23 17:15:59+00:00,345.0,29.8,61.95,65.55,0.0,0.0,2.0,38.0,0.35480381530761707,True,REGULAR,USD
ADBE,2026-08-21,put,2026-01-21T21:40:16.045443+00:00,ADBE260821P00350000,2026-01-16 20:52:23+00:00,350.0,64.24,65.5,68.35,0.0,0.0,1.0,271.0,0.3411931115722656,True,REGULAR,USD
ADBE,2026-08-21,put,2026-01-21T21:40:16.045443+00:00,ADBE260821P00355000,2026-01-15 16:06:43+00:00,355.0,62.85,68.95,73.3,0.0,0.0,1.0,27.0,0.3540408834838866,True,REGULAR,USD
ADBE,2026-08-21,put,2026-01-21T21:40:16.045443+00:00,ADBE260821P00360000,2026-01-16 15:04:23+00:00,360.0,71.52,72.4,76.55,0.0,0.0,1.0,39.0,0.34363449340820307,True,REGULAR,USD
ADBE,2026-08-21,put,2026-01-21T21:40:16.045443+00:00,ADBE260821P00365000,2026-01-21 16:34:39+00:00,365.0,81.65,76.3,81.3,30.850002,60.72835,25.0,205.0,0.352545537109375,True,REGULAR,USD
ADBE,2026-08-21,put,2026-01-21T21:40:16.045443+00:00,ADBE260821P00370000,2026-01-20 14:49:46+00:00,370.0,81.2,81.8,85.4,0.0,0.0,2.0,28.0,0.3517215707397461,True,REGULAR,USD
ADBE,2026-08-21,put,2026-01-21T21:40:16.045443+00:00,ADBE260821P00375000,2025-11-21 20:28:26+00:00,375.0,70.55,55.9,59.2,0.0,0.0,5.0,12.0,1.0000000000000003e-05,True,REGULAR,USD
ADBE,2026-08-21,put,2026-01-21T21:40:16.045443+00:00,ADBE260821P00380000,2026-01-20 14:49:46+00:00,380.0,89.25,90.2,93.75,0.0,0.0,2.0,11.0,0.3494022579956054,True,REGULAR,USD
ADBE,2026-08-21,put,2026-01-21T21:40:16.045443+00:00,ADBE260821P00385000,2026-01-05 16:57:08+00:00,385.0,65.8,94.05,98.1,0.0,0.0,2.0,1.0,0.3495853616333008,True,REGULAR,USD
ADBE,2026-08-21,put,2026-01-21T21:40:16.045443+00:00,ADBE260821P00390000,2026-01-16 14:56:30+00:00,390.0,96.11,97.85,102.65,0.0,0.0,2.0,4.0,0.3523319161987304,True,REGULAR,USD
ADBE,2026-08-21,put,2026-01-21T21:40:16.045443+00:00,ADBE260821P00400000,2026-01-15 19:51:37+00:00,400.0,100.23,106.1,111.45,0.0,0.0,4.0,10.0,0.35040932800292957,True,REGULAR,USD
ADBE,2026-08-21,put,2026-01-21T21:40:16.045443+00:00,ADBE260821P00405000,2026-01-05 17:04:50+00:00,405.0,79.9,111.95,117.15,0.0,0.0,6.0,11.0,0.37256486816406253,True,REGULAR,USD
ADBE,2026-08-21,put,2026-01-21T21:40:16.045443+00:00,ADBE260821P00410000,2026-01-07 15:55:20+00:00,410.0,81.6,114.5,120.75,0.0,0.0,2.0,2.0,0.3549869189453124,True,REGULAR,USD
ADBE,2026-08-21,put,2026-01-21T21:40:16.045443+00:00,ADBE260821P00415000,2026-01-13 15:32:11+00:00,415.0,100.8,120.0,125.4,0.0,0.0,2.0,3.0,0.3563907135009765,True,REGULAR,USD
ADBE,2026-08-21,put,2026-01-21T21:40:16.045443+00:00,ADBE260821P00420000,2026-01-16 15:41:34+00:00,420.0,123.58,125.35,130.0,0.0,0.0,2.0,2.0,0.3561465753173828,True,REGULAR,USD
ADBE,2026-08-21,put,2026-01-21T21:40:16.045443+00:00,ADBE260821P00425000,2026-01-15 20:44:37+00:00,425.0,121.95,130.2,134.7,0.0,0.0,,2.0,0.35748933532714844,True,REGULAR,USD
ADBE,2026-08-21,put,2026-01-21T21:40:16.045443+00:00,ADBE260821P00430000,2026-01-02 16:01:12+00:00,430.0,99.93,135.0,140.05,0.0,0.0,2.0,3.0,0.373480386352539,True,REGULAR,USD
ADBE,2026-08-21,put,2026-01-21T21:40:16.045443+00:00,ADBE260821P00435000,2026-01-14 18:47:19+00:00,435.0,132.5,139.65,144.35,0.0,0.0,1.0,2.0,0.36475244628906256,True,REGULAR,USD
ADBE,2026-08-21,put,2026-01-21T21:40:16.045443+00:00,ADBE260821P00440000,2026-01-21 20:33:59+00:00,440.0,147.0,143.3,149.0,3.600006,2.5104647,5.0,21.0,0.3632876171875,True,REGULAR,USD
ADBE,2026-08-21,put,2026-01-21T21:40:16.045443+00:00,ADBE260821P00450000,2026-01-15 14:36:55+00:00,450.0,146.0,153.0,158.65,0.0,0.0,4.0,8.0,0.36817038085937503,True,REGULAR,USD
ADBE,2026-08-21,put,2026-01-21T21:40:16.045443+00:00,ADBE260821P00455000,2025-10-14 18:02:10+00:00,455.0,124.44,135.45,141.25,0.0,0.0,1.0,2.0,1.0000000000000003e-05,True,REGULAR,USD
ADBE,2026-08-21,put,2026-01-21T21:40:16.045443+00:00,ADBE260821P00460000,2026-01-20 17:45:18+00:00,460.0,168.66,161.25,170.05,0.0,0.0,1.0,1.0,0.4187680194091796,True,REGULAR,USD
ADBE,2026-08-21,put,2026-01-21T21:40:16.045443+00:00,ADBE260821P00465000,2025-09-25 18:23:22+00:00,465.0,118.9,114.0,123.0,0.0,0.0,,2.0,1.0000000000000003e-05,True,REGULAR,USD
ADBE,2026-08-21,put,2026-01-21T21:40:16.045443+00:00,ADBE260821P00470000,2026-01-14 15:46:22+00:00,470.0,163.5,171.7,180.55,0.0,0.0,1.0,6.0,0.44470770141601557,True,REGULAR,USD
ADBE,2026-08-21,put,2026-01-21T21:40:16.045443+00:00,ADBE260821P00475000,2025-10-03 19:10:00+00:00,475.0,133.2,149.7,155.05,0.0,0.0,2.0,1.0,1.0000000000000003e-05,True,REGULAR,USD
ADBE,2026-08-21,put,2026-01-21T21:40:16.045443+00:00,ADBE260821P00480000,2026-01-02 14:45:39+00:00,480.0,139.1,182.65,190.15,0.0,0.0,2.0,0.0,0.4489801196289062,True,REGULAR,USD
ADBE,2026-08-21,put,2026-01-21T21:40:16.045443+00:00,ADBE260821P00485000,2025-11-25 15:22:21+00:00,485.0,168.46,145.75,154.0,0.0,0.0,1.0,1.0,1.0000000000000003e-05,True,REGULAR,USD
ADBE,2026-08-21,put,2026-01-21T21:40:16.045443+00:00,ADBE260821P00490000,2025-11-25 14:56:47+00:00,490.0,173.62,150.75,159.2,0.0,0.0,1.0,1.0,1.0000000000000003e-05,True,REGULAR,USD
ADBE,2026-08-21,put,2026-01-21T21:40:16.045443+00:00,ADBE260821P00495000,2025-11-25 15:22:21+00:00,495.0,178.12,155.35,162.8,0.0,0.0,1.0,0.0,1.0000000000000003e-05,True,REGULAR,USD
ADBE,2026-08-21,put,2026-01-21T21:40:16.045443+00:00,ADBE260821P00500000,2026-01-15 14:35:03+00:00,500.0,196.2,203.05,208.35,0.0,0.0,1.0,0.0,0.42365078308105464,True,REGULAR,USD
ADBE,2026-08-21,put,2026-01-21T21:40:16.045443+00:00,ADBE260821P00505000,2025-09-19 16:23:24+00:00,505.0,144.28,165.0,172.0,0.0,0.0,1.0,1.0,1.0000000000000003e-05,True,REGULAR,USD
ADBE,2026-08-21,put,2026-01-21T21:40:16.045443+00:00,ADBE260821P00510000,2025-09-19 16:23:24+00:00,510.0,148.78,170.0,175.95,0.0,0.0,1.0,1.0,1.0000000000000003e-05,True,REGULAR,USD
ADBE,2026-08-21,put,2026-01-21T21:40:16.045443+00:00,ADBE260821P00535000,2025-09-09 13:30:23+00:00,535.0,179.3,0.0,0.0,0.0,0.0,,0.0,1.0000000000000003e-05,True,REGULAR,USD
ADBE,2026-08-21,put,2026-01-21T21:40:16.045443+00:00,ADBE260821P00540000,2025-10-23 16:12:31+00:00,540.0,189.5,217.5,224.4,0.0,0.0,,0.0,1.0000000000000003e-05,True,REGULAR,USD
ADBE,2027-06-17,call,2026-01-21T21:40:16.144093+00:00,ADBE270617C00160000,2026-01-16 15:25:18+00:00,160.0,153.5,144.0,152.0,0.0,0.0,1.0,1.0,0.5633588586425782,True,REGULAR,USD
ADBE,2027-06-17,call,2026-01-21T21:40:16.144093+00:00,ADBE270617C00170000,2025-11-18 18:57:56+00:00,170.0,171.0,174.0,181.0,0.0,0.0,1.0,13.0,1.028966036834717,True,REGULAR,USD
ADBE,2027-06-17,call,2026-01-21T21:40:16.144093+00:00,ADBE270617C00175000,2025-10-23 15:04:47+00:00,175.0,192.35,159.0,167.0,0.0,0.0,10.0,7.0,0.8788464263916016,True,REGULAR,USD
ADBE,2027-06-17,call,2026-01-21T21:40:16.144093+00:00,ADBE270617C00180000,2026-01-05 17:02:45+00:00,180.0,167.4,128.0,138.0,0.0,0.0,16.0,25.0,0.5472304798889163,True,REGULAR,USD
ADBE,2027-06-17,call,2026-01-21T21:40:16.144093+00:00,ADBE270617C00185000,2026-01-21 18:34:08+00:00,185.0,126.0,124.0,130.5,-33.949997,-21.225382,1.0,12.0,0.516606396484375,True,REGULAR,USD
ADBE,2027-06-17,call,2026-01-21T21:40:16.144093+00:00,ADBE270617C00190000,2025-10-22 16:33:43+00:00,190.0,186.2,147.05,155.0,0.0,0.0,,5.0,0.8247545600891113,True,REGULAR,USD
ADBE,2027-06-17,call,2026-01-21T21:40:16.144093+00:00,ADBE270617C00195000,2026-01-15 17:43:37+00:00,195.0,129.05,117.0,123.5,0.0,0.0,2.0,0.0,0.5117694087219238,True,REGULAR,USD
ADBE,2027-06-17,call,2026-01-21T21:40:16.144093+00:00,ADBE270617C00200000,2026-01-20 20:05:27+00:00,200.0,117.28,113.0,119.5,0.0,0.0,44.0,25.0,0.5027057786560059,True,REGULAR,USD
ADBE,2027-06-17,call,2026-01-21T21:40:16.144093+00:00,ADBE270617C00210000,2026-01-16 18:19:37+00:00,210.0,115.2,106.0,112.75,0.0,0.0,1.0,2.0,0.530827445678711,True,REGULAR,USD
ADBE,2027-06-17,call,2026-01-21T21:40:16.144093+00:00,ADBE270617C00220000,2026-01-16 15:56:43+00:00,220.0,107.0,99.0,105.75,0.0,0.0,1.0,28.0,0.5184679501342774,True,REGULAR,USD
ADBE,2027-06-17,call,2026-01-21T21:40:16.144093+00:00,ADBE270617C00230000,2025-11-07 17:27:38+00:00,230.0,127.2,128.8,132.6,0.0,0.0,2.0,1.0,0.8003560003662109,True,REGULAR,USD
ADBE,2027-06-17,call,2026-01-21T21:40:16.144093+00:00,ADBE270617C00240000,2025-12-11 19:34:08+00:00,240.0,141.77,88.85,92.3,0.0,0.0,2.0,4.0,0.4946492185974121,True,REGULAR,USD
ADBE,2027-06-17,call,2026-01-21T21:40:16.144093+00:00,ADBE270617C00250000,2026-01-20 16:01:23+00:00,250.0,82.74,81.05,87.35,0.0,0.0,3.0,16.0,0.4957173231506348,True,REGULAR,USD
ADBE,2027-06-17,call,2026-01-21T21:40:16.144093+00:00,ADBE270617C00260000,2026-01-16 18:34:43+00:00,260.0,82.5,75.35,81.3,0.0,0.0,1.0,38.0,0.48550929534912113,True,REGULAR,USD
ADBE,2027-06-17,call,2026-01-21T21:40:16.144093+00:00,ADBE270617C00270000,2026-01-21 15:42:23+00:00,270.0,71.76,72.4,76.8,-0.040000916,-0.05571158,10.0,29.0,0.48613489944458005,True,REGULAR,USD
ADBE,2027-06-17,call,2026-01-21T21:40:16.144093+00:00,ADBE270617C00280000,2026-01-13 15:55:06+00:00,280.0,82.0,64.85,69.75,0.0,0.0,2.0,8.0,0.4651542742919922,True,REGULAR,USD
ADBE,2027-06-17,call,2026-01-21T21:40:16.144093+00:00,ADBE270617C00290000,2026-01-21 15:55:56+00:00,290.0,61.5,62.0,65.15,-0.45000076,-0.72639346,4.0,12.0,0.4616753051757813,True,REGULAR,USD
ADBE,2027-06-17,call,2026-01-21T21:40:16.144093+00:00,ADBE270617C00300000,2026-01-21 19:44:10+00:00,300.0,58.5,58.35,60.9,1.5,2.631579,33.0,148.0,0.4591271128845215,False,REGULAR,USD
ADBE,2027-06-17,call,2026-01-21T21:40:16.144093+00:00,ADBE270617C00310000,2026-01-21 18:12:26+00:00,310.0,52.91,51.9,60.0,-0.6899986,-1.287311,35.0,33.0,0.4794210993957519,False,REGULAR,USD
ADBE,2027-06-17,call,2026-01-21T21:40:16.144093+00:00,ADBE270617C00320000,2026-01-21 18:35:57+00:00,320.0,49.0,46.0,56.0,-1.2099991,-2.4098768,8.0,60.0,0.47530126754760743,False,REGULAR,USD
ADBE,2027-06-17,call,2026-01-21T21:40:16.144093+00:00,ADBE270617C00330000,2026-01-20 17:32:01+00:00,330.0,46.44,44.3,49.25,0.0,0.0,2.0,36.0,0.4499871896362304,False,REGULAR,USD
ADBE,2027-06-17,call,2026-01-21T21:40:16.144093+00:00,ADBE270617C00340000,2026-01-20 20:40:51+00:00,340.0,42.61,41.0,44.85,0.0,0.0,1.0,155.0,0.44028269683837884,False,REGULAR,USD
ADBE,2027-06-17,call,2026-01-21T21:40:16.144093+00:00,ADBE270617C00350000,2026-01-21 18:13:34+00:00,350.0,38.5,38.95,42.65,-1.4099998,-3.5329487,5.0,158.0,0.44502813278198244,False,REGULAR,USD
ADBE,2027-06-17,call,2026-01-21T21:40:16.144093+00:00,ADBE270617C00360000,2026-01-21 18:06:04+00:00,360.0,36.48,35.2,39.6,-0.36999893,-1.0040677,1.0,95.0,0.4423426127624512,False,REGULAR,USD
ADBE,2027-06-17,call,2026-01-21T21:40:16.144093+00:00,ADBE270617C00370000,2026-01-20 17:44:11+00:00,370.0,34.22,32.5,35.7,0.0,0.0,11.0,32.0,0.4321498435974121,False,REGULAR,USD
ADBE,2027-06-17,call,2026-01-21T21:40:16.144093+00:00,ADBE270617C00380000,2026-01-20 14:53:37+00:00,380.0,31.8,30.75,33.8,0.29999924,0.9523785,1.0,55.0,0.4353236399841309,False,REGULAR,USD
ADBE,2027-06-17,call,2026-01-21T21:40:16.144093+00:00,ADBE270617C00390000,2026-01-20 16:19:26+00:00,390.0,28.95,27.8,30.75,0.0,0.0,2.0,58.0,0.4287929435729981,False,REGULAR,USD
ADBE,2027-06-17,call,2026-01-21T21:40:16.144093+00:00,ADBE270617C00400000,2026-01-20 14:38:52+00:00,400.0,26.86,25.2,33.0,-1.1899986,-4.2424192,1.0,116.0,0.4611107356262208,False,REGULAR,USD
ADBE,2027-06-17,call,2026-01-21T21:40:16.144093+00:00,ADBE270617C00410000,2026-01-21 18:12:26+00:00,410.0,24.94,23.95,27.45,-0.43999863,-1.7336432,2.0,35.0,0.43353837951660157,False,REGULAR,USD
ADBE,2027-06-17,call,2026-01-21T21:40:16.144093+00:00,ADBE270617C00420000,2026-01-16 16:50:10+00:00,420.0,24.85,19.0,29.0,0.0,0.0,1.0,49.0,0.4594933201599121,False,REGULAR,USD
ADBE,2027-06-17,call,2026-01-21T21:40:16.144093+00:00,ADBE270617C00430000,2026-01-21 15:42:23+00:00,430.0,21.22,20.65,24.2,-1.9800014,-8.534489,12.0,33.0,0.4349726913452149,False,REGULAR,USD
ADBE,2027-06-17,call,2026-01-21T21:40:16.144093+00:00,ADBE270617C00440000,2026-01-21 15:43:52+00:00,440.0,19.69,18.45,24.8,-2.8599987,-12.682921,30.0,121.0,0.4524896060180664,False,REGULAR,USD
ADBE,2027-06-17,call,2026-01-21T21:40:16.144093+00:00,ADBE270617C00450000,2026-01-21 15:36:59+00:00,450.0,17.81,18.5,19.9,-2.7399998,-13.333332,1.0,43.0,0.42387966262817384,False,REGULAR,USD
ADBE,2027-06-17,call,2026-01-21T21:40:16.144093+00:00,ADBE270617C00460000,2026-01-21 15:41:59+00:00,460.0,16.93,15.45,19.5,-0.27999878,-1.6269541,30.0,87.0,0.4319057054138184,False,REGULAR,USD
ADBE,2027-06-17,call,2026-01-21T21:40:16.144093+00:00,ADBE270617C00470000,2026-01-21 15:41:33+00:00,470.0,15.91,15.8,17.9,-4.960001,-23.766174,2.0,39.0,0.42877768493652346,False,REGULAR,USD
ADBE,2027-06-17,call,2026-01-21T21:40:16.144093+00:00,ADBE270617C00480000,2026-01-21 15:43:52+00:00,480.0,14.56,13.25,16.9,-0.029999733,-0.20561846,7.0,20.0,0.430242514038086,False,REGULAR,USD
ADBE,2027-06-17,call,2026-01-21T21:40:16.144093+00:00,ADBE270617C00490000,2026-01-13 17:59:47+00:00,490.0,13.85,12.95,15.25,-2.1499996,-13.437498,1.0,291.0,0.42485621536254886,False,REGULAR,USD
ADBE,2027-06-17,call,2026-01-21T21:40:16.144093+00:00,ADBE270617C00500000,2026-01-21 19:01:33+00:00,500.0,12.89,12.5,16.7,-0.53999996,-4.0208483,8.0,102.0,0.4484002914428711,False,REGULAR,USD
ADBE,2027-06-17,call,2026-01-21T21:40:16.144093+00:00,ADBE270617C00510000,2026-01-20 17:56:03+00:00,510.0,12.57,11.6,15.4,0.0,0.0,1.0,65.0,0.44550115051269534,False,REGULAR,USD
ADBE,2027-06-17,call,2026-01-21T21:40:16.144093+00:00,ADBE270617C00520000,2026-01-16 16:06:44+00:00,520.0,11.73,9.55,14.9,0.0,0.0,40.0,352.0,0.4497583100891113,False,REGULAR,USD
ADBE,2027-06-17,call,2026-01-21T21:40:16.144093+00:00,ADBE270617C00530000,2026-01-16 19:06:23+00:00,530.0,11.55,9.0,13.2,0.0,0.0,2.0,13.0,0.4413202841186523,False,REGULAR,USD
ADBE,2027-06-17,call,2026-01-21T21:40:16.144093+00:00,ADBE270617C00540000,2026-01-20 20:54:03+00:00,540.0,10.1,8.45,13.6,0.0,0.0,1.0,111.0,0.4540154696655273,False,REGULAR,USD
ADBE,2027-06-17,put,2026-01-21T21:40:16.144093+00:00,ADBE270617P00160000,2026-01-16 15:32:58+00:00,160.0,3.2,2.61,8.25,0.0,0.0,1.0,5.0,0.4710746252441406,False,REGULAR,USD
ADBE,2027-06-17,put,2026-01-21T21:40:16.144093+00:00,ADBE270617P00165000,2025-12-15 14:36:54+00:00,165.0,3.15,2.74,8.85,0.0,0.0,1.0,6.0,0.4627739270019532,False,REGULAR,USD
ADBE,2027-06-17,put,2026-01-21T21:40:16.144093+00:00,ADBE270617P00170000,2026-01-20 14:30:05+00:00,170.0,6.9,5.25,9.1,0.0,0.0,1.0,8.0,0.4483392568969726,False,REGULAR,USD
ADBE,2027-06-17,put,2026-01-21T21:40:16.144093+00:00,ADBE270617P00175000,2026-01-21 20:48:01+00:00,175.0,7.94,5.45,12.4,-0.16000032,-1.9753126,2.0,4.0,0.4808401525878906,False,REGULAR,USD
ADBE,2027-06-17,put,2026-01-21T21:40:16.144093+00:00,ADBE270617P00180000,2026-01-21 20:48:01+00:00,180.0,8.74,4.0,14.0,2.9399996,50.689648,1.0,3.0,0.4840444662475586,False,REGULAR,USD
ADBE,2027-06-17,put,2026-01-21T21:40:16.144093+00:00,ADBE270617P00185000,2026-01-20 20:42:08+00:00,185.0,8.54,7.3,10.2,0.0,0.0,2.0,8.0,0.4114743911743164,False,REGULAR,USD
ADBE,2027-06-17,put,2026-01-21T21:40:16.144093+00:00,ADBE270617P00190000,2026-01-21 18:41:11+00:00,190.0,10.5,9.2,11.8,2.5,31.25,2.0,4.0,0.4164029307556152,False,REGULAR,USD
ADBE,2027-06-17,put,2026-01-21T21:40:16.144093+00:00,ADBE270617P00195000,2025-12-29 17:34:34+00:00,195.0,4.5,9.75,12.65,0.0,0.0,3.0,4.0,0.40993326889038084,False,REGULAR,USD
ADBE,2027-06-17,put,2026-01-21T21:40:16.144093+00:00,ADBE270617P00200000,2026-01-21 16:05:31+00:00,200.0,12.05,11.8,14.15,0.0,0.0,1.0,43.0,0.41104714935302733,False,REGULAR,USD
ADBE,2027-06-17,put,2026-01-21T21:40:16.144093+00:00,ADBE270617P00210000,2026-01-14 18:38:45+00:00,210.0,13.1,12.85,17.0,0.0,0.0,2.0,3.0,0.40836162933349607,False,REGULAR,USD
ADBE,2027-06-17,put,2026-01-21T21:40:16.144093+00:00,ADBE270617P00220000,2026-01-20 20:24:02+00:00,220.0,17.5,14.65,20.4,0.0,0.0,8.0,28.0,0.408132749786377,False,REGULAR,USD
ADBE,2027-06-17,put,2026-01-21T21:40:16.144093+00:00,ADBE270617P00230000,2026-01-20 14:39:33+00:00,230.0,20.4,19.05,23.8,0.0,0.0,1.0,13.0,0.4045927461242676,False,REGULAR,USD
ADBE,2027-06-17,put,2026-01-21T21:40:16.144093+00:00,ADBE270617P00240000,2026-01-20 19:38:50+00:00,240.0,23.5,22.75,25.95,0.0,0.0,6.0,123.0,0.3871216073608398,False,REGULAR,USD
ADBE,2027-06-17,put,2026-01-21T21:40:16.144093+00:00,ADBE270617P00250000,2026-01-21 19:13:05+00:00,250.0,27.9,26.05,29.85,1.5299988,5.802043,2.0,163.0,0.38350531051635744,False,REGULAR,USD
ADBE,2027-06-17,put,2026-01-21T21:40:16.144093+00:00,ADBE270617P00260000,2026-01-21 14:40:18+00:00,260.0,30.0,27.65,32.8,-2.0,-6.25,1.0,153.0,0.3696657272338867,False,REGULAR,USD
ADBE,2027-06-17,put,2026-01-21T21:40:16.144093+00:00,ADBE270617P00270000,2026-01-21 18:44:53+00:00,270.0,36.35,30.0,37.1,2.75,8.184525,2.0,157.0,0.364813480834961,False,REGULAR,USD
ADBE,2027-06-17,put,2026-01-21T21:40:16.144093+00:00,ADBE270617P00280000,2026-01-20 20:24:02+00:00,280.0,41.14,37.3,41.85,0.3999977,0.98183036,2.0,243.0,0.3611208908081054,False,REGULAR,USD
ADBE,2027-06-17,put,2026-01-21T21:40:16.144093+00:00,ADBE270617P00290000,2026-01-21 14:42:27+00:00,290.0,46.35,43.2,45.95,0.5,1.0905126,1.0,64.0,0.3503635520935058,False,REGULAR,USD
ADBE,2027-06-17,put,2026-01-21T21:40:16.144093+00:00,ADBE270617P00300000,2026-01-16 19:40:51+00:00,300.0,51.7,49.15,50.85,3.2000008,6.5979395,1.0,69.0,0.34348190704345705,True,REGULAR,USD
ADBE,2027-06-17,put,2026-01-21T21:40:16.144093+00:00,ADBE270617P00310000,2026-01-20 14:30:07+00:00,310.0,54.64,54.65,58.1,0.0,0.0,1.0,54.0,0.35144691528320304,True,REGULAR,USD
ADBE,2027-06-17,put,2026-01-21T21:40:16.144093+00:00,ADBE270617P00320000,2026-01-16 16:14:35+00:00,320.0,59.36,60.3,64.95,0.0,0.0,3.0,147.0,0.3543460562133788,True,REGULAR,USD
ADBE,2027-06-17,put,2026-01-21T21:40:16.144093+00:00,ADBE270617P00330000,2026-01-09 16:08:38+00:00,330.0,46.61,65.5,71.8,0.0,0.0,1.0,321.0,0.35526157440185535,True,REGULAR,USD
ADBE,2027-06-17,put,2026-01-21T21:40:16.144093+00:00,ADBE270617P00340000,2026-01-21 17:20:00+00:00,340.0,76.37,71.95,79.0,2.2700043,3.0634336,1.0,199.0,0.356878989868164,True,REGULAR,USD
ADBE,2027-06-17,put,2026-01-21T21:40:16.144093+00:00,ADBE270617P00350000,2026-01-16 17:13:04+00:00,350.0,82.85,77.0,84.75,4.919998,6.313356,1.0,187.0,0.34612165115356436,True,REGULAR,USD
ADBE,2027-06-17,put,2026-01-21T21:40:16.144093+00:00,ADBE270617P00360000,2026-01-20 15:03:18+00:00,360.0,90.01,84.3,90.9,0.0,0.0,1.0,36.0,0.336295089263916,True,REGULAR,USD
ADBE,2027-06-17,put,2026-01-21T21:40:16.144093+00:00,ADBE270617P00370000,2026-01-05 17:28:22+00:00,370.0,70.0,93.0,97.45,0.0,0.0,2.0,48.0,0.32738404556274414,True,REGULAR,USD
ADBE,2027-06-17,put,2026-01-21T21:40:16.144093+00:00,ADBE270617P00380000,2026-01-08 18:07:15+00:00,380.0,71.11,98.95,106.25,0.0,0.0,1.0,26.0,0.3342962078857422,True,REGULAR,USD
ADBE,2027-06-17,put,2026-01-21T21:40:16.144093+00:00,ADBE270617P00390000,2025-12-22 19:27:18+00:00,390.0,70.2,107.45,114.75,0.0,0.0,19.0,16.0,0.337622590637207,True,REGULAR,USD
ADBE,2027-06-17,put,2026-01-21T21:40:16.144093+00:00,ADBE270617P00400000,2026-01-15 14:56:27+00:00,400.0,109.25,115.8,123.0,0.0,0.0,35.0,67.0,0.3376073320007324,True,REGULAR,USD
ADBE,2027-06-17,put,2026-01-21T21:40:16.144093+00:00,ADBE270617P00410000,2025-12-17 15:41:42+00:00,410.0,84.65,121.0,131.0,0.0,0.0,2.0,7.0,0.3340368110656738,True,REGULAR,USD
ADBE,2027-06-17,put,2026-01-21T21:40:16.144093+00:00,ADBE270617P00420000,2025-12-22 16:18:22+00:00,420.0,89.27,131.5,137.25,0.0,0.0,3.0,3.0,0.3121864436340332,True,REGULAR,USD
ADBE,2027-06-17,put,2026-01-21T21:40:16.144093+00:00,ADBE270617P00430000,2026-01-07 14:33:04+00:00,430.0,108.75,138.0,147.0,0.0,0.0,3.0,4.0,0.3217078327941894,True,REGULAR,USD
ADBE,2027-06-17,put,2026-01-21T21:40:16.144093+00:00,ADBE270617P00440000,2026-01-13 17:06:16+00:00,440.0,132.51,148.65,155.75,0.0,0.0,4.0,2.0,0.3203803314208984,True,REGULAR,USD
ADBE,2027-06-17,put,2026-01-21T21:40:16.144093+00:00,ADBE270617P00450000,2025-09-05 16:24:54+00:00,450.0,120.97,119.6,124.9,0.0,0.0,1.0,2.0,1.0000000000000003e-05,True,REGULAR,USD
ADBE,2027-06-17,put,2026-01-21T21:40:16.144093+00:00,ADBE270617P00460000,2025-12-15 16:01:58+00:00,460.0,127.8,167.75,173.7,0.0,0.0,1.0,2.0,0.31877817459106433,True,REGULAR,USD
ADBE,2027-06-17,put,2026-01-21T21:40:16.144093+00:00,ADBE270617P00470000,2026-01-02 19:55:41+00:00,470.0,143.22,176.6,182.95,0.0,0.0,1.0,2.0,0.31952584777832027,True,REGULAR,USD
ADBE,2027-06-17,put,2026-01-21T21:40:16.144093+00:00,ADBE270617P00480000,2026-01-16 15:18:26+00:00,480.0,184.21,186.5,193.0,0.0,0.0,2.0,3.0,0.32959654785156245,True,REGULAR,USD
ADBE,2027-06-17,put,2026-01-21T21:40:16.144093+00:00,ADBE270617P00490000,2025-12-22 19:36:14+00:00,490.0,141.95,195.7,202.0,0.0,0.0,2.0,1.0,0.3255987850952148,True,REGULAR,USD
ADBE,2027-06-17,put,2026-01-21T21:40:16.144093+00:00,ADBE270617P00500000,2026-01-15 14:34:40+00:00,500.0,196.3,205.35,211.0,0.0,0.0,,16.0,0.3200141241455078,True,REGULAR,USD
ADBE,2027-06-17,put,2026-01-21T21:40:16.144093+00:00,ADBE270617P00510000,2026-01-13 14:43:01+00:00,510.0,189.74,211.5,220.55,0.0,0.0,1.0,2.0,0.3213568841552734,True,REGULAR,USD
ADBE,2027-06-17,put,2026-01-21T21:40:16.144093+00:00,ADBE270617P00520000,2026-01-13 14:53:35+00:00,520.0,199.5,221.0,231.0,0.0,0.0,1.0,3.0,0.33637138244628906,True,REGULAR,USD
ADBE,2027-06-17,put,2026-01-21T21:40:16.144093+00:00,ADBE270617P00530000,2026-01-13 14:44:37+00:00,530.0,209.5,231.0,241.0,0.0,0.0,1.0,0.0,0.34418380432128903,True,REGULAR,USD
ADBE,2027-06-17,put,2026-01-21T21:40:16.144093+00:00,ADBE270617P00540000,2025-11-28 17:53:16+00:00,540.0,220.5,204.45,211.0,0.0,0.0,1.0,2.0,1.0000000000000003e-05,True,REGULAR,USD
INTC,2026-09-18,call,2026-01-21T21:40:17.499593+00:00,INTC260918C00013000,2026-01-20 18:06:10+00:00,13.0,36.0,39.7,42.9,0.0,0.0,1.0,155.0,0.7500025,True,REGULAR,USD
INTC,2026-09-18,call,2026-01-21T21:40:17.499593+00:00,INTC260918C00015000,2026-01-21 15:40:29+00:00,15.0,38.75,37.8,40.65,4.75,13.970589,2.0,1141.0,1.2773473632812498,True,REGULAR,USD
INTC,2026-09-18,call,2026-01-21T21:40:17.499593+00:00,INTC260918C00018000,2026-01-21 16:01:29+00:00,18.0,37.16,34.95,37.75,5.16,16.125,3.0,875.0,0.6425816992187501,True,REGULAR,USD
INTC,2026-09-18,call,2026-01-21T21:40:17.499593+00:00,INTC260918C00020000,2026-01-21 15:41:47+00:00,20.0,35.0,33.1,35.25,4.0,12.903226,14.0,1312.0,0.92187578125,True,REGULAR,USD
INTC,2026-09-18,call,2026-01-21T21:40:17.499593+00:00,INTC260918C00022000,2026-01-21 15:44:53+00:00,22.0,32.0,31.4,33.65,4.6000004,16.788322,1.0,3052.0,0.631839619140625,True,REGULAR,USD
INTC,2026-09-18,call,2026-01-21T21:40:17.499593+00:00,INTC260918C00025000,2026-01-21 18:49:52+00:00,25.0,29.49,30.0,30.85,3.9699993,15.556423,19.0,6214.0,0.773439765625,True,REGULAR,USD
INTC,2026-09-18,call,2026-01-21T21:40:17.499593+00:00,INTC260918C00027000,2026-01-21 19:49:41+00:00,27.0,28.25,27.75,29.8,5.120001,22.135757,10.0,4746.0,0.7668480346679689,True,REGULAR,USD
INTC,2026-09-18,call,2026-01-21T21:40:17.499593+00:00,INTC260918C00030000,2026-01-21 20:47:28+00:00,30.0,26.0,25.55,27.35,5.1000004,24.401917,520.0,4191.0,0.7629418237304688,True,REGULAR,USD
INTC,2026-09-18,call,2026-01-21T21:40:17.499593+00:00,INTC260918C00032000,2026-01-21 19:20:39+00:00,32.0,23.42,23.4,24.95,3.3700008,16.807985,103.0,4666.0,0.6660189648437502,True,REGULAR,USD
INTC,2026-09-18,call,2026-01-21T21:40:17.499593+00:00,INTC260918C00035000,2026-01-21 20:58:16+00:00,35.0,22.38,21.95,23.05,4.1099987,22.495888,135.0,4618.0,0.7181424670410157,True,REGULAR,USD
INTC,2026-09-18,call,2026-01-21T21:40:17.499593+00:00,INTC260918C00037000,2026-01-21 20:48:37+00:00,37.0,20.68,18.85,21.3,5.29,34.37297,167.0,9170.0,0.6167030517578126,True,REGULAR,USD
INTC,2026-09-18,call,2026-01-21T21:40:17.499593+00:00,INTC260918C00040000,2026-01-21 20:57:05+00:00,40.0,18.8,18.75,19.05,4.999999,36.231876,489.0,6448.0,0.6838410522460938,True,REGULAR,USD
INTC,2026-09-18,call,2026-01-21T21:40:17.499593+00:00,INTC260918C00042000,2026-01-21 20:49:16+00:00,42.0,17.37,17.1,18.05,4.470001,34.651173,52.0,2382.0,0.6728548339843752,True,REGULAR,USD
INTC,2026-09-18,call,2026-01-21T21:40:17.499593+00:00,INTC260918C00045000,2026-01-21 20:48:50+00:00,45.0,15.7,14.85,16.0,4.0999994,35.344822,479.0,3637.0,0.6389196264648438,True,REGULAR,USD
INTC,2026-09-18,call,2026-01-21T21:40:17.499593+00:00,INTC260918C00047000,2026-01-21 20:01:07+00:00,47.0,14.6,14.25,15.1,3.9500008,37.08921,94.0,2733.0,0.6583286120605469,True,REGULAR,USD
INTC,2026-09-18,call,2026-01-21T21:40:17.499593+00:00,INTC260918C00050000,2026-01-21 20:58:20+00:00,50.0,13.25,13.25,13.5,3.8500004,40.95745,278.0,8250.0,0.6665072412109377,True,REGULAR,USD
INTC,2026-09-18,call,2026-01-21T21:40:17.499593+00:00,INTC260918C00052500,2026-01-21 20:59:44+00:00,52.5,12.29,12.1,12.5,4.04,48.969696,758.0,3557.0,0.6671175866699222,True,REGULAR,USD
INTC,2026-09-18,call,2026-01-21T21:40:17.499593+00:00,INTC260918C00055000,2026-01-21 20:53:42+00:00,55.0,11.2,11.05,11.7,3.6,47.368423,537.0,5023.0,0.6715120739746094,False,REGULAR,USD
INTC,2026-09-18,call,2026-01-21T21:40:17.499593+00:00,INTC260918C00060000,2026-01-21 20:59:06+00:00,60.0,9.55,9.4,9.6,3.3200002,53.290535,2258.0,6992.0,0.6651034466552737,False,REGULAR,USD
INTC,2026-09-18,call,2026-01-21T21:40:17.499593+00:00,INTC260918C00065000,2026-01-21 20:57:10+00:00,65.0,8.0,7.95,8.15,2.85,54.80769,487.0,13698.0,0.667239655761719,False,REGULAR,USD
INTC,2026-09-18,call,2026-01-21T21:40:17.499593+00:00,INTC260918C00070000,2026-01-21 20:59:20+00:00,70.0,6.5,6.5,6.9,2.25,50.5618,257.0,374.0,0.6616244775390626,False,REGULAR,USD
INTC,2026-09-18,call,2026-01-21T21:40:17.499593+00:00,INTC260918C00075000,2026-01-21 20:57:31+00:00,75.0,5.85,5.75,5.9,2.28,63.865547,656.0,1597.0,0.6720003503417971,False,REGULAR,USD
INTC,2026-09-18,put,2026-01-21T21:40:17.499593+00:00,INTC260918P00013000,2026-01-21 14:43:00+00:00,13.0,0.14,0.0,0.2,0.030000001,27.272728,1.0,1623.0,0.8242205078124999,False,REGULAR,USD
INTC,2026-09-18,put,2026-01-21T21:40:17.499593+00:00,INTC260918P00015000,2026-01-20 16:40:05+00:00,15.0,0.1,0.05,0.18,0.0,0.0,4.0,7530.0,0.7597680273437502,False,REGULAR,USD
INTC,2026-09-18,put,2026-01-21T21:40:17.499593+00:00,INTC260918P00018000,2026-01-20 20:16:14+00:00,18.0,0.18,0.01,0.54,0.0,0.0,31.0,9811.0,0.7597680273437502,False,REGULAR,USD
INTC,2026-09-18,put,2026-01-21T21:40:17.499593+00:00,INTC260918P00020000,2026-01-16 18:05:52+00:00,20.0,0.24,0.18,0.36,-0.040000007,-14.285716,3.0,12778.0,0.6904327832031252,False,REGULAR,USD
INTC,2026-09-18,put,2026-01-21T21:40:17.499593+00:00,INTC260918P00022000,2026-01-20 16:36:02+00:00,22.0,0.35,0.25,0.59,-0.050000012,-12.500002,1.0,18438.0,0.6875031250000001,False,REGULAR,USD
INTC,2026-09-18,put,2026-01-21T21:40:17.499593+00:00,INTC260918P00025000,2026-01-20 20:13:33+00:00,25.0,0.58,0.28,0.84,-0.15000004,-20.54795,1.0,10233.0,0.639652041015625,False,REGULAR,USD
INTC,2026-09-18,put,2026-01-21T21:40:17.499593+00:00,INTC260918P00027000,2026-01-21 19:34:53+00:00,27.0,0.79,0.64,0.87,-0.13,-14.130435,15.0,9526.0,0.6289099609375001,False,REGULAR,USD
INTC,2026-09-18,put,2026-01-21T21:40:17.499593+00:00,INTC260918P00030000,2026-01-21 19:34:53+00:00,30.0,1.22,1.11,1.43,-0.17999995,-12.857139,86.0,10325.0,0.6352575537109376,False,REGULAR,USD
INTC,2026-09-18,put,2026-01-21T21:40:17.499593+00:00,INTC260918P00032000,2026-01-21 20:57:35+00:00,32.0,1.55,1.4,2.01,-0.34000003,-17.98942,224.0,27108.0,0.63867548828125,False,REGULAR,USD
INTC,2026-09-18,put,2026-01-21T21:40:17.499593+00:00,INTC260918P00035000,2026-01-21 20:23:22+00:00,35.0,2.19,1.81,2.56,-0.28999996,-11.693546,168.0,35074.0,0.6093789062500001,False,REGULAR,USD
INTC,2026-09-18,put,2026-01-21T21:40:17.499593+00:00,INTC260918P00037000,2026-01-21 20:53:46+00:00,37.0,2.65,2.49,2.82,-0.4499998,-14.516124,61.0,6901.0,0.6005899316406251,False,REGULAR,USD
INTC,2026-09-18,put,2026-01-21T21:40:17.499593+00:00,INTC260918P00040000,2026-01-21 19:23:38+00:00,40.0,3.55,3.3,3.8,-0.7700002,-17.82408,602.0,3858.0,0.5943644079589845,False,REGULAR,USD
INTC,2026-09-18,put,2026-01-21T21:40:17.499593+00:00,INTC260918P00042000,2026-01-21 19:22:20+00:00,42.0,4.5,4.05,4.5,-0.65999985,-12.790695,16.0,864.0,0.5936319934082033,False,REGULAR,USD
INTC,2026-09-18,put,2026-01-21T21:40:17.499593+00:00,INTC260918P00045000,2026-01-21 20:59:50+00:00,45.0,5.55,5.35,5.55,-1.0499997,-15.909086,698.0,3820.0,0.588993367919922,False,REGULAR,USD
INTC,2026-09-18,put,2026-01-21T21:40:17.499593+00:00,INTC260918P00047000,2026-01-21 20:53:46+00:00,47.0,6.34,6.15,6.55,-1.0099998,-13.741493,513.0,669.0,0.58789474609375,False,REGULAR,USD
INTC,2026-09-18,put,2026-01-21T21:40:17.499593+00:00,INTC260918P00050000,2026-01-21 19:58:18+00:00,50.0,7.95,7.65,8.05,-1.5500002,-16.31579,9.0,437.0,0.5876506079101562,False,REGULAR,USD
INTC,2026-09-18,put,2026-01-21T21:40:17.499593+00:00,INTC260918P00052500,2026-01-21 20:44:22+00:00,52.5,9.35,9.15,9.75,-1.8499994,-16.517853,85.0,19.0,0.6014444152832032,False,REGULAR,USD
INTC,2026-09-18,put,2026-01-21T21:40:17.499593+00:00,INTC260918P00055000,2026-01-21 20:04:26+00:00,55.0,10.74,9.55,11.1,-2.1599998,-16.744184,95.0,172.0,0.5667767932128907,True,REGULAR,USD
INTC,2026-09-18,put,2026-01-21T21:40:17.499593+00:00,INTC260918P00060000,2026-01-21 20:44:51+00:00,60.0,14.0,13.3,14.55,-1.6999998,-10.828025,44.0,220.0,0.5898478515625001,True,REGULAR,USD
INTC,2026-09-18,put,2026-01-21T21:40:17.499593+00:00,INTC260918P00065000,2026-01-21 15:19:46+00:00,65.0,18.0,17.15,18.3,-1.8999996,-9.547737,4.0,0.0,0.606144075317383,True,REGULAR,USD
INTC,2027-03-19,call,2026-01-21T21:40:17.579065+00:00,INTC270319C00015000,2026-01-21 18:25:42+00:00,15.0,39.25,38.0,43.0,4.950001,14.431489,2.0,20.0,0.9331061376953125,True,REGULAR,USD
INTC,2027-03-19,call,2026-01-21T21:40:17.579065+00:00,INTC270319C00018000,2026-01-15 16:12:20+00:00,18.0,32.0,35.5,39.9,0.0,0.0,2.0,110.0,0.8449722534179687,True,REGULAR,USD
INTC,2027-03-19,call,2026-01-21T21:40:17.579065+00:00,INTC270319C00020000,2026-01-13 20:24:42+00:00,20.0,29.4,33.5,36.85,0.0,0.0,3.0,1275.0,0.6816438085937502,True,REGULAR,USD
INTC,2027-03-19,call,2026-01-21T21:40:17.579065+00:00,INTC270319C00023000,2026-01-21 20:38:17+00:00,23.0,33.0,31.9,36.0,5.3999996,19.565214,6.0,49.0,0.8339860351562498,True,REGULAR,USD
INTC,2027-03-19,call,2026-01-21T21:40:17.579065+00:00,INTC270319C00025000,2026-01-21 18:53:02+00:00,25.0,29.69,30.0,32.15,2.540001,9.355436,21.0,314.0,0.6679720703125002,True,REGULAR,USD
INTC,2027-03-19,call,2026-01-21T21:40:17.579065+00:00,INTC270319C00027000,2026-01-20 17:54:47+00:00,27.0,25.35,28.95,30.8,0.0,0.0,7.0,262.0,0.6980010668945313,True,REGULAR,USD
INTC,2027-03-19,call,2026-01-21T21:40:17.579065+00:00,INTC270319C00030000,2026-01-21 20:57:26+00:00,30.0,27.75,27.25,28.15,5.3500004,23.883932,10.0,387.0,0.6877472631835939,True,REGULAR,USD
INTC,2027-03-19,call,2026-01-21T21:40:17.579065+00:00,INTC270319C00032000,2026-01-21 16:53:44+00:00,32.0,25.75,26.1,26.75,4.629999,21.922344,20.0,97.0,0.689700368652344,True,REGULAR,USD
INTC,2027-03-19,call,2026-01-21T21:40:17.579065+00:00,INTC270319C00035000,2026-01-21 17:32:55+00:00,35.0,23.47,23.5,25.2,3.459999,17.29135,11.0,844.0,0.6728548339843752,True,REGULAR,USD
INTC,2027-03-19,call,2026-01-21T21:40:17.579065+00:00,INTC270319C00037000,2026-01-21 19:33:59+00:00,37.0,22.69,22.5,23.45,4.6100006,25.497791,57.0,602.0,0.659183095703125,True,REGULAR,USD
INTC,2027-03-19,call,2026-01-21T21:40:17.579065+00:00,INTC270319C00040000,2026-01-21 20:55:39+00:00,40.0,21.5,21.25,21.65,4.950001,29.90937,144.0,3261.0,0.6667513793945314,True,REGULAR,USD
INTC,2027-03-19,call,2026-01-21T21:40:17.579065+00:00,INTC270319C00042000,2026-01-21 20:06:20+00:00,42.0,20.28,19.95,20.55,5.580001,37.959187,82.0,485.0,0.6569858520507813,True,REGULAR,USD
INTC,2027-03-19,call,2026-01-21T21:40:17.579065+00:00,INTC270319C00045000,2026-01-21 20:30:54+00:00,45.0,18.35,18.6,19.15,4.450001,32.014393,34.0,1874.0,0.6610141320800782,True,REGULAR,USD
INTC,2027-03-19,call,2026-01-21T21:40:17.579065+00:00,INTC270319C00047000,2026-01-21 20:21:25+00:00,47.0,17.6,17.5,17.95,4.4000006,33.33334,15.0,284.0,0.6485630847167969,True,REGULAR,USD
INTC,2027-03-19,call,2026-01-21T21:40:17.579065+00:00,INTC270319C00050000,2026-01-21 20:30:54+00:00,50.0,16.5,15.7,16.6,3.9499998,31.4741,273.0,3934.0,0.6342810009765626,True,REGULAR,USD
INTC,2027-03-19,call,2026-01-21T21:40:17.579065+00:00,INTC270319C00052500,2026-01-21 20:38:10+00:00,52.5,15.2,15.2,15.85,4.0999994,36.93693,79.0,401.0,0.6514317083740235,True,REGULAR,USD
INTC,2027-03-19,call,2026-01-21T21:40:17.579065+00:00,INTC270319C00055000,2026-01-21 20:38:12+00:00,55.0,14.55,14.2,14.8,4.0600004,39.726032,468.0,1269.0,0.6466710137939453,False,REGULAR,USD
INTC,2027-03-19,call,2026-01-21T21:40:17.579065+00:00,INTC270319C00060000,2026-01-21 20:26:44+00:00,60.0,12.65,12.5,12.95,3.4499998,37.499996,435.0,3846.0,0.6419103192138673,False,REGULAR,USD
INTC,2027-03-19,call,2026-01-21T21:40:17.579065+00:00,INTC270319C00065000,2026-01-21 19:42:27+00:00,65.0,10.55,11.0,11.4,2.5,31.0559,604.0,6879.0,0.6389806610107422,False,REGULAR,USD
INTC,2027-03-19,call,2026-01-21T21:40:17.579065+00:00,INTC270319C00070000,2026-01-21 20:24:14+00:00,70.0,10.08,9.65,10.35,3.58,55.076923,416.0,310.0,0.6420323883056642,False,REGULAR,USD
INTC,2027-03-19,call,2026-01-21T21:40:17.579065+00:00,INTC270319C00075000,2026-01-21 20:55:59+00:00,75.0,9.2,8.9,9.3,2.8999996,46.03174,999.0,2838.0,0.6511875701904297,False,REGULAR,USD
INTC,2027-03-19,put,2026-01-21T21:40:17.579065+00:00,INTC270319P00015000,2026-01-21 16:43:02+00:00,15.0,0.3,0.1,0.67,0.02000001,7.1428604,3.0,407.0,0.7065459033203125,False,REGULAR,USD
INTC,2027-03-19,put,2026-01-21T21:40:17.579065+00:00,INTC270319P00018000,2026-01-21 16:41:22+00:00,18.0,0.43,0.42,0.76,-0.120000005,-21.818182,1.0,146.0,0.6704134521484376,False,REGULAR,USD
INTC,2027-03-19,put,2026-01-21T21:40:17.579065+00:00,INTC270319P00020000,2026-01-13 14:30:45+00:00,20.0,0.8,0.31,1.0,0.0,0.0,1.0,342.0,0.6264685791015626,False,REGULAR,USD
INTC,2027-03-19,put,2026-01-21T21:40:17.579065+00:00,INTC270319P00023000,2026-01-16 18:01:39+00:00,23.0,1.07,0.28,1.2,0.0,0.0,50.0,1718.0,0.5642133422851563,False,REGULAR,USD
INTC,2027-03-19,put,2026-01-21T21:40:17.579065+00:00,INTC270319P00025000,2026-01-21 15:46:23+00:00,25.0,1.3,1.09,1.84,-0.25,-16.129032,150.0,854.0,0.6235389208984375,False,REGULAR,USD
INTC,2027-03-19,put,2026-01-21T21:40:17.579065+00:00,INTC270319P00027000,2026-01-21 18:10:32+00:00,27.0,1.89,1.38,2.13,0.00999999,0.5319144,4.0,385.0,0.6057168334960938,False,REGULAR,USD
INTC,2027-03-19,put,2026-01-21T21:40:17.579065+00:00,INTC270319P00030000,2026-01-21 20:57:12+00:00,30.0,2.3,1.98,2.3,-0.18000007,-7.2580676,13.0,1133.0,0.570316796875,False,REGULAR,USD
INTC,2027-03-19,put,2026-01-21T21:40:17.579065+00:00,INTC270319P00032000,2026-01-21 18:52:17+00:00,32.0,2.82,2.1,3.2,-0.33000016,-10.476195,13.0,172.0,0.567265069580078,False,REGULAR,USD
INTC,2027-03-19,put,2026-01-21T21:40:17.579065+00:00,INTC270319P00035000,2026-01-21 20:09:29+00:00,35.0,3.58,1.03,4.5,-0.59000015,-14.1486845,19.0,1447.0,0.505742247314453,False,REGULAR,USD
INTC,2027-03-19,put,2026-01-21T21:40:17.579065+00:00,INTC270319P00037000,2026-01-21 20:10:48+00:00,37.0,4.25,2.36,4.3,-0.7199998,-14.4869175,10.0,2522.0,0.5012256909179689,False,REGULAR,USD
INTC,2027-03-19,put,2026-01-21T21:40:17.579065+00:00,INTC270319P00040000,2026-01-21 20:11:17+00:00,40.0,5.38,5.15,5.75,-0.80999994,-13.085621,28.0,610.0,0.5642133422851563,False,REGULAR,USD
INTC,2027-03-19,put,2026-01-21T21:40:17.579065+00:00,INTC270319P00042000,2026-01-21 15:01:58+00:00,42.0,5.9,5.45,7.5,-1.1999998,-16.901407,2.0,158.0,0.5726361096191408,False,REGULAR,USD
INTC,2027-03-19,put,2026-01-21T21:40:17.579065+00:00,INTC270319P00045000,2026-01-21 15:22:05+00:00,45.0,7.66,7.35,7.9,-0.64000034,-7.710847,2.0,407.0,0.5576216113281252,False,REGULAR,USD
INTC,2027-03-19,put,2026-01-21T21:40:17.579065+00:00,INTC270319P00047000,2026-01-21 19:40:34+00:00,47.0,8.8,8.35,9.1,-1.3699999,-13.470991,5.0,49.0,0.5615888568115235,False,REGULAR,USD
INTC,2027-03-19,put,2026-01-21T21:40:17.579065+00:00,INTC270319P00050000,2026-01-21 20:52:45+00:00,50.0,10.15,10.0,10.2,-1.3500004,-11.739133,424.0,59.0,0.5491378094482424,False,REGULAR,USD
INTC,2027-03-19,put,2026-01-21T21:40:17.579065+00:00,INTC270319P00052500,2025-12-22 17:32:14+00:00,52.5,18.86,10.75,12.8,0.0,0.0,3.0,99.0,0.559574716796875,False,REGULAR,USD
INTC,2027-03-19,put,2026-01-21T21:40:17.579065+00:00,INTC270319P00055000,2026-01-21 16:52:52+00:00,55.0,12.53,11.95,14.1,-2.9000006,-18.79456,3.0,99.0,0.5470626348876955,True,REGULAR,USD
INTC,2027-03-19,put,2026-01-21T21:40:17.579065+00:00,INTC270319P00060000,2026-01-21 20:43:30+00:00,60.0,16.35,14.45,18.1,-2.9300003,-15.197097,3.0,179.0,0.5465133239746094,True,REGULAR,USD
INTC,2027-03-19,put,2026-01-21T21:40:17.579065+00:00,INTC270319P00065000,2026-01-13 19:23:08+00:00,65.0,23.15,18.95,20.85,0.0,0.0,25.0,27.0,0.5512129840087892,True,REGULAR,USD
INTC,2027-03-19,put,2026-01-21T21:40:17.579065+00:00,INTC270319P00070000,2026-01-15 20:16:31+00:00,70.0,26.05,21.5,25.9,0.0,0.0,,55.0,0.5540816076660158,True,REGULAR,USD
COST,2026-08-21,call,2026-01-21T21:40:19.104607+00:00,COST260821C00490000,2025-12-23 16:18:19+00:00,490.0,373.4,498.1,505.7,0.0,0.0,4.0,2.0,0.6038247625732425,True,REGULAR,USD
COST,2026-08-21,call,2026-01-21T21:40:19.104607+00:00,COST260821C00500000,2025-12-23 16:18:28+00:00,500.0,363.85,488.0,496.25,0.0,0.0,4.0,3.0,0.5920450952148439,True,REGULAR,USD
COST,2026-08-21,call,2026-01-21T21:40:19.104607+00:00,COST260821C00520000,2025-12-23 16:18:14+00:00,520.0,344.05,468.5,476.6,0.0,0.0,2.0,2.0,0.5684857604980469,True,REGULAR,USD
COST,2026-08-21,call,2026-01-21T21:40:19.104607+00:00,COST260821C00560000,2026-01-06 15:06:34+00:00,560.0,336.7,430.0,438.2,0.0,0.0,,1.0,0.5311631356811525,True,REGULAR,USD
COST,2026-08-21,call,2026-01-21T21:40:19.104607+00:00,COST260821C00600000,2026-01-05 16:16:51+00:00,600.0,285.9,391.15,399.65,0.0,0.0,2.0,3.0,0.5319871020507813,True,REGULAR,USD
COST,2026-08-21,call,2026-01-21T21:40:19.104607+00:00,COST260821C00620000,2025-12-29 16:51:28+00:00,620.0,265.75,372.8,380.15,0.0,0.0,2.0,2.0,0.5083056982421875,True,REGULAR,USD
COST,2026-08-21,call,2026-01-21T21:40:19.104607+00:00,COST260821C00640000,2026-01-05 16:16:44+00:00,640.0,248.95,352.8,361.05,0.0,0.0,2.0,3.0,0.4883016258239747,True,REGULAR,USD
COST,2026-08-21,call,2026-01-21T21:40:19.104607+00:00,COST260821C00660000,2025-12-15 19:21:35+00:00,660.0,219.25,334.8,342.0,0.0,0.0,2.0,5.0,0.46866376068115234,True,REGULAR,USD
COST,2026-08-21,call,2026-01-21T21:40:19.104607+00:00,COST260821C00680000,2026-01-08 14:41:30+00:00,680.0,244.4,315.95,323.4,0.0,0.0,1.0,3.0,0.4522454678344727,True,REGULAR,USD
COST,2026-08-21,call,2026-01-21T21:40:19.104607+00:00,COST260821C00700000,2025-12-23 17:32:40+00:00,700.0,179.45,297.0,304.65,0.0,0.0,2.0,3.0,0.4343470872497559,True,REGULAR,USD
COST,2026-08-21,call,2026-01-21T21:40:19.104607+00:00,COST260821C00720000,2025-12-30 18:17:37+00:00,720.0,172.69,278.0,285.0,0.0,0.0,37.0,32.0,0.41039102798461913,True,REGULAR,USD
COST,2026-08-21,call,2026-01-21T21:40:19.104607+00:00,COST260821C00740000,2026-01-16 18:25:59+00:00,740.0,237.6,259.9,267.35,0.0,0.0,1.0,9.0,0.3989012747192383,True,REGULAR,USD
COST,2026-08-21,call,2026-01-21T21:40:19.104607+00:00,COST260821C00760000,2025-12-23 16:29:14+00:00,760.0,131.0,241.8,249.2,0.0,0.0,2.0,3.0,0.3834747932434082,True,REGULAR,USD
COST,2026-08-21,call,2026-01-21T21:40:19.104607+00:00,COST260821C00780000,2026-01-08 15:48:33+00:00,780.0,179.44,223.8,231.35,0.0,0.0,1.0,6.0,0.3689638299560547,True,REGULAR,USD
COST,2026-08-21,call,2026-01-21T21:40:19.104607+00:00,COST260821C00800000,2026-01-13 20:00:28+00:00,800.0,173.03,208.4,213.15,0.0,0.0,1.0,9.0,0.3518588984680175,True,REGULAR,USD
COST,2026-08-21,call,2026-01-21T21:40:19.104607+00:00,COST260821C00820000,2026-01-21 17:10:42+00:00,820.0,186.5,189.45,195.45,72.85,64.1003,2.0,8.0,0.33650108085632324,True,REGULAR,USD
COST,2026-08-21,call,2026-01-21T21:40:19.104607+00:00,COST260821C00830000,2026-01-20 20:44:55+00:00,830.0,168.95,181.2,187.05,0.0,0.0,2.0,9.0,0.33055784194946286,True,REGULAR,USD
COST,2026-08-21,call,2026-01-21T21:40:19.104607+00:00,COST260821C00840000,2026-01-13 17:43:46+00:00,840.0,139.85,173.1,178.9,0.0,0.0,2.0,11.0,0.3253851641845703,True,REGULAR,USD
COST,2026-08-21,call,2026-01-21T21:40:19.104607+00:00,COST260821C00850000,2026-01-16 20:59:41+00:00,850.0,152.36,165.0,171.75,0.0,0.0,2.0,6.0,0.32412632667541497,True,REGULAR,USD
COST,2026-08-21,call,2026-01-21T21:40:19.104607+00:00,COST260821C00860000,2026-01-09 14:57:37+00:00,860.0,110.87,158.4,163.1,0.0,0.0,1.0,28.0,0.3159782147979736,True,REGULAR,USD
COST,2026-08-21,call,2026-01-21T21:40:19.104607+00:00,COST260821C00870000,2026-01-21 20:11:07+00:00,870.0,158.53,150.7,155.1,34.519997,27.836462,2.0,7.0,0.31021807952880853,True,REGULAR,USD
COST,2026-08-21,call,2026-01-21T21:40:19.104607+00:00,COST260821C00880000,2026-01-21 20:00:02+00:00,880.0,150.51,143.6,147.9,32.409996,27.44284,1.0,22.0,0.30725027473449706,True,REGULAR,USD
COST,2026-08-21,call,2026-01-21T21:40:19.104607+00:00,COST260821C00890000,2026-01-08 15:24:16+00:00,890.0,101.05,136.8,140.6,0.0,0.0,5.0,14.0,0.30335169311523436,True,REGULAR,USD
COST,2026-08-21,call,2026-01-21T21:40:19.104607+00:00,COST260821C00900000,2026-01-21 19:27:39+00:00,900.0,131.0,128.85,133.75,14.0,11.965812,4.0,74.0,0.3006509144592285,True,REGULAR,USD
COST,2026-08-21,call,2026-01-21T21:40:19.104607+00:00,COST260821C00910000,2026-01-20 18:34:59+00:00,910.0,112.75,121.9,126.5,0.0,0.0,1.0,9.0,0.2958978491973877,True,REGULAR,USD
COST,2026-08-21,call,2026-01-21T21:40:19.104607+00:00,COST260821C00920000,2026-01-21 16:38:39+00:00,920.0,111.3,115.0,120.35,18.730003,20.233341,1.0,29.0,0.29465427032470703,True,REGULAR,USD
COST,2026-08-21,call,2026-01-21T21:40:19.104607+00:00,COST260821C00930000,2026-01-20 17:47:00+00:00,930.0,101.11,109.35,113.95,0.0,0.0,2.0,9.0,0.29189627178192123,True,REGULAR,USD
COST,2026-08-21,call,2026-01-21T21:40:19.104607+00:00,COST260821C00940000,2026-01-15 19:16:46+00:00,940.0,85.87,102.15,107.95,0.0,0.0,3.0,16.0,0.28996223960876455,True,REGULAR,USD
COST,2026-08-21,call,2026-01-21T21:40:19.104607+00:00,COST260821C00950000,2026-01-21 20:05:16+00:00,950.0,103.28,96.75,101.65,15.010002,17.004648,1.0,106.0,0.28638790401458736,True,REGULAR,USD
COST,2026-08-21,call,2026-01-21T21:40:19.104607+00:00,COST260821C00960000,2026-01-21 18:29:11+00:00,960.0,88.68,89.75,94.9,4.9400024,5.8992147,3.0,41.0,0.280707876586914,True,REGULAR,USD
COST,2026-08-21,call,2026-01-21T21:40:19.104607+00:00,COST260821C00970000,2026-01-21 20:47:34+00:00,970.0,88.54,84.05,90.45,10.370003,13.265963,6.0,44.0,0.2822795161437988,True,REGULAR,USD
COST,2026-08-21,call,2026-01-21T21:40:19.104607+00:00,COST260821C00980000,2026-01-21 18:07:08+00:00,980.0,78.0,78.3,84.0,7.199997,10.169487,4.0,45.0,0.27645834632873534,True,REGULAR,USD
COST,2026-08-21,call,2026-01-21T21:40:19.104607+00:00,COST260821C00990000,2026-01-21 20:54:54+00:00,990.0,76.72,73.55,79.6,13.860001,22.048998,2.0,22.0,0.2769313640594482,False,REGULAR,USD
COST,2026-08-21,call,2026-01-21T21:40:19.104607+00:00,COST260821C01000000,2026-01-21 16:56:29+00:00,1000.0,66.46,68.35,73.05,3.5099983,5.575851,3.0,56.0,0.2695843305969238,False,REGULAR,USD
COST,2026-08-21,call,2026-01-21T21:40:19.104607+00:00,COST260821C01020000,2026-01-21 19:32:35+00:00,1020.0,62.13,60.15,64.8,10.299999,19.872658,1.0,27.0,0.26922575263977055,False,REGULAR,USD
COST,2026-08-21,call,2026-01-21T21:40:19.104607+00:00,COST260821C01040000,2026-01-21 19:20:55+00:00,1040.0,51.31,51.55,56.4,3.9799995,8.409041,23.0,46.0,0.2658802965927124,False,REGULAR,USD
COST,2026-08-21,call,2026-01-21T21:40:19.104607+00:00,COST260821C01060000,2026-01-13 19:01:57+00:00,1060.0,31.65,44.0,49.5,0.0,0.0,2.0,47.0,0.265182213973999,False,REGULAR,USD
COST,2026-08-21,call,2026-01-21T21:40:19.104607+00:00,COST260821C01080000,2026-01-21 20:10:23+00:00,1080.0,40.7,35.75,42.45,8.950001,28.188978,5.0,87.0,0.2615353998565674,False,REGULAR,USD
COST,2026-08-21,call,2026-01-21T21:40:19.104607+00:00,COST260821C01100000,2026-01-20 20:49:21+00:00,1100.0,26.3,30.55,36.95,0.0,0.0,1.0,72.0,0.26105475280761714,False,REGULAR,USD
COST,2026-08-21,call,2026-01-21T21:40:19.104607+00:00,COST260821C01120000,2026-01-15 18:11:44+00:00,1120.0,25.0,25.35,31.75,3.4899998,16.22501,1.0,42.0,0.2594297080230713,False,REGULAR,USD
COST,2026-08-21,call,2026-01-21T21:40:19.104607+00:00,COST260821C01140000,2025-12-10 19:11:39+00:00,1140.0,11.03,20.75,27.0,0.0,0.0,1.0,15.0,0.2572477230072021,False,REGULAR,USD
COST,2026-08-21,call,2026-01-21T21:40:19.104607+00:00,COST260821C01160000,2026-01-14 20:30:11+00:00,1160.0,15.22,16.7,22.75,0.0,0.0,10.0,30.0,0.254813970489502,False,REGULAR,USD
COST,2026-08-21,call,2026-01-21T21:40:19.104607+00:00,COST260821C01180000,2026-01-15 19:37:45+00:00,1180.0,12.36,13.25,18.9,0.0,0.0,5.0,19.0,0.25176224319458,False,REGULAR,USD
COST,2026-08-21,call,2026-01-21T21:40:19.104607+00:00,COST260821C01200000,2026-01-15 19:38:14+00:00,1200.0,13.0,11.0,17.0,2.7399998,26.70565,1.0,32.0,0.25617198913574224,False,REGULAR,USD
COST,2026-08-21,call,2026-01-21T21:40:19.104607+00:00,COST260821C01220000,2026-01-09 19:37:13+00:00,1220.0,6.55,9.6,12.85,0.0,0.0,2.0,24.0,0.24660482406616213,False,REGULAR,USD
COST,2026-08-21,call,2026-01-21T21:40:19.104607+00:00,COST260821C01240000,2026-01-21 16:12:13+00:00,1240.0,8.67,7.65,10.9,1.9700003,29.40299,17.0,6.0,0.2468642208862305,False,REGULAR,USD
COST,2026-08-21,call,2026-01-21T21:40:19.104607+00:00,COST260821C01260000,2026-01-21 16:12:13+00:00,1260.0,7.26,7.4,11.25,4.76,190.40001,15.0,28.0,0.260749580078125,False,REGULAR,USD
COST,2026-08-21,call,2026-01-21T21:40:19.104607+00:00,COST260821C01280000,2026-01-21 16:12:13+00:00,1280.0,6.11,5.9,7.75,-6.89,-53.0,16.0,1.0,0.24706258316040042,False,REGULAR,USD
COST,2026-08-21,call,2026-01-21T21:40:19.104607+00:00,COST260821C01300000,2026-01-20 17:48:14+00:00,1300.0,5.2,4.7,6.45,0.0,0.0,3.0,42.0,0.24662008270263674,False,REGULAR,USD
COST,2026-08-21,call,2026-01-21T21:40:19.104607+00:00,COST260821C01320000,2026-01-20 18:21:20+00:00,1320.0,4.24,4.3,5.65,0.0,0.0,2.0,32.0,0.24910724044799804,False,REGULAR,USD
COST,2026-08-21,call,2026-01-21T21:40:19.104607+00:00,COST260821C01340000,2026-01-20 19:56:52+00:00,1340.0,3.6,2.52,4.85,0.0,0.0,9.0,44.0,0.2504194831848144,False,REGULAR,USD
COST,2026-08-21,call,2026-01-21T21:40:19.104607+00:00,COST260821C01360000,2026-01-15 15:58:28+00:00,1360.0,3.1,2.41,4.35,0.0,0.0,2.0,31.0,0.2538831936645508,False,REGULAR,USD
COST,2026-08-21,call,2026-01-21T21:40:19.104607+00:00,COST260821C01380000,2025-12-29 17:01:31+00:00,1380.0,1.4,2.0,4.1,0.0,0.0,2.0,11.0,0.25965095825195317,False,REGULAR,USD
COST,2026-08-21,call,2026-01-21T21:40:19.104607+00:00,COST260821C01400000,2026-01-12 15:56:35+00:00,1400.0,2.35,0.65,8.15,0.8499999,56.66666,5.0,14.0,0.30940937179565425,False,REGULAR,USD
COST,2026-08-21,call,2026-01-21T21:40:19.104607+00:00,COST260821C01420000,2025-12-29 17:26:03+00:00,1420.0,0.98,1.4,3.05,0.0,0.0,5.0,24.0,0.2619397537231446,False,REGULAR,USD
COST,2026-08-21,call,2026-01-21T21:40:19.104607+00:00,COST260821C01440000,2025-12-31 18:34:56+00:00,1440.0,1.04,0.01,7.85,0.0,0.0,2.0,4.0,0.3246680082702636,False,REGULAR,USD
COST,2026-08-21,call,2026-01-21T21:40:19.104607+00:00,COST260821C01460000,2025-12-31 18:34:56+00:00,1460.0,0.99,0.01,7.7,0.0,0.0,2.0,27.0,0.3319311192321777,False,REGULAR,USD
COST,2026-08-21,call,2026-01-21T21:40:19.104607+00:00,COST260821C01480000,2026-01-13 15:36:01+00:00,1480.0,1.32,0.0,4.8,0.0,0.0,2.0,38.0,0.30940937179565425,False,REGULAR,USD
COST,2026-08-21,put,2026-01-21T21:40:19.104607+00:00,COST260821P00480000,2026-01-21 17:32:13+00:00,480.0,0.69,0.4,0.88,0.13999999,25.454542,12.0,54.0,0.4146787048339844,False,REGULAR,USD
COST,2026-08-21,put,2026-01-21T21:40:19.104607+00:00,COST260821P00490000,2026-01-20 16:07:57+00:00,490.0,0.54,0.0,0.97,0.0,0.0,2.0,19.0,0.40906352661132805,False,REGULAR,USD
COST,2026-08-21,put,2026-01-21T21:40:19.104607+00:00,COST260821P00500000,2026-01-05 17:03:53+00:00,500.0,1.0,0.13,1.08,0.0,0.0,11.0,27.0,0.40418076293945315,False,REGULAR,USD
COST,2026-08-21,put,2026-01-21T21:40:19.104607+00:00,COST260821P00520000,2025-12-23 16:00:18+00:00,520.0,1.53,0.39,7.2,0.0,0.0,4.0,15.0,0.5321396884155273,False,REGULAR,USD
COST,2026-08-21,put,2026-01-21T21:40:19.104607+00:00,COST260821P00540000,2025-12-08 15:01:51+00:00,540.0,2.32,0.5,6.6,0.0,0.0,2.0,49.0,0.49561051269531253,False,REGULAR,USD
COST,2026-08-21,put,2026-01-21T21:40:19.104607+00:00,COST260821P00560000,2025-12-15 17:33:09+00:00,560.0,2.8,0.0,1.81,0.0,0.0,1.0,3.0,0.3699403826904296,False,REGULAR,USD
COST,2026-08-21,put,2026-01-21T21:40:19.104607+00:00,COST260821P00580000,2025-12-29 17:04:19+00:00,580.0,2.47,0.01,6.6,0.0,0.0,1.0,24.0,0.4448908050537109,False,REGULAR,USD
COST,2026-08-21,put,2026-01-21T21:40:19.104607+00:00,COST260821P00600000,2025-12-19 15:23:43+00:00,600.0,4.77,0.2,7.75,0.0,0.0,1.0,26.0,0.43623915817260744,False,REGULAR,USD
COST,2026-08-21,put,2026-01-21T21:40:19.104607+00:00,COST260821P00620000,2026-01-14 19:41:47+00:00,620.0,2.33,0.65,7.95,0.0,0.0,2.0,51.0,0.4145871530151367,False,REGULAR,USD
COST,2026-08-21,put,2026-01-21T21:40:19.104607+00:00,COST260821P00640000,2026-01-09 16:06:26+00:00,640.0,2.14,0.85,8.15,0.0,0.0,4.0,34.0,0.3933471310424804,False,REGULAR,USD
COST,2026-08-21,put,2026-01-21T21:40:19.104607+00:00,COST260821P00660000,2026-01-20 14:51:23+00:00,660.0,3.3,2.21,4.25,0.0,0.0,2.0,26.0,0.3200751586914062,False,REGULAR,USD
COST,2026-08-21,put,2026-01-21T21:40:19.104607+00:00,COST260821P00680000,2026-01-16 16:53:45+00:00,680.0,3.96,0.75,8.7,0.0,0.0,2.0,24.0,0.35353734848022456,False,REGULAR,USD
COST,2026-08-21,put,2026-01-21T21:40:19.104607+00:00,COST260821P00700000,2026-01-16 16:53:45+00:00,700.0,4.95,4.0,9.1,0.0,0.0,2.0,20.0,0.33518120880126956,False,REGULAR,USD
COST,2026-08-21,put,2026-01-21T21:40:19.104607+00:00,COST260821P00720000,2026-01-13 14:40:23+00:00,720.0,7.24,2.59,8.05,0.0,0.0,10.0,26.0,0.30333643447875974,False,REGULAR,USD
COST,2026-08-21,put,2026-01-21T21:40:19.104607+00:00,COST260821P00740000,2026-01-14 20:57:47+00:00,740.0,8.25,4.25,7.6,0.0,0.0,1.0,54.0,0.2780681324768066,False,REGULAR,USD
COST,2026-08-21,put,2026-01-21T21:40:19.104607+00:00,COST260821P00760000,2026-01-20 16:34:59+00:00,760.0,9.5,7.2,10.25,0.0,0.0,1.0,75.0,0.2797770997619628,False,REGULAR,USD
COST,2026-08-21,put,2026-01-21T21:40:19.104607+00:00,COST260821P00780000,2026-01-12 16:27:30+00:00,780.0,14.15,8.95,12.35,0.0,0.0,1.0,121.0,0.27355157608032227,False,REGULAR,USD
COST,2026-08-21,put,2026-01-21T21:40:19.104607+00:00,COST260821P00800000,2026-01-20 19:14:29+00:00,800.0,14.18,10.95,12.8,0.0,0.0,4.0,215.0,0.2546461254882813,False,REGULAR,USD
COST,2026-08-21,put,2026-01-21T21:40:19.104607+00:00,COST260821P00820000,2026-01-16 14:46:48+00:00,820.0,17.9,13.5,15.45,0.0,0.0,10.0,34.0,0.2486494813537598,False,REGULAR,USD
COST,2026-08-21,put,2026-01-21T21:40:19.104607+00:00,COST260821P00830000,2026-01-21 16:41:39+00:00,830.0,18.47,15.3,19.3,-0.7800007,-4.0519514,1.0,22.0,0.2583158275604248,False,REGULAR,USD
COST,2026-08-21,put,2026-01-21T21:40:19.104607+00:00,COST260821P00840000,2026-01-21 16:09:02+00:00,840.0,19.55,15.1,21.2,-1.4500008,-6.9047656,5.0,120.0,0.2561491011810303,False,REGULAR,USD
COST,2026-08-21,put,2026-01-21T21:40:19.104607+00:00,COST260821P00850000,2026-01-21 16:41:39+00:00,850.0,22.2,18.45,22.55,-5.549999,-19.999998,1.0,70.0,0.25065599205017086,False,REGULAR,USD
COST,2026-08-21,put,2026-01-21T21:40:19.104607+00:00,COST260821P00860000,2026-01-09 18:59:35+00:00,860.0,32.9,20.4,23.75,0.0,0.0,1.0,30.0,0.24404900245666503,False,REGULAR,USD
COST,2026-08-21,put,2026-01-21T21:40:19.104607+00:00,COST260821P00870000,2026-01-16 15:31:17+00:00,870.0,29.45,22.25,24.45,0.0,0.0,2.0,45.0,0.23484041534423827,False,REGULAR,USD
COST,2026-08-21,put,2026-01-21T21:40:19.104607+00:00,COST260821P00880000,2026-01-21 18:46:06+00:00,880.0,27.82,22.95,26.45,-4.08,-12.7899685,4.0,33.0,0.23104864418029789,False,REGULAR,USD
COST,2026-08-21,put,2026-01-21T21:40:19.104607+00:00,COST260821P00890000,2026-01-20 18:10:56+00:00,890.0,32.51,26.8,29.15,0.0,0.0,2.0,30.0,0.22954566848754882,False,REGULAR,USD
COST,2026-08-21,put,2026-01-21T21:40:19.104607+00:00,COST260821P00900000,2026-01-15 16:49:02+00:00,900.0,38.8,29.35,31.8,0.0,0.0,38.0,76.0,0.22705851074218747,False,REGULAR,USD
COST,2026-08-21,put,2026-01-21T21:40:19.104607+00:00,COST260821P00910000,2026-01-09 18:59:35+00:00,910.0,51.84,31.8,36.9,0.0,0.0,2.0,9.0,0.2332535171508789,False,REGULAR,USD
COST,2026-08-21,put,2026-01-21T21:40:19.104607+00:00,COST260821P00920000,2026-01-12 19:33:18+00:00,920.0,50.71,35.05,39.8,0.0,0.0,1.0,9.0,0.2300110569000244,False,REGULAR,USD
COST,2026-08-21,put,2026-01-21T21:40:19.104607+00:00,COST260821P00930000,2026-01-21 19:16:58+00:00,930.0,42.04,38.15,44.0,-5.25,-11.101712,3.0,25.0,0.23079687667846682,False,REGULAR,USD
COST,2026-08-21,put,2026-01-21T21:40:19.104607+00:00,COST260821P00940000,2026-01-21 18:44:22+00:00,940.0,46.59,41.4,47.8,-2.7200012,-5.5161247,2.0,89.0,0.2292939009857178,False,REGULAR,USD
COST,2026-08-21,put,2026-01-21T21:40:19.104607+00:00,COST260821P00950000,2026-01-20 17:08:09+00:00,950.0,54.7,45.15,51.45,0.0,0.0,1.0,27.0,0.22649394119262695,False,REGULAR,USD
COST,2026-08-21,put,2026-01-21T21:40:19.104607+00:00,COST260821P00960000,2026-01-20 17:51:52+00:00,960.0,58.34,48.5,53.55,0.0,0.0,1.0,14.0,0.2176591906738281,False,REGULAR,USD
COST,2026-08-21,put,2026-01-21T21:40:19.104607+00:00,COST260821P00970000,2026-01-06 14:52:32+00:00,970.0,104.85,52.8,58.65,0.0,0.0,2.0,40.0,0.21837253192901612,False,REGULAR,USD
COST,2026-08-21,put,2026-01-21T21:40:19.104607+00:00,COST260821P00980000,2025-12-29 19:14:49+00:00,980.0,125.45,57.1,62.95,0.0,0.0,50.0,52.0,0.21555731349945068,False,REGULAR,USD
COST,2026-08-21,put,2026-01-21T21:40:19.104607+00:00,COST260821P00990000,2026-01-08 16:20:45+00:00,990.0,95.11,61.7,67.45,0.0,0.0,1.0,10.0,0.21262384063720702,True,REGULAR,USD
COST,2026-08-21,put,2026-01-21T21:40:19.104607+00:00,COST260821P01000000,2026-01-21 19:42:24+00:00,1000.0,69.0,66.85,73.3,-32.5,-32.019703,1.0,4.0,0.2133867724609375,True,REGULAR,USD
COST,2026-08-21,put,2026-01-21T21:40:19.104607+00:00,COST260821P01020000,2026-01-13 17:44:09+00:00,1020.0,107.5,77.3,84.55,0.0,0.0,5.0,8.0,0.2109987958526611,True,REGULAR,USD
COST,2026-08-21,put,2026-01-21T21:40:19.104607+00:00,COST260821P01040000,2025-10-14 14:47:38+00:00,1040.0,124.35,163.5,171.35,0.0,0.0,,1.0,0.4598442687988281,True,REGULAR,USD
COST,2026-08-21,put,2026-01-21T21:40:19.104607+00:00,COST260821P01060000,2025-12-31 14:48:31+00:00,1060.0,195.15,101.6,107.55,0.0,0.0,2.0,0.0,0.19777718734741212,True,REGULAR,USD
COST,2026-08-21,put,2026-01-21T21:40:19.104607+00:00,COST260821P01080000,2025-10-14 15:13:29+00:00,1080.0,152.85,198.35,204.9,0.0,0.0,,1.0,0.48489513523101807,True,REGULAR,USD
COST,2026-08-21,put,2026-01-21T21:40:19.104607+00:00,COST260821P01100000,2025-08-13 13:47:36+00:00,1100.0,137.5,183.0,190.0,0.0,0.0,,1.0,0.38836518623352057,True,REGULAR,USD
COST,2026-08-21,put,2026-01-21T21:40:19.104607+00:00,COST260821P01120000,2025-12-15 20:23:22+00:00,1120.0,260.95,145.2,151.9,0.0,0.0,,0.0,0.1878438150024414,True,REGULAR,USD
COST,2026-08-21,put,2026-01-21T21:40:19.104607+00:00,COST260821P01140000,2025-09-11 19:53:58+00:00,1140.0,182.97,202.2,222.0,0.0,0.0,,1.0,0.39945821495056155,True,REGULAR,USD
COST,2026-08-21,put,2026-01-21T21:40:19.104607+00:00,COST260821P01160000,2025-09-22 18:39:31+00:00,1160.0,219.55,0.0,0.0,0.0,0.0,4.0,0.0,1.0000000000000003e-05,True,REGULAR,USD
COST,2028-01-21,call,2026-01-21T21:40:19.217834+00:00,COST280121C00430000,2026-01-12 15:27:55+00:00,430.0,533.85,578.0,587.0,0.0,0.0,3.0,18.0,0.5177965701293946,True,REGULAR,USD
COST,2028-01-21,call,2026-01-21T21:40:19.217834+00:00,COST280121C00440000,2026-01-08 14:35:51+00:00,440.0,491.0,569.0,578.0,0.0,0.0,,2.0,0.511021735534668,True,REGULAR,USD
COST,2028-01-21,call,2026-01-21T21:40:19.217834+00:00,COST280121C00450000,2026-01-14 20:46:45+00:00,450.0,532.0,560.0,569.0,0.0,0.0,1.0,11.0,0.5042697888946533,True,REGULAR,USD
COST,2028-01-21,call,2026-01-21T21:40:19.217834+00:00,COST280121C00460000,2026-01-06 15:35:22+00:00,460.0,456.53,551.0,561.0,0.0,0.0,1.0,3.0,0.5000431465911865,True,REGULAR,USD
COST,2028-01-21,call,2026-01-21T21:40:19.217834+00:00,COST280121C00470000,2026-01-12 16:27:37+00:00,470.0,498.25,542.0,552.0,0.0,0.0,,1.0,0.5169420864868165,True,REGULAR,USD
COST,2028-01-21,call,2026-01-21T21:40:19.217834+00:00,COST280121C00480000,2025-11-05 14:38:22+00:00,480.0,497.05,442.0,452.0,0.0,0.0,,1.0,1.0000000000000003e-05,True,REGULAR,USD
COST,2028-01-21,call,2026-01-21T21:40:19.217834+00:00,COST280121C00490000,2025-12-30 20:40:07+00:00,490.0,414.41,526.0,533.0,0.0,0.0,1.0,16.0,0.49779249771118167,True,REGULAR,USD
COST,2028-01-21,call,2026-01-21T21:40:19.217834+00:00,COST280121C00500000,2026-01-16 17:49:48+00:00,500.0,493.01,517.0,525.0,0.0,0.0,2.0,28.0,0.49492387405395505,True,REGULAR,USD
COST,2028-01-21,call,2026-01-21T21:40:19.217834+00:00,COST280121C00520000,2026-01-12 17:16:38+00:00,520.0,458.51,499.0,507.0,0.0,0.0,1.0,4.0,0.48052735054016116,True,REGULAR,USD
COST,2028-01-21,call,2026-01-21T21:40:19.217834+00:00,COST280121C00540000,2026-01-21 14:53:38+00:00,540.0,471.15,481.0,489.0,16.199982,3.5608268,2.0,33.0,0.4663368186187745,True,REGULAR,USD
COST,2028-01-21,call,2026-01-21T21:40:19.217834+00:00,COST280121C00560000,2026-01-20 15:17:45+00:00,560.0,439.25,463.0,472.0,0.0,0.0,10.0,15.0,0.4560143510437012,True,REGULAR,USD
COST,2028-01-21,call,2026-01-21T21:40:19.217834+00:00,COST280121C00580000,2026-01-15 16:52:52+00:00,580.0,421.55,446.0,455.0,0.0,0.0,2.0,8.0,0.44551640914916996,True,REGULAR,USD
COST,2028-01-21,call,2026-01-21T21:40:19.217834+00:00,COST280121C00600000,2026-01-21 15:12:46+00:00,600.0,424.5,429.0,438.0,9.5,2.2891567,1.0,45.0,0.4348658808898926,True,REGULAR,USD
COST,2028-01-21,call,2026-01-21T21:40:19.217834+00:00,COST280121C00620000,2026-01-15 17:00:49+00:00,620.0,387.95,413.0,421.0,0.0,0.0,12.0,16.0,0.4240856542205811,True,REGULAR,USD
COST,2028-01-21,call,2026-01-21T21:40:19.217834+00:00,COST280121C00640000,2026-01-20 15:17:02+00:00,640.0,374.25,397.0,405.0,0.0,0.0,2.0,15.0,0.4162350857543945,True,REGULAR,USD
COST,2028-01-21,call,2026-01-21T21:40:19.217834+00:00,COST280121C00660000,2026-01-15 17:00:33+00:00,660.0,355.7,380.5,388.0,0.0,0.0,2.0,52.0,0.40510009578704825,True,REGULAR,USD
COST,2028-01-21,call,2026-01-21T21:40:19.217834+00:00,COST280121C00680000,2026-01-15 20:42:40+00:00,680.0,343.59,364.0,372.0,0.0,0.0,3.0,4.0,0.3966696991348267,True,REGULAR,USD
COST,2028-01-21,call,2026-01-21T21:40:19.217834+00:00,COST280121C00700000,2026-01-21 15:38:31+00:00,700.0,341.68,348.4,356.0,7.529999,2.2534788,2.0,49.0,0.3879265004348755,True,REGULAR,USD
COST,2028-01-21,call,2026-01-21T21:40:19.217834+00:00,COST280121C00720000,2026-01-16 14:40:02+00:00,720.0,310.85,333.0,341.0,0.0,0.0,2.0,40.0,0.38147972652435297,True,REGULAR,USD
COST,2028-01-21,call,2026-01-21T21:40:19.217834+00:00,COST280121C00740000,2026-01-20 20:32:02+00:00,740.0,304.05,317.0,326.0,0.0,0.0,2.0,24.0,0.37457137886047365,True,REGULAR,USD
COST,2028-01-21,call,2026-01-21T21:40:19.217834+00:00,COST280121C00760000,2026-01-14 16:50:13+00:00,760.0,272.31,303.0,310.0,0.0,0.0,1.0,37.0,0.36484399810791024,True,REGULAR,USD
COST,2028-01-21,call,2026-01-21T21:40:19.217834+00:00,COST280121C00780000,2026-01-20 20:32:32+00:00,780.0,293.61,288.2,296.0,19.50998,7.663293,1.0,88.0,0.35951873397827144,True,REGULAR,USD
COST,2028-01-21,call,2026-01-21T21:40:19.217834+00:00,COST280121C00800000,2026-01-20 20:32:12+00:00,800.0,260.2,274.0,282.0,0.0,0.0,29.0,49.0,0.3536708615493774,True,REGULAR,USD
COST,2028-01-21,call,2026-01-21T21:40:19.217834+00:00,COST280121C00820000,2026-01-20 20:31:22+00:00,820.0,247.75,260.0,268.0,0.0,0.0,8.0,9.0,0.3473270834350586,True,REGULAR,USD
COST,2028-01-21,call,2026-01-21T21:40:19.217834+00:00,COST280121C00830000,2026-01-15 14:43:20+00:00,830.0,235.0,253.0,260.55,0.0,0.0,6.0,8.0,0.34301651863098137,True,REGULAR,USD
COST,2028-01-21,call,2026-01-21T21:40:19.217834+00:00,COST280121C00840000,2026-01-08 17:33:36+00:00,840.0,206.76,246.0,255.0,0.0,0.0,1.0,23.0,0.3426388673782348,True,REGULAR,USD
COST,2028-01-21,call,2026-01-21T21:40:19.217834+00:00,COST280121C00850000,2026-01-21 14:33:49+00:00,850.0,232.5,240.0,248.0,10.25,4.6119237,4.0,89.0,0.33903782917022707,True,REGULAR,USD
COST,2028-01-21,call,2026-01-21T21:40:19.217834+00:00,COST280121C00860000,2026-01-12 15:28:10+00:00,860.0,201.0,233.0,240.0,0.0,0.0,1.0,70.0,0.33327006458282477,True,REGULAR,USD
COST,2028-01-21,call,2026-01-21T21:40:19.217834+00:00,COST280121C00870000,2026-01-21 18:23:23+00:00,870.0,229.0,227.0,236.0,19.050003,9.07359,2.0,34.0,0.335593191986084,True,REGULAR,USD
COST,2028-01-21,call,2026-01-21T21:40:19.217834+00:00,COST280121C00880000,2026-01-16 15:46:43+00:00,880.0,201.0,221.0,229.0,0.0,0.0,1.0,69.0,0.33162594650268556,True,REGULAR,USD
COST,2028-01-21,call,2026-01-21T21:40:19.217834+00:00,COST280121C00890000,2026-01-13 17:45:09+00:00,890.0,181.35,215.0,223.0,0.0,0.0,3.0,51.0,0.32954695728301997,True,REGULAR,USD
COST,2028-01-21,call,2026-01-21T21:40:19.217834+00:00,COST280121C00900000,2026-01-21 20:49:34+00:00,900.0,215.34,209.0,217.0,17.48999,8.840025,3.0,273.0,0.3273268256759644,True,REGULAR,USD
COST,2028-01-21,call,2026-01-21T21:40:19.217834+00:00,COST280121C00910000,2026-01-15 20:34:44+00:00,910.0,186.63,203.0,210.3,0.0,0.0,2.0,185.0,0.32359608905792225,True,REGULAR,USD
COST,2028-01-21,call,2026-01-21T21:40:19.217834+00:00,COST280121C00920000,2026-01-21 16:15:43+00:00,920.0,193.8,197.0,206.0,4.800003,2.539684,2.0,61.0,0.32438953815460203,True,REGULAR,USD
COST,2028-01-21,call,2026-01-21T21:40:19.217834+00:00,COST280121C00930000,2026-01-20 19:00:03+00:00,930.0,184.0,193.0,200.0,0.0,0.0,1.0,20.0,0.3217307207489013,True,REGULAR,USD
COST,2028-01-21,call,2026-01-21T21:40:19.217834+00:00,COST280121C00940000,2026-01-20 17:44:25+00:00,940.0,179.6,186.0,193.2,0.0,0.0,5.0,70.0,0.3174201559448242,True,REGULAR,USD
COST,2028-01-21,call,2026-01-21T21:40:19.217834+00:00,COST280121C00950000,2026-01-21 20:49:27+00:00,950.0,187.13,181.0,189.0,20.130005,12.053895,4.0,238.0,0.3179046176528931,True,REGULAR,USD
COST,2028-01-21,call,2026-01-21T21:40:19.217834+00:00,COST280121C00960000,2026-01-21 20:29:46+00:00,960.0,182.1,176.0,184.0,24.11,15.260459,2.0,27.0,0.31670681468963613,True,REGULAR,USD
COST,2028-01-21,call,2026-01-21T21:40:19.217834+00:00,COST280121C00970000,2026-01-20 18:32:19+00:00,970.0,163.93,171.5,178.0,0.0,0.0,1.0,65.0,0.31349487171173096,True,REGULAR,USD
COST,2028-01-21,call,2026-01-21T21:40:19.217834+00:00,COST280121C00980000,2026-01-20 18:32:19+00:00,980.0,158.7,166.45,173.0,0.0,0.0,2.0,72.0,0.31200333999633784,True,REGULAR,USD
COST,2028-01-21,call,2026-01-21T21:40:19.217834+00:00,COST280121C00990000,2026-01-20 16:13:09+00:00,990.0,148.0,161.5,167.2,0.0,0.0,1.0,22.0,0.3088905781555175,False,REGULAR,USD
COST,2028-01-21,call,2026-01-21T21:40:19.217834+00:00,COST280121C01000000,2026-01-21 19:42:25+00:00,1000.0,160.22,154.05,163.0,17.220001,12.041959,6.0,201.0,0.3085739614486694,False,REGULAR,USD
COST,2028-01-21,call,2026-01-21T21:40:19.217834+00:00,COST280121C01010000,2026-01-09 17:49:56+00:00,1010.0,120.05,151.55,158.0,0.0,0.0,4.0,17.0,0.30663992927551265,False,REGULAR,USD
COST,2028-01-21,call,2026-01-21T21:40:19.217834+00:00,COST280121C01020000,2026-01-20 19:40:59+00:00,1020.0,138.56,146.85,154.0,0.0,0.0,8.0,86.0,0.30637671779632564,False,REGULAR,USD
COST,2028-01-21,call,2026-01-21T21:40:19.217834+00:00,COST280121C01030000,2026-01-20 16:07:52+00:00,1030.0,129.61,142.25,149.0,0.0,0.0,1.0,35.0,0.30414895687103266,False,REGULAR,USD
COST,2028-01-21,call,2026-01-21T21:40:19.217834+00:00,COST280121C01040000,2026-01-12 19:31:52+00:00,1040.0,115.88,137.5,145.0,0.0,0.0,1.0,42.0,0.3035843873214721,False,REGULAR,USD
COST,2028-01-21,call,2026-01-21T21:40:19.217834+00:00,COST280121C01050000,2026-01-21 20:32:03+00:00,1050.0,138.22,131.0,140.0,18.220001,15.183334,2.0,56.0,0.30106671230316157,False,REGULAR,USD
COST,2028-01-21,call,2026-01-21T21:40:19.217834+00:00,COST280121C01060000,2026-01-21 18:11:51+00:00,1060.0,128.0,127.0,136.0,18.650002,17.055328,3.0,61.0,0.30020459934234617,False,REGULAR,USD
COST,2028-01-21,call,2026-01-21T21:40:19.217834+00:00,COST280121C01080000,2026-01-09 15:28:53+00:00,1080.0,91.45,120.75,128.0,0.0,0.0,146.0,115.0,0.29804931694030756,False,REGULAR,USD
COST,2028-01-21,call,2026-01-21T21:40:19.217834+00:00,COST280121C01100000,2026-01-21 20:32:03+00:00,1100.0,117.69,112.65,119.35,17.54,17.513731,1.0,152.0,0.29413929134368894,False,REGULAR,USD
COST,2028-01-21,call,2026-01-21T21:40:19.217834+00:00,COST280121C01120000,2026-01-12 19:31:52+00:00,1120.0,87.39,104.0,111.8,0.0,0.0,1.0,10.0,0.29164068962097156,False,REGULAR,USD
COST,2028-01-21,call,2026-01-21T21:40:19.217834+00:00,COST280121C01140000,2026-01-21 15:27:05+00:00,1140.0,95.48,97.0,105.6,15.390007,19.215893,1.0,32.0,0.29103034416198725,False,REGULAR,USD
COST,2028-01-21,call,2026-01-21T21:40:19.217834+00:00,COST280121C01160000,2026-01-14 19:35:09+00:00,1160.0,86.9,90.0,99.0,6.9000015,8.625002,1.0,16.0,0.28914208789825435,False,REGULAR,USD
COST,2028-01-21,call,2026-01-21T21:40:19.217834+00:00,COST280121C01180000,2026-01-12 17:57:01+00:00,1180.0,70.94,84.0,92.0,0.0,0.0,7.0,89.0,0.2859568475341796,False,REGULAR,USD
COST,2028-01-21,call,2026-01-21T21:40:19.217834+00:00,COST280121C01200000,2026-01-21 19:40:49+00:00,1200.0,82.3,80.0,87.0,7.4000015,9.879841,1.0,247.0,0.2859568475341796,False,REGULAR,USD
COST,2028-01-21,call,2026-01-21T21:40:19.217834+00:00,COST280121C01220000,2026-01-12 16:04:45+00:00,1220.0,59.9,73.0,81.0,0.0,0.0,1.0,28.0,0.28356124160766594,False,REGULAR,USD
COST,2028-01-21,call,2026-01-21T21:40:19.217834+00:00,COST280121C01240000,2026-01-12 15:33:00+00:00,1240.0,55.7,69.0,75.65,0.0,0.0,7.0,79.0,0.281871347618103,False,REGULAR,USD
COST,2028-01-21,call,2026-01-21T21:40:19.217834+00:00,COST280121C01260000,2026-01-21 19:24:57+00:00,1260.0,66.25,64.25,71.45,17.95,37.163563,1.0,40.0,0.2819247528457642,False,REGULAR,USD
COST,2028-01-21,call,2026-01-21T21:40:19.217834+00:00,COST280121C01280000,2026-01-13 19:20:16+00:00,1280.0,49.04,60.0,67.0,0.0,0.0,3.0,100.0,0.28102067863464353,False,REGULAR,USD
COST,2028-01-21,call,2026-01-21T21:40:19.217834+00:00,COST280121C01300000,2026-01-21 20:11:27+00:00,1300.0,59.79,56.15,61.95,8.790001,17.235296,1.0,80.0,0.2784114517974854,False,REGULAR,USD
COST,2028-01-21,call,2026-01-21T21:40:19.217834+00:00,COST280121C01320000,2026-01-14 16:58:13+00:00,1320.0,45.0,52.0,58.3,0.0,0.0,1.0,16.0,0.2781940162277221,False,REGULAR,USD
COST,2028-01-21,call,2026-01-21T21:40:19.217834+00:00,COST280121C01340000,2026-01-21 17:15:58+00:00,1340.0,47.4,48.85,55.05,9.400002,24.736845,17.0,17.0,0.27840382247924805,False,REGULAR,USD
COST,2028-01-21,call,2026-01-21T21:40:19.217834+00:00,COST280121C01360000,2026-01-20 20:32:09+00:00,1360.0,42.0,45.25,50.95,0.0,0.0,10.0,39.0,0.27634009189605707,False,REGULAR,USD
COST,2028-01-21,call,2026-01-21T21:40:19.217834+00:00,COST280121C01380000,2026-01-21 19:31:59+00:00,1380.0,43.65,42.0,47.45,21.050001,93.141594,2.0,77.0,0.2751270302963256,False,REGULAR,USD
COST,2028-01-21,call,2026-01-21T21:40:19.217834+00:00,COST280121C01400000,2026-01-21 14:58:00+00:00,1400.0,38.4,39.0,47.0,1.4000015,3.783788,18.0,73.0,0.28050951431274407,False,REGULAR,USD
COST,2028-01-21,call,2026-01-21T21:40:19.217834+00:00,COST280121C01420000,2026-01-21 19:44:12+00:00,1420.0,38.25,36.0,44.0,3.5200005,10.135331,26.0,265.0,0.2797618411254882,False,REGULAR,USD
COST,2028-01-21,put,2026-01-21T21:40:19.217834+00:00,COST280121P00430000,2026-01-07 19:32:40+00:00,430.0,4.6,0.0,9.6,0.0,0.0,5.0,30.0,0.3840698800659179,False,REGULAR,USD
COST,2028-01-21,put,2026-01-21T21:40:19.217834+00:00,COST280121P00440000,2025-12-29 19:50:29+00:00,440.0,5.41,0.0,8.5,0.0,0.0,10.0,61.0,0.3646914117431641,False,REGULAR,USD
COST,2028-01-21,put,2026-01-21T21:40:19.217834+00:00,COST280121P00450000,2026-01-05 14:30:11+00:00,450.0,5.62,0.0,9.6,0.0,0.0,1.0,19.0,0.3654848608398438,False,REGULAR,USD
COST,2028-01-21,put,2026-01-21T21:40:19.217834+00:00,COST280121P00460000,2026-01-06 16:58:54+00:00,460.0,5.95,0.0,9.6,0.0,0.0,1.0,36.0,0.3565127825927734,False,REGULAR,USD
COST,2028-01-21,put,2026-01-21T21:40:19.217834+00:00,COST280121P00470000,2026-01-21 19:42:09+00:00,470.0,5.0,2.5,10.0,-0.07999992,-1.5748017,2.0,8.0,0.351019673461914,False,REGULAR,USD
COST,2028-01-21,put,2026-01-21T21:40:19.217834+00:00,COST280121P00480000,2025-12-19 20:06:03+00:00,480.0,8.33,0.7,10.0,0.0,0.0,2.0,2.0,0.3423527679443359,False,REGULAR,USD
COST,2028-01-21,put,2026-01-21T21:40:19.217834+00:00,COST280121P00490000,2026-01-20 16:25:15+00:00,490.0,5.85,1.0,10.0,0.0,0.0,2.0,2.0,0.33388422470092777,False,REGULAR,USD
COST,2028-01-21,put,2026-01-21T21:40:19.217834+00:00,COST280121P00500000,2026-01-21 16:52:05+00:00,500.0,5.0,1.0,11.0,-1.0,-16.666666,8.0,82.0,0.3329992237854004,False,REGULAR,USD
COST,2028-01-21,put,2026-01-21T21:40:19.217834+00:00,COST280121P00520000,2026-01-20 16:29:48+00:00,520.0,7.25,2.0,12.0,0.0,0.0,3.0,7.0,0.32340154144287103,False,REGULAR,USD
COST,2028-01-21,put,2026-01-21T21:40:19.217834+00:00,COST280121P00540000,2025-12-16 16:23:58+00:00,540.0,14.5,3.0,13.0,0.0,0.0,2.0,53.0,0.3136054968261719,False,REGULAR,USD
COST,2028-01-21,put,2026-01-21T21:40:19.217834+00:00,COST280121P00560000,2026-01-14 14:54:01+00:00,560.0,10.55,4.0,14.0,0.0,0.0,2.0,74.0,0.3036721244812011,False,REGULAR,USD
COST,2028-01-21,put,2026-01-21T21:40:19.217834+00:00,COST280121P00580000,2026-01-21 20:10:47+00:00,580.0,10.63,9.9,11.45,-0.9399996,-8.124456,2.0,22.0,0.27342950698852536,False,REGULAR,USD
COST,2028-01-21,put,2026-01-21T21:40:19.217834+00:00,COST280121P00600000,2026-01-20 16:27:49+00:00,600.0,13.4,12.0,15.3,0.0,0.0,2.0,63.0,0.27992968612670893,False,REGULAR,USD
COST,2028-01-21,put,2026-01-21T21:40:19.217834+00:00,COST280121P00620000,2026-01-15 18:35:45+00:00,620.0,18.8,10.0,19.8,0.0,0.0,1.0,32.0,0.28603314071655267,False,REGULAR,USD
COST,2028-01-21,put,2026-01-21T21:40:19.217834+00:00,COST280121P00640000,2026-01-21 19:42:21+00:00,640.0,16.17,15.0,17.5,-1.3299999,-7.6,3.0,97.0,0.260749580078125,False,REGULAR,USD
COST,2028-01-21,put,2026-01-21T21:40:19.217834+00:00,COST280121P00660000,2026-01-21 15:14:21+00:00,660.0,20.15,17.35,22.75,-0.8500004,-4.047621,1.0,32.0,0.26769988899230956,False,REGULAR,USD
COST,2028-01-21,put,2026-01-21T21:40:19.217834+00:00,COST280121P00680000,2026-01-21 19:49:00+00:00,680.0,20.7,19.5,23.1,-5.619999,-21.35258,1.0,21.0,0.25406629730224617,False,REGULAR,USD
COST,2028-01-21,put,2026-01-21T21:40:19.217834+00:00,COST280121P00700000,2026-01-21 20:49:34+00:00,700.0,23.55,22.7,27.85,-2.75,-10.456274,1.0,90.0,0.2558973336791992,False,REGULAR,USD
COST,2028-01-21,put,2026-01-21T21:40:19.217834+00:00,COST280121P00720000,2026-01-20 14:58:09+00:00,720.0,28.57,25.9,29.2,0.0,0.0,1.0,41.0,0.2452620640563965,False,REGULAR,USD
COST,2028-01-21,put,2026-01-21T21:40:19.217834+00:00,COST280121P00740000,2026-01-21 19:38:24+00:00,740.0,31.42,28.65,32.9,-2.3799992,-7.0414176,56.0,148.0,0.24159236198425293,False,REGULAR,USD
COST,2028-01-21,put,2026-01-21T21:40:19.217834+00:00,COST280121P00760000,2026-01-21 19:36:23+00:00,760.0,35.27,33.05,36.8,-2.4399986,-6.470429,4.0,165.0,0.23757171127319332,False,REGULAR,USD
COST,2028-01-21,put,2026-01-21T21:40:19.217834+00:00,COST280121P00780000,2026-01-14 14:30:03+00:00,780.0,46.77,37.1,42.35,0.0,0.0,5.0,16.0,0.2370147710418701,False,REGULAR,USD
COST,2028-01-21,put,2026-01-21T21:40:19.217834+00:00,COST280121P00800000,2026-01-21 16:42:34+00:00,800.0,45.5,41.75,45.65,-1.6500015,-3.4994729,1.0,266.0,0.229675366897583,False,REGULAR,USD
COST,2028-01-21,put,2026-01-21T21:40:19.217834+00:00,COST280121P00820000,2026-01-15 18:58:49+00:00,820.0,53.9,46.25,50.8,0.0,0.0,12.0,71.0,0.22616969516754154,False,REGULAR,USD
COST,2028-01-21,put,2026-01-21T21:40:19.217834+00:00,COST280121P00830000,2026-01-21 20:33:23+00:00,830.0,51.0,49.5,53.15,-9.299999,-15.422885,1.0,6.0,0.2235604683303833,False,REGULAR,USD
COST,2028-01-21,put,2026-01-21T21:40:19.217834+00:00,COST280121P00840000,2026-01-12 19:31:52+00:00,840.0,63.52,52.2,56.35,0.0,0.0,1.0,17.0,0.22266020877838133,False,REGULAR,USD
COST,2028-01-21,put,2026-01-21T21:40:19.217834+00:00,COST280121P00850000,2026-01-21 16:50:25+00:00,850.0,59.65,55.15,59.55,-1.3499985,-2.2131124,8.0,125.0,0.22149673774719236,False,REGULAR,USD
COST,2028-01-21,put,2026-01-21T21:40:19.217834+00:00,COST280121P00860000,2025-12-31 20:40:14+00:00,860.0,92.0,57.4,62.55,0.0,0.0,17.0,38.0,0.21965044273376463,False,REGULAR,USD
COST,2028-01-21,put,2026-01-21T21:40:19.217834+00:00,COST280121P00870000,2026-01-20 18:11:30+00:00,870.0,68.65,61.1,64.3,0.0,0.0,10.0,53.0,0.21495459735870365,False,REGULAR,USD
COST,2028-01-21,put,2026-01-21T21:40:19.217834+00:00,COST280121P00880000,2026-01-21 20:26:13+00:00,880.0,66.0,62.0,68.45,-6.0,-8.333333,13.0,80.0,0.21508429576873778,False,REGULAR,USD
COST,2028-01-21,put,2026-01-21T21:40:19.217834+00:00,COST280121P00890000,2026-01-15 17:47:18+00:00,890.0,77.15,67.05,70.75,0.0,0.0,2.0,209.0,0.21117045551300045,False,REGULAR,USD
COST,2028-01-21,put,2026-01-21T21:40:19.217834+00:00,COST280121P00900000,2026-01-21 20:49:34+00:00,900.0,73.89,70.7,76.25,-8.110001,-9.8902445,1.0,425.0,0.21346688030242922,False,REGULAR,USD
COST,2028-01-21,put,2026-01-21T21:40:19.217834+00:00,COST280121P00910000,2026-01-15 17:47:50+00:00,910.0,84.85,74.2,79.4,0.0,0.0,2.0,115.0,0.21080424823760985,False,REGULAR,USD
COST,2028-01-21,put,2026-01-21T21:40:19.217834+00:00,COST280121P00920000,2026-01-21 15:42:08+00:00,920.0,85.12,78.65,82.8,-4.290001,-4.798122,2.0,35.0,0.20842008628845207,False,REGULAR,USD
COST,2028-01-21,put,2026-01-21T21:40:19.217834+00:00,COST280121P00930000,2026-01-21 19:45:48+00:00,930.0,85.48,80.55,87.2,-13.519997,-13.656562,3.0,57.0,0.2077258183288574,False,REGULAR,USD
COST,2028-01-21,put,2026-01-21T21:40:19.217834+00:00,COST280121P00940000,2026-01-15 15:24:11+00:00,940.0,98.5,87.8,93.0,0.0,0.0,2.0,98.0,0.2094118976593017,False,REGULAR,USD
COST,2028-01-21,put,2026-01-21T21:40:19.217834+00:00,COST280121P00950000,2026-01-21 15:28:46+00:00,950.0,97.0,89.55,97.0,-10.449997,-9.725451,1.0,30.0,0.2074359042358398,False,REGULAR,USD
COST,2028-01-21,put,2026-01-21T21:40:19.217834+00:00,COST280121P00960000,2026-01-21 17:07:18+00:00,960.0,100.4,93.8,100.2,-53.299995,-34.67794,10.0,18.0,0.2037547581863403,False,REGULAR,USD
COST,2028-01-21,put,2026-01-21T21:40:19.217834+00:00,COST280121P00970000,2026-01-21 16:19:32+00:00,970.0,105.42,100.85,105.0,-20.310005,-16.153666,12.0,22.0,0.20280490806579585,False,REGULAR,USD
COST,2028-01-21,put,2026-01-21T21:40:19.217834+00:00,COST280121P00980000,2026-01-21 19:45:48+00:00,980.0,106.52,102.4,109.0,-38.980003,-26.79038,1.0,11.0,0.20014990531921387,False,REGULAR,USD
COST,2028-01-21,put,2026-01-21T21:40:19.217834+00:00,COST280121P00990000,2026-01-20 16:26:09+00:00,990.0,120.25,106.9,114.0,0.0,0.0,2.0,32.0,0.19908180076599122,True,REGULAR,USD
COST,2028-01-21,put,2026-01-21T21:40:19.217834+00:00,COST280121P01000000,2026-01-21 20:17:53+00:00,1000.0,116.0,111.35,120.0,-20.5,-15.018315,6.0,57.0,0.1995738917922974,True,REGULAR,USD
COST,2028-01-21,put,2026-01-21T21:40:19.217834+00:00,COST280121P01010000,2025-11-25 15:44:10+00:00,1010.0,169.63,162.0,167.0,0.0,0.0,2.0,43.0,0.2739978911972046,True,REGULAR,USD
COST,2028-01-21,put,2026-01-21T21:40:19.217834+00:00,COST280121P01020000,2025-12-22 20:35:23+00:00,1020.0,194.5,121.0,130.0,0.0,0.0,2.0,32.0,0.19620554779052735,True,REGULAR,USD
COST,2028-01-21,put,2026-01-21T21:40:19.217834+00:00,COST280121P01030000,2025-12-26 14:38:43+00:00,1030.0,187.0,126.0,135.0,0.0,0.0,1.0,17.0,0.1941532611846924,True,REGULAR,USD
COST,2028-01-21,put,2026-01-21T21:40:19.217834+00:00,COST280121P01040000,2025-12-15 17:45:25+00:00,1040.0,205.85,132.0,139.0,0.0,0.0,1.0,5.0,0.19004868797302252,True,REGULAR,USD
COST,2028-01-21,put,2026-01-21T21:40:19.217834+00:00,COST280121P01050000,2025-11-19 14:58:06+00:00,1050.0,205.5,186.25,196.0,0.0,0.0,1.0,2.0,0.28134683198928834,True,REGULAR,USD
COST,2028-01-21,put,2026-01-21T21:40:19.217834+00:00,COST280121P01060000,2025-11-19 19:51:39+00:00,1060.0,208.52,193.1,201.95,0.0,0.0,,10.0,0.28041796249389644,True,REGULAR,USD
COST,2028-01-21,put,2026-01-21T21:40:19.217834+00:00,COST280121P01080000,2026-01-20 16:23:52+00:00,1080.0,171.41,155.0,161.0,0.0,0.0,4.0,7.0,0.18188150279998777,True,REGULAR,USD
COST,2028-01-21,put,2026-01-21T21:40:19.217834+00:00,COST280121P01100000,2026-01-21 20:19:07+00:00,1100.0,169.1,167.0,173.0,-10.899994,-6.055552,3.0,33.0,0.17802869709014896,True,REGULAR,USD
COST,2028-01-21,put,2026-01-21T21:40:19.217834+00:00,COST280121P01120000,2025-10-13 13:36:26+00:00,1120.0,215.95,248.0,258.0,0.0,0.0,1.0,3.0,0.30844807769775384,True,REGULAR,USD
COST,2028-01-21,put,2026-01-21T21:40:19.217834+00:00,COST280121P01140000,2026-01-06 14:54:14+00:00,1140.0,263.2,193.0,199.0,0.0,0.0,2.0,3.0,0.17078465942382814,True,REGULAR,USD
COST,2028-01-21,put,2026-01-21T21:40:19.217834+00:00,COST280121P01180000,2026-01-20 17:15:16+00:00,1180.0,236.25,221.0,230.0,0.0,0.0,50.0,10.0,0.16951819259643558,True,REGULAR,USD
COST,2028-01-21,put,2026-01-21T21:40:19.217834+00:00,COST280121P01200000,2025-12-30 19:05:14+00:00,1200.0,335.05,236.0,245.0,0.0,0.0,19.0,16.0,0.16624521507263187,True,REGULAR,USD
COST,2028-01-21,put,2026-01-21T21:40:19.217834+00:00,COST280121P01220000,2026-01-20 17:15:16+00:00,1220.0,267.25,251.0,260.0,0.0,0.0,50.0,50.0,0.16166380947113035,True,REGULAR,USD
COST,2028-01-21,put,2026-01-21T21:40:19.217834+00:00,COST280121P01300000,2026-01-06 15:48:26+00:00,1300.0,416.85,318.0,327.0,0.0,0.0,,,0.14854519676208497,True,REGULAR,USD
COST,2028-01-21,put,2026-01-21T21:40:19.217834+00:00,COST280121P01400000,2025-10-27 19:28:46+00:00,1400.0,472.18,473.0,483.0,0.0,0.0,,0.0,0.3222571437072753,True,REGULAR,USD
COST,2028-01-21,put,2026-01-21T21:40:19.217834+00:00,COST280121P01420000,2025-12-26 17:00:07+00:00,1420.0,546.91,432.0,442.0,0.0,0.0,30.0,0.0,0.15591511817932127,True,REGULAR,USD
WBD,2026-09-18,call,2026-01-21T21:40:20.522057+00:00,WBD260918C00002000,2025-09-02 15:41:32+00:00,2.0,9.44,16.25,17.8,0.0,0.0,15.0,15.0,1.0000000000000003e-05,True,REGULAR,USD
WBD,2026-09-18,call,2026-01-21T21:40:20.522057+00:00,WBD260918C00005000,2025-12-16 17:31:02+00:00,5.0,24.4,21.55,25.65,0.0,0.0,15.0,12.0,1.0429735351562504,True,REGULAR,USD
WBD,2026-09-18,call,2026-01-21T21:40:20.522057+00:00,WBD260918C00007000,2025-11-26 14:30:10+00:00,7.0,16.6,19.6,23.55,0.0,0.0,10.0,8.0,0.7929708203125,True,REGULAR,USD
WBD,2026-09-18,call,2026-01-21T21:40:20.522057+00:00,WBD260918C00010000,2025-12-22 15:00:41+00:00,10.0,18.65,16.65,20.8,0.0,0.0,1.0,368.0,0.7675804492187501,True,REGULAR,USD
WBD,2026-09-18,call,2026-01-21T21:40:20.522057+00:00,WBD260918C00012000,2026-01-12 17:34:43+00:00,12.0,16.8,15.3,18.85,0.0,0.0,1.0,913.0,0.8212908496093749,True,REGULAR,USD
WBD,2026-09-18,call,2026-01-21T21:40:20.522057+00:00,WBD260918C00015000,2026-01-20 15:40:32+00:00,15.0,14.0,12.1,15.9,0.0,0.0,5.0,662.0,0.6132851171875001,True,REGULAR,USD
WBD,2026-09-18,call,2026-01-21T21:40:20.522057+00:00,WBD260918C00017000,2026-01-06 18:14:03+00:00,17.0,12.4,11.4,12.7,0.0,0.0,1.0,413.0,0.5293015820312501,True,REGULAR,USD
WBD,2026-09-18,call,2026-01-21T21:40:20.522057+00:00,WBD260918C00020000,2026-01-20 15:46:09+00:00,20.0,9.4,8.65,9.75,0.0,0.0,6.0,4496.0,0.5395553857421876,True,REGULAR,USD
WBD,2026-09-18,call,2026-01-21T21:40:20.522057+00:00,WBD260918C00022000,2026-01-15 20:28:31+00:00,22.0,7.4,6.85,7.75,0.0,0.0,1.0,273.0,0.4414118359375,True,REGULAR,USD
WBD,2026-09-18,call,2026-01-21T21:40:20.522057+00:00,WBD260918C00025000,2026-01-21 19:53:32+00:00,25.0,4.75,4.45,5.1,0.05000019,1.0638338,2.0,4222.0,0.348639326171875,True,REGULAR,USD
WBD,2026-09-18,call,2026-01-21T21:40:20.522057+00:00,WBD260918C00027000,2026-01-21 17:13:21+00:00,27.0,3.26,1.14,4.95,0.119999886,3.8216522,1.0,276.0,0.4626518579101563,True,REGULAR,USD
WBD,2026-09-18,call,2026-01-21T21:40:20.522057+00:00,WBD260918C00030000,2026-01-21 14:40:00+00:00,30.0,1.38,1.15,1.72,-0.20000005,-12.65823,1.0,1800.0,0.25171646728515623,False,REGULAR,USD
WBD,2026-09-18,call,2026-01-21T21:40:20.522057+00:00,WBD260918C00032000,2026-01-21 20:47:21+00:00,32.0,0.8,0.19,0.8,0.04000002,5.2631607,4.0,1274.0,0.213875048828125,False,REGULAR,USD
WBD,2026-09-18,call,2026-01-21T21:40:20.522057+00:00,WBD260918C00035000,2026-01-21 14:33:51+00:00,35.0,0.15,0.1,0.2,0.010000005,7.1428604,5.0,542.0,0.187508125,False,REGULAR,USD
WBD,2026-09-18,call,2026-01-21T21:40:20.522057+00:00,WBD260918C00037000,2025-12-23 20:40:15+00:00,37.0,0.25,0.0,0.5,0.0,0.0,17.0,149.0,0.2866282275390625,False,REGULAR,USD
WBD,2026-09-18,call,2026-01-21T21:40:20.522057+00:00,WBD260918C00040000,2026-01-08 19:25:44+00:00,40.0,0.05,0.0,0.18,0.0,0.0,100.0,102.0,0.264655791015625,False,REGULAR,USD
WBD,2026-09-18,call,2026-01-21T21:40:20.522057+00:00,WBD260918C00042000,2025-12-12 20:28:17+00:00,42.0,0.07,0.0,0.12,0.0,0.0,,32.0,0.270515107421875,False,REGULAR,USD
WBD,2026-09-18,put,2026-01-21T21:40:20.522057+00:00,WBD260918P00007000,2025-12-09 16:18:50+00:00,7.0,0.1,0.0,0.04,0.0,0.0,3.0,582.0,0.710940390625,False,REGULAR,USD
WBD,2026-09-18,put,2026-01-21T21:40:20.522057+00:00,WBD260918P00010000,2025-12-09 16:20:14+00:00,10.0,0.1,0.0,0.07,0.0,0.0,100.0,917.0,0.57812921875,False,REGULAR,USD
WBD,2026-09-18,put,2026-01-21T21:40:20.522057+00:00,WBD260918P00012000,2025-11-21 18:02:48+00:00,12.0,0.26,0.01,0.31,0.0,0.0,10.0,3237.0,0.6210975390625001,False,REGULAR,USD
WBD,2026-09-18,put,2026-01-21T21:40:20.522057+00:00,WBD260918P00015000,2026-01-05 14:51:11+00:00,15.0,0.08,0.05,0.69,0.0,0.0,1.0,823.0,0.57617611328125,False,REGULAR,USD
WBD,2026-09-18,put,2026-01-21T21:40:20.522057+00:00,WBD260918P00017000,2026-01-21 20:52:20+00:00,17.0,0.06,0.01,0.06,-0.06,-42.857143,3.0,601.0,0.33008482421874996,False,REGULAR,USD
WBD,2026-09-18,put,2026-01-21T21:40:20.522057+00:00,WBD260918P00020000,2026-01-20 20:50:06+00:00,20.0,0.17,0.01,0.17,0.0,0.0,117.0,1513.0,0.2934640966796874,False,REGULAR,USD
WBD,2026-09-18,put,2026-01-21T21:40:20.522057+00:00,WBD260918P00022000,2026-01-16 17:30:56+00:00,22.0,0.34,0.16,0.34,0.0,0.0,15.0,291.0,0.2758861474609374,False,REGULAR,USD
WBD,2026-09-18,put,2026-01-21T21:40:20.522057+00:00,WBD260918P00025000,2026-01-13 19:27:35+00:00,25.0,0.75,0.57,0.76,0.0,0.0,9.0,320.0,0.23828886718749998,False,REGULAR,USD
WBD,2026-09-18,put,2026-01-21T21:40:20.522057+00:00,WBD260918P00027000,2026-01-21 18:28:59+00:00,27.0,1.0,0.5,1.22,-0.049999952,-4.7619004,51.0,169.0,0.20996883789062498,False,REGULAR,USD
WBD,2026-09-18,put,2026-01-21T21:40:20.522057+00:00,WBD260918P00030000,2026-01-21 20:46:08+00:00,30.0,2.37,1.5,2.45,0.17999983,8.21917,40.0,61.0,0.16993017578125003,True,REGULAR,USD
WBD,2026-09-18,put,2026-01-21T21:40:20.522057+00:00,WBD260918P00032000,2025-12-12 15:58:30+00:00,32.0,2.55,1.7,4.1,0.0,0.0,,71.0,0.19190261230468753,True,REGULAR,USD
WBD,2026-09-18,put,2026-01-21T21:40:20.522057+00:00,WBD260918P00037000,2025-12-18 15:18:03+00:00,37.0,8.95,6.5,10.45,0.0,0.0,1.0,0.0,0.4904836108398438,True,REGULAR,USD
WBD,2027-03-19,call,2026-01-21T21:40:20.669207+00:00,WBD270319C00018000,2026-01-14 16:43:33+00:00,18.0,11.82,9.0,14.0,0.0,0.0,,5.0,0.7980977221679688,True,REGULAR,USD
WBD,2027-03-19,call,2026-01-21T21:40:20.669207+00:00,WBD270319C00027000,2026-01-07 17:04:21+00:00,27.0,4.0,1.5,6.5,0.0,0.0,,1.0,0.4836477416992188,True,REGULAR,USD
WBD,2027-03-19,call,2026-01-21T21:40:20.669207+00:00,WBD270319C00030000,2026-01-21 16:42:36+00:00,30.0,2.15,0.0,2.8,-0.14999986,-6.5217333,20.0,21.0,0.278327529296875,False,REGULAR,USD
WBD,2027-03-19,call,2026-01-21T21:40:20.669207+00:00,WBD270319C00035000,2026-01-13 15:42:35+00:00,35.0,0.32,0.0,5.0,0.0,0.0,,25.0,0.5839885351562499,False,REGULAR,USD
WBD,2027-03-19,put,2026-01-21T21:40:20.669207+00:00,WBD270319P00027000,2026-01-09 19:30:56+00:00,27.0,1.5,0.15,2.57,0.0,0.0,,,0.2761302856445312,False,REGULAR,USD
WBD,2027-03-19,put,2026-01-21T21:40:20.669207+00:00,WBD270319P00030000,2026-01-21 16:26:09+00:00,30.0,2.92,0.0,5.0,0.3900001,15.415025,6.0,21.0,0.33814138427734375,True,REGULAR,USD
TSLA,2026-08-21,call,2026-01-21T21:40:22.089527+00:00,TSLA260821C00005000,2026-01-13 17:07:49+00:00,5.0,431.9,423.0,428.75,-14.080017,-3.157096,1.0,11229.0,4.185551643066407,True,REGULAR,USD
TSLA,2026-08-21,call,2026-01-21T21:40:22.089527+00:00,TSLA260821C00010000,2025-10-23 18:14:19+00:00,10.0,436.29,407.9,413.65,0.0,0.0,2.0,11.0,1.0000000000000003e-05,True,REGULAR,USD
TSLA,2026-08-21,call,2026-01-21T21:40:22.089527+00:00,TSLA260821C00015000,2025-11-05 19:01:12+00:00,15.0,450.0,414.35,422.25,0.0,0.0,,1.0,2.540042712402343,True,REGULAR,USD
TSLA,2026-08-21,call,2026-01-21T21:40:22.089527+00:00,TSLA260821C00020000,2025-10-31 15:19:34+00:00,20.0,439.0,407.8,413.75,0.0,0.0,1.0,1.0,2.3750040624999995,True,REGULAR,USD
TSLA,2026-08-21,call,2026-01-21T21:40:22.089527+00:00,TSLA260821C00050000,2025-10-02 13:44:05+00:00,50.0,409.8,378.9,387.2,0.0,0.0,1.0,3.0,1.481936184082031,True,REGULAR,USD
TSLA,2026-08-21,call,2026-01-21T21:40:22.089527+00:00,TSLA260821C00055000,2025-12-15 18:52:30+00:00,55.0,423.67,374.3,381.4,0.0,0.0,,10.0,1.3813507495117183,True,REGULAR,USD
TSLA,2026-08-21,call,2026-01-21T21:40:22.089527+00:00,TSLA260821C00070000,2026-01-12 20:26:32+00:00,70.0,383.13,359.75,367.5,0.0,0.0,2.0,2.0,1.3123813677978513,True,REGULAR,USD
TSLA,2026-08-21,call,2026-01-21T21:40:22.089527+00:00,TSLA260821C00080000,2025-11-03 18:01:51+00:00,80.0,393.95,351.35,359.35,0.0,0.0,,0.0,1.3637727124023438,True,REGULAR,USD
TSLA,2026-08-21,call,2026-01-21T21:40:22.089527+00:00,TSLA260821C00090000,2025-11-26 20:39:45+00:00,90.0,339.48,341.9,349.35,0.0,0.0,1.0,10.0,1.2872350091552733,True,REGULAR,USD
TSLA,2026-08-21,call,2026-01-21T21:40:22.089527+00:00,TSLA260821C00100000,2025-12-31 20:33:37+00:00,100.0,353.76,331.05,337.7,0.0,0.0,2.0,6.0,1.116947774658203,True,REGULAR,USD
TSLA,2026-08-21,call,2026-01-21T21:40:22.089527+00:00,TSLA260821C00105000,2025-09-23 14:18:32+00:00,105.0,336.6,0.0,0.0,0.0,0.0,,3.0,1.0000000000000003e-05,True,REGULAR,USD
TSLA,2026-08-21,call,2026-01-21T21:40:22.089527+00:00,TSLA260821C00110000,2025-11-10 14:48:28+00:00,110.0,334.3,322.35,329.6,0.0,0.0,1.0,4.0,1.1461224334716797,True,REGULAR,USD
TSLA,2026-08-21,call,2026-01-21T21:40:22.089527+00:00,TSLA260821C00115000,2025-09-25 18:33:01+00:00,115.0,316.55,321.75,329.0,0.0,0.0,,66.0,1.3114048101806637,True,REGULAR,USD
TSLA,2026-08-21,call,2026-01-21T21:40:22.089527+00:00,TSLA260821C00120000,2025-10-07 16:43:48+00:00,120.0,332.83,313.05,321.4,0.0,0.0,2.0,44.0,1.1383099725341796,True,REGULAR,USD
TSLA,2026-08-21,call,2026-01-21T21:40:22.089527+00:00,TSLA260821C00125000,2025-10-10 19:37:43+00:00,125.0,296.25,301.4,301.55,0.0,0.0,4.0,7.0,1.0000000000000003e-05,True,REGULAR,USD
TSLA,2026-08-21,call,2026-01-21T21:40:22.089527+00:00,TSLA260821C00130000,2025-11-07 15:07:40+00:00,130.0,306.95,306.45,309.5,0.0,0.0,1.0,15.0,1.1033980377197268,True,REGULAR,USD
TSLA,2026-08-21,call,2026-01-21T21:40:22.089527+00:00,TSLA260821C00135000,2025-11-10 14:48:28+00:00,135.0,311.05,301.7,304.75,0.0,0.0,1.0,47.0,1.081120317077637,True,REGULAR,USD
TSLA,2026-08-21,call,2026-01-21T21:40:22.089527+00:00,TSLA260821C00140000,2026-01-05 17:35:32+00:00,140.0,321.7,292.4,299.3,0.0,0.0,2.0,27.0,0.9486089123535155,True,REGULAR,USD
TSLA,2026-08-21,call,2026-01-21T21:40:22.089527+00:00,TSLA260821C00145000,2026-01-06 20:22:29+00:00,145.0,291.5,289.6,293.2,0.0,0.0,1.0,38.0,0.9460454614257812,True,REGULAR,USD
TSLA,2026-08-21,call,2026-01-21T21:40:22.089527+00:00,TSLA260821C00150000,2025-12-08 15:59:23+00:00,150.0,298.69,284.8,288.45,0.0,0.0,7.0,20.0,0.9285895812988281,True,REGULAR,USD
TSLA,2026-08-21,call,2026-01-21T21:40:22.089527+00:00,TSLA260821C00155000,2026-01-09 18:10:52+00:00,155.0,299.85,280.05,283.65,0.0,0.0,10.0,21.0,0.9113778393554688,True,REGULAR,USD
TSLA,2026-08-21,call,2026-01-21T21:40:22.089527+00:00,TSLA260821C00160000,2025-11-20 14:55:25+00:00,160.0,274.87,278.15,281.1,0.0,0.0,1.0,24.0,0.9829103271484375,True,REGULAR,USD
TSLA,2026-08-21,call,2026-01-21T21:40:22.089527+00:00,TSLA260821C00165000,2026-01-09 18:10:13+00:00,165.0,290.35,270.55,274.15,0.0,0.0,10.0,11.0,0.8795178063964844,True,REGULAR,USD
TSLA,2026-08-21,call,2026-01-21T21:40:22.089527+00:00,TSLA260821C00170000,2025-12-31 20:30:40+00:00,170.0,287.32,265.8,269.4,0.0,0.0,2.0,6.0,0.8638929626464844,True,REGULAR,USD
TSLA,2026-08-21,call,2026-01-21T21:40:22.089527+00:00,TSLA260821C00175000,2025-11-06 14:46:20+00:00,175.0,302.5,264.05,267.15,0.0,0.0,1.0,4.0,0.9324347576904297,True,REGULAR,USD
TSLA,2026-08-21,call,2026-01-21T21:40:22.089527+00:00,TSLA260821C00185000,2025-11-10 18:27:42+00:00,185.0,272.8,254.8,257.45,0.0,0.0,2.0,4.0,0.8965464447021483,True,REGULAR,USD
TSLA,2026-08-21,call,2026-01-21T21:40:22.089527+00:00,TSLA260821C00190000,2025-11-10 18:54:16+00:00,190.0,267.4,250.05,252.65,0.0,0.0,2.0,56.0,0.8781140118408204,True,REGULAR,USD
TSLA,2026-08-21,call,2026-01-21T21:40:22.089527+00:00,TSLA260821C00195000,2026-01-16 15:19:44+00:00,195.0,251.95,242.5,245.55,0.0,0.0,2.0,22.0,0.7930928894042968,True,REGULAR,USD
TSLA,2026-08-21,call,2026-01-21T21:40:22.089527+00:00,TSLA260821C00200000,2026-01-15 15:41:00+00:00,200.0,253.01,237.8,240.85,0.0,0.0,1.0,75.0,0.7796042547607422,True,REGULAR,USD
TSLA,2026-08-21,call,2026-01-21T21:40:22.089527+00:00,TSLA260821C00205000,2025-11-14 14:47:39+00:00,205.0,205.86,236.1,239.1,0.0,0.0,1.0,1.0,0.8381363842773437,True,REGULAR,USD
TSLA,2026-08-21,call,2026-01-21T21:40:22.089527+00:00,TSLA260821C00210000,2026-01-20 15:47:02+00:00,210.0,226.37,228.5,231.5,0.0,0.0,1.0,16.0,0.7546411254882812,True,REGULAR,USD
TSLA,2026-08-21,call,2026-01-21T21:40:22.089527+00:00,TSLA260821C00215000,2026-01-09 18:17:25+00:00,215.0,241.8,223.9,226.85,0.0,0.0,2.0,7.0,0.7430140444946288,True,REGULAR,USD
TSLA,2026-08-21,call,2026-01-21T21:40:22.089527+00:00,TSLA260821C00220000,2026-01-09 18:10:04+00:00,220.0,239.2,219.3,222.25,0.0,0.0,2.0,27.0,0.7319057571411132,True,REGULAR,USD
TSLA,2026-08-21,call,2026-01-21T21:40:22.089527+00:00,TSLA260821C00225000,2025-11-28 17:43:40+00:00,225.0,220.0,218.45,220.95,0.0,0.0,1.0,8.0,0.7937032348632812,True,REGULAR,USD
TSLA,2026-08-21,call,2026-01-21T21:40:22.089527+00:00,TSLA260821C00230000,2026-01-16 20:27:51+00:00,230.0,220.31,210.15,213.1,0.0,0.0,2.0,14.0,0.7104826315307617,True,REGULAR,USD
TSLA,2026-08-21,call,2026-01-21T21:40:22.089527+00:00,TSLA260821C00235000,2026-01-20 18:07:03+00:00,235.0,201.06,205.6,208.55,0.0,0.0,4.0,12.0,0.7001067587280273,True,REGULAR,USD
TSLA,2026-08-21,call,2026-01-21T21:40:22.089527+00:00,TSLA260821C00240000,2026-01-16 20:32:40+00:00,240.0,211.08,201.1,204.5,0.0,0.0,2.0,37.0,0.6949798568725586,True,REGULAR,USD
TSLA,2026-08-21,call,2026-01-21T21:40:22.089527+00:00,TSLA260821C00245000,2026-01-08 15:37:53+00:00,245.0,201.5,196.65,199.5,0.0,0.0,7.0,15.0,0.6808503594970705,True,REGULAR,USD
TSLA,2026-08-21,call,2026-01-21T21:40:22.089527+00:00,TSLA260821C00250000,2026-01-20 14:57:06+00:00,250.0,189.12,192.2,195.0,0.0,0.0,1.0,112.0,0.671451039428711,True,REGULAR,USD
TSLA,2026-08-21,call,2026-01-21T21:40:22.089527+00:00,TSLA260821C00260000,2026-01-14 20:55:50+00:00,260.0,193.82,183.45,186.2,0.0,0.0,12.0,128.0,0.6550022293090821,True,REGULAR,USD
TSLA,2026-08-21,call,2026-01-21T21:40:22.089527+00:00,TSLA260821C00270000,2026-01-20 16:28:23+00:00,270.0,170.5,174.8,177.45,0.0,0.0,1.0,147.0,0.6387365228271484,True,REGULAR,USD
TSLA,2026-08-21,call,2026-01-21T21:40:22.089527+00:00,TSLA260821C00280000,2026-01-15 18:13:40+00:00,280.0,179.08,166.4,169.1,0.0,0.0,6.0,62.0,0.6262549581909181,True,REGULAR,USD
TSLA,2026-08-21,call,2026-01-21T21:40:22.089527+00:00,TSLA260821C00290000,2026-01-15 16:40:10+00:00,290.0,171.56,158.1,160.6,0.0,0.0,3.0,45.0,0.6119728744506837,True,REGULAR,USD
TSLA,2026-08-21,call,2026-01-21T21:40:22.089527+00:00,TSLA260821C00300000,2026-01-16 16:29:54+00:00,300.0,159.25,150.05,152.45,0.0,0.0,1.0,281.0,0.6003457934570313,True,REGULAR,USD
TSLA,2026-08-21,call,2026-01-21T21:40:22.089527+00:00,TSLA260821C00310000,2026-01-20 16:28:54+00:00,310.0,138.26,142.25,144.6,0.0,0.0,1.0,30.0,0.5905650074768067,True,REGULAR,USD
TSLA,2026-08-21,call,2026-01-21T21:40:22.089527+00:00,TSLA260821C00320000,2026-01-21 19:44:55+00:00,320.0,141.25,134.6,136.9,13.25,10.3515625,3.0,152.0,0.5808147387695313,True,REGULAR,USD
TSLA,2026-08-21,call,2026-01-21T21:40:22.089527+00:00,TSLA260821C00330000,2026-01-20 20:53:10+00:00,330.0,119.7,127.25,129.4,0.0,0.0,12.0,159.0,0.5721478332519532,True,REGULAR,USD
TSLA,2026-08-21,call,2026-01-21T21:40:22.089527+00:00,TSLA260821C00340000,2026-01-20 16:29:48+00:00,340.0,117.25,120.15,122.2,0.0,0.0,1.0,212.0,0.5645642909240725,True,REGULAR,USD
TSLA,2026-08-21,call,2026-01-21T21:40:22.089527+00:00,TSLA260821C00350000,2026-01-21 17:28:59+00:00,350.0,108.14,113.3,115.3,-2.7300034,-2.4623463,5.0,360.0,0.5578962667846681,True,REGULAR,USD
TSLA,2026-08-21,call,2026-01-21T21:40:22.089527+00:00,TSLA260821C00360000,2026-01-21 19:24:31+00:00,360.0,105.09,106.7,108.55,-9.710007,-8.458194,2.0,129.0,0.5512892771911622,True,REGULAR,USD
TSLA,2026-08-21,call,2026-01-21T21:40:22.089527+00:00,TSLA260821C00370000,2026-01-21 20:58:19+00:00,370.0,101.01,100.45,102.65,7.7400055,8.298494,6.0,355.0,0.5482833258056643,True,REGULAR,USD
TSLA,2026-08-21,call,2026-01-21T21:40:22.089527+00:00,TSLA260821C00380000,2026-01-21 19:54:55+00:00,380.0,100.35,94.45,96.0,8.639999,9.4210005,31.0,404.0,0.5411117666625979,True,REGULAR,USD
TSLA,2026-08-21,call,2026-01-21T21:40:22.089527+00:00,TSLA260821C00390000,2026-01-21 17:03:20+00:00,390.0,89.75,88.7,90.45,4.8499985,5.712601,16.0,198.0,0.5379532289123536,True,REGULAR,USD
TSLA,2026-08-21,call,2026-01-21T21:40:22.089527+00:00,TSLA260821C00400000,2026-01-21 20:52:09+00:00,400.0,84.58,83.25,84.85,5.580002,7.0632935,21.0,1472.0,0.5339554661560058,True,REGULAR,USD
TSLA,2026-08-21,call,2026-01-21T21:40:22.089527+00:00,TSLA260821C00410000,2026-01-21 20:15:48+00:00,410.0,82.02,78.1,79.9,9.2599945,12.726765,45.0,155.0,0.5319871020507813,True,REGULAR,USD
TSLA,2026-08-21,call,2026-01-21T21:40:22.089527+00:00,TSLA260821C00420000,2026-01-21 20:37:37+00:00,420.0,75.96,73.25,74.6,6.510002,9.373654,38.0,911.0,0.5280198565673828,True,REGULAR,USD
TSLA,2026-08-21,call,2026-01-21T21:40:22.089527+00:00,TSLA260821C00430000,2026-01-21 20:55:49+00:00,430.0,69.2,68.6,69.75,4.8399963,7.520193,34.0,1322.0,0.5249070947265625,True,REGULAR,USD
TSLA,2026-08-21,call,2026-01-21T21:40:22.089527+00:00,TSLA260821C00440000,2026-01-21 20:06:49+00:00,440.0,68.0,65.0,65.3,9.0,15.254237,47.0,1147.0,0.5256852851867677,False,REGULAR,USD
TSLA,2026-08-21,call,2026-01-21T21:40:22.089527+00:00,TSLA260821C00450000,2026-01-21 20:57:20+00:00,450.0,60.6,60.9,61.15,4.25,7.5421476,387.0,823.0,0.5240068351745604,False,REGULAR,USD
TSLA,2026-08-21,call,2026-01-21T21:40:22.089527+00:00,TSLA260821C00460000,2026-01-21 20:02:09+00:00,460.0,60.45,57.1,57.35,7.950001,15.1428585,9.0,427.0,0.5232133860778807,False,REGULAR,USD
TSLA,2026-08-21,call,2026-01-21T21:40:22.089527+00:00,TSLA260821C00470000,2026-01-21 20:13:58+00:00,470.0,55.8,53.3,53.6,6.799999,13.87755,61.0,273.0,0.5210771769714353,False,REGULAR,USD
TSLA,2026-08-21,call,2026-01-21T21:40:22.089527+00:00,TSLA260821C00480000,2026-01-21 20:24:20+00:00,480.0,51.84,49.95,50.2,6.1899986,13.55969,27.0,777.0,0.5204973487854003,False,REGULAR,USD
TSLA,2026-08-21,call,2026-01-21T21:40:22.089527+00:00,TSLA260821C00490000,2026-01-21 20:24:40+00:00,490.0,48.45,46.75,47.0,6.0300026,14.214999,35.0,289.0,0.5198107101440429,False,REGULAR,USD
TSLA,2026-08-21,call,2026-01-21T21:40:22.089527+00:00,TSLA260821C00500000,2026-01-21 20:05:59+00:00,500.0,46.1,43.75,44.0,6.199997,15.538839,180.0,981.0,0.519261399230957,False,REGULAR,USD
TSLA,2026-08-21,call,2026-01-21T21:40:22.089527+00:00,TSLA260821C00510000,2026-01-21 15:06:34+00:00,510.0,38.17,40.95,41.15,0.069999695,0.18372624,2.0,220.0,0.518757864227295,False,REGULAR,USD
TSLA,2026-08-21,call,2026-01-21T21:40:22.089527+00:00,TSLA260821C00520000,2026-01-21 19:49:13+00:00,520.0,41.4,38.35,38.55,6.75,19.480518,9.0,728.0,0.5187273469543459,False,REGULAR,USD
TSLA,2026-08-21,call,2026-01-21T21:40:22.089527+00:00,TSLA260821C00530000,2026-01-21 20:59:15+00:00,530.0,36.0,35.8,36.0,3.5999985,11.111106,15.0,170.0,0.5178423460388184,False,REGULAR,USD
TSLA,2026-08-21,call,2026-01-21T21:40:22.089527+00:00,TSLA260821C00540000,2026-01-21 17:35:46+00:00,540.0,31.1,33.55,33.8,0.6000004,1.9672143,10.0,237.0,0.5183916569519043,False,REGULAR,USD
TSLA,2026-08-21,call,2026-01-21T21:40:22.089527+00:00,TSLA260821C00550000,2026-01-21 20:21:12+00:00,550.0,32.5,31.4,31.65,4.129999,14.557628,50.0,461.0,0.5184221742248536,False,REGULAR,USD
TSLA,2026-08-21,call,2026-01-21T21:40:22.089527+00:00,TSLA260821C00560000,2026-01-21 19:22:13+00:00,560.0,28.35,29.4,29.65,1.5,5.586592,57.0,171.0,0.5186205364990235,False,REGULAR,USD
TSLA,2026-08-21,call,2026-01-21T21:40:22.089527+00:00,TSLA260821C00570000,2026-01-21 19:20:54+00:00,570.0,26.68,27.5,27.7,1.7299995,6.9338655,6.0,178.0,0.5183763983154297,False,REGULAR,USD
TSLA,2026-08-21,call,2026-01-21T21:40:22.089527+00:00,TSLA260821C00580000,2026-01-21 20:22:43+00:00,580.0,27.0,25.75,26.0,3.3500004,14.1649065,17.0,263.0,0.5188646746826171,False,REGULAR,USD
TSLA,2026-08-21,call,2026-01-21T21:40:22.089527+00:00,TSLA260821C00590000,2026-01-21 20:29:32+00:00,590.0,25.0,24.15,24.35,2.3500004,10.3752775,53.0,262.0,0.5192766578674317,False,REGULAR,USD
TSLA,2026-08-21,call,2026-01-21T21:40:22.089527+00:00,TSLA260821C00600000,2026-01-21 20:45:42+00:00,600.0,23.0,22.6,22.85,2.1299992,10.206033,71.0,672.0,0.5196581237792968,False,REGULAR,USD
TSLA,2026-08-21,call,2026-01-21T21:40:22.089527+00:00,TSLA260821C00610000,2026-01-21 20:48:18+00:00,610.0,21.4,21.2,21.45,1.4799995,7.4297166,58.0,271.0,0.520314245147705,False,REGULAR,USD
TSLA,2026-08-21,call,2026-01-21T21:40:22.089527+00:00,TSLA260821C00620000,2026-01-21 20:45:41+00:00,620.0,20.25,19.9,20.15,2.0499992,11.263732,5.0,263.0,0.5210619183349607,False,REGULAR,USD
TSLA,2026-08-21,call,2026-01-21T21:40:22.089527+00:00,TSLA260821C00630000,2026-01-21 20:43:06+00:00,630.0,18.67,18.65,18.85,1.4899998,8.6728735,32.0,195.0,0.5212450219726561,False,REGULAR,USD
TSLA,2026-08-21,call,2026-01-21T21:40:22.089527+00:00,TSLA260821C00640000,2026-01-21 19:39:10+00:00,640.0,19.15,17.55,17.75,3.0,18.575851,24.0,1111.0,0.5224046783447265,False,REGULAR,USD
TSLA,2026-08-21,call,2026-01-21T21:40:22.089527+00:00,TSLA260821C00650000,2026-01-21 15:23:34+00:00,650.0,15.65,16.45,16.65,0.39999962,2.6229484,2.0,489.0,0.5228014028930664,False,REGULAR,USD
TSLA,2026-08-21,call,2026-01-21T21:40:22.089527+00:00,TSLA260821C00660000,2026-01-21 18:40:03+00:00,660.0,14.8,15.5,15.7,0.6000004,4.2253547,2.0,125.0,0.5240831283569335,False,REGULAR,USD
TSLA,2026-08-21,call,2026-01-21T21:40:22.089527+00:00,TSLA260821C00670000,2026-01-21 17:51:40+00:00,670.0,13.45,14.6,14.8,-1.5299997,-10.213616,10.0,167.0,0.5252427847290039,False,REGULAR,USD
TSLA,2026-08-21,call,2026-01-21T21:40:22.089527+00:00,TSLA260821C00680000,2026-01-21 20:30:57+00:00,680.0,14.25,13.75,13.95,1.5,11.764706,17.0,219.0,0.5263108892822266,False,REGULAR,USD
TSLA,2026-08-21,call,2026-01-21T21:40:22.089527+00:00,TSLA260821C00690000,2026-01-20 20:55:36+00:00,690.0,12.05,12.95,13.15,0.0,0.0,21.0,226.0,0.5273179592895508,False,REGULAR,USD
TSLA,2026-08-21,call,2026-01-21T21:40:22.089527+00:00,TSLA260821C00700000,2026-01-20 20:57:15+00:00,700.0,11.2,12.2,12.4,-0.3000002,-2.6086974,1.0,705.0,0.5283250292968751,False,REGULAR,USD
TSLA,2026-08-21,call,2026-01-21T21:40:22.089527+00:00,TSLA260821C00710000,2026-01-21 18:59:09+00:00,710.0,11.2,11.5,11.7,0.5699997,5.3621798,16.0,177.0,0.5293626165771486,False,REGULAR,USD
TSLA,2026-08-21,call,2026-01-21T21:40:22.089527+00:00,TSLA260821C00720000,2026-01-21 15:27:06+00:00,720.0,11.95,10.85,11.05,1.9499998,19.499998,10.0,102.0,0.5304917556762696,False,REGULAR,USD
TSLA,2026-08-21,call,2026-01-21T21:40:22.089527+00:00,TSLA260821C00730000,2026-01-21 20:18:29+00:00,730.0,10.85,10.25,10.4,1.2300005,12.785868,2.0,231.0,0.5313767565917968,False,REGULAR,USD
TSLA,2026-08-21,call,2026-01-21T21:40:22.089527+00:00,TSLA260821C00740000,2026-01-21 16:56:59+00:00,740.0,8.99,9.7,9.9,-0.010000229,-0.11111365,2.0,296.0,0.5331467584228515,False,REGULAR,USD
TSLA,2026-08-21,call,2026-01-21T21:40:22.089527+00:00,TSLA260821C00750000,2026-01-21 19:19:55+00:00,750.0,8.97,9.2,9.35,0.35000038,4.0603294,6.0,310.0,0.5344437425231934,False,REGULAR,USD
TSLA,2026-08-21,call,2026-01-21T21:40:22.089527+00:00,TSLA260821C00760000,2026-01-20 20:12:53+00:00,760.0,8.3,8.7,8.85,0.0,0.0,45.0,79.0,0.5356186575317383,False,REGULAR,USD
TSLA,2026-08-21,call,2026-01-21T21:40:22.089527+00:00,TSLA260821C00770000,2026-01-20 20:52:25+00:00,770.0,7.75,8.25,8.4,0.0,0.0,8.0,354.0,0.5370834866333009,False,REGULAR,USD
TSLA,2026-08-21,call,2026-01-21T21:40:22.089527+00:00,TSLA260821C00780000,2026-01-21 19:30:13+00:00,780.0,8.4,7.8,8.0,0.7499995,9.803915,5.0,210.0,0.5385177984619143,False,REGULAR,USD
TSLA,2026-08-21,call,2026-01-21T21:40:22.089527+00:00,TSLA260821C00790000,2026-01-21 16:01:38+00:00,790.0,7.4,7.45,7.6,-0.19999981,-2.6315765,2.0,102.0,0.5403488348388674,False,REGULAR,USD
TSLA,2026-08-21,call,2026-01-21T21:40:22.089527+00:00,TSLA260821C00800000,2026-01-21 16:57:40+00:00,800.0,7.2,7.05,7.25,0.5999999,9.090908,15.0,495.0,0.5418136639404298,False,REGULAR,USD
TSLA,2026-08-21,call,2026-01-21T21:40:22.089527+00:00,TSLA260821C00810000,2026-01-20 18:43:34+00:00,810.0,6.66,6.7,6.85,0.0,0.0,105.0,89.0,0.5428512512207033,False,REGULAR,USD
TSLA,2026-08-21,call,2026-01-21T21:40:22.089527+00:00,TSLA260821C00820000,2026-01-21 18:00:29+00:00,820.0,6.0,6.4,6.55,-0.19999981,-3.2258034,8.0,266.0,0.5448653912353516,False,REGULAR,USD
TSLA,2026-08-21,call,2026-01-21T21:40:22.089527+00:00,TSLA260821C00830000,2026-01-20 20:25:19+00:00,830.0,5.73,6.05,6.25,0.0,0.0,69.0,421.0,0.5460860821533204,False,REGULAR,USD
TSLA,2026-08-21,call,2026-01-21T21:40:22.089527+00:00,TSLA260821C00840000,2026-01-16 20:39:39+00:00,840.0,7.05,5.8,5.95,0.0,0.0,3.0,265.0,0.5478866012573244,False,REGULAR,USD
TSLA,2026-08-21,call,2026-01-21T21:40:22.089527+00:00,TSLA260821C00850000,2026-01-20 18:40:06+00:00,850.0,5.5,5.5,5.65,0.0,0.0,1.0,468.0,0.5488631539916994,False,REGULAR,USD
TSLA,2026-08-21,call,2026-01-21T21:40:22.089527+00:00,TSLA260821C00860000,2026-01-21 19:24:24+00:00,860.0,5.2,5.25,5.4,-2.52,-32.642487,3.0,457.0,0.5505416040039064,False,REGULAR,USD
TSLA,2026-08-21,call,2026-01-21T21:40:22.089527+00:00,TSLA260821C00870000,2026-01-16 14:55:02+00:00,870.0,7.23,5.05,5.15,0.0,0.0,20.0,76.0,0.5524336749267578,False,REGULAR,USD
TSLA,2026-08-21,call,2026-01-21T21:40:22.089527+00:00,TSLA260821C00880000,2026-01-16 15:17:09+00:00,880.0,6.54,4.8,4.95,0.0,0.0,4.0,143.0,0.5540205731201173,False,REGULAR,USD
TSLA,2026-08-21,call,2026-01-21T21:40:22.089527+00:00,TSLA260821C00890000,2026-01-15 14:41:43+00:00,890.0,6.7,4.6,4.75,0.0,0.0,1.0,302.0,0.5559126440429689,False,REGULAR,USD
TSLA,2026-08-21,call,2026-01-21T21:40:22.089527+00:00,TSLA260821C00900000,2026-01-21 20:07:52+00:00,900.0,4.85,4.4,4.55,0.5499997,12.79069,6.0,1011.0,0.5575605767822267,False,REGULAR,USD
TSLA,2026-08-21,call,2026-01-21T21:40:22.089527+00:00,TSLA260821C00910000,2026-01-15 20:22:35+00:00,910.0,5.95,4.2,4.35,0.0,0.0,1.0,146.0,0.5589033367919922,False,REGULAR,USD
TSLA,2026-08-21,call,2026-01-21T21:40:22.089527+00:00,TSLA260821C00920000,2026-01-21 14:46:19+00:00,920.0,3.89,4.0,4.15,-1.3599999,-25.904758,1.0,145.0,0.5599409240722657,False,REGULAR,USD
TSLA,2026-08-21,call,2026-01-21T21:40:22.089527+00:00,TSLA260821C00930000,2026-01-20 14:33:22+00:00,930.0,4.15,3.85,4.0,0.0,0.0,4.0,730.0,0.5620771331787109,False,REGULAR,USD
TSLA,2026-08-21,call,2026-01-21T21:40:22.089527+00:00,TSLA260821C00940000,2026-01-21 20:49:16+00:00,940.0,3.8,3.7,3.85,0.0,0.0,3.0,781.0,0.5639386868286134,False,REGULAR,USD
TSLA,2026-08-21,call,2026-01-21T21:40:22.089527+00:00,TSLA260821C00950000,2026-01-13 18:21:00+00:00,950.0,6.0,3.55,3.7,0.0,0.0,3.0,176.0,0.5656171368408205,False,REGULAR,USD
TSLA,2026-08-21,call,2026-01-21T21:40:22.089527+00:00,TSLA260821C00960000,2026-01-21 18:29:10+00:00,960.0,3.3,3.4,3.55,-0.13000011,-3.7900908,10.0,56.0,0.5670209313964845,False,REGULAR,USD
TSLA,2026-08-21,call,2026-01-21T21:40:22.089527+00:00,TSLA260821C00970000,2026-01-21 20:29:35+00:00,970.0,3.52,3.3,3.4,-2.42,-40.74074,14.0,41.0,0.5689740368652343,False,REGULAR,USD
TSLA,2026-08-21,call,2026-01-21T21:40:22.089527+00:00,TSLA260821C00980000,2026-01-21 15:26:47+00:00,980.0,3.1,3.15,3.3,0.01999998,0.64935005,10.0,81.0,0.5706830041503907,False,REGULAR,USD
TSLA,2026-08-21,call,2026-01-21T21:40:22.089527+00:00,TSLA260821C00990000,2026-01-21 20:41:51+00:00,990.0,3.14,3.05,3.15,0.25,8.650518,29.0,654.0,0.5722088677978516,False,REGULAR,USD
TSLA,2026-08-21,put,2026-01-21T21:40:22.089527+00:00,TSLA260821P00005000,2026-01-16 18:54:17+00:00,5.0,0.01,0.0,0.21,0.0,0.0,252.0,1553.0,2.2968792578125,False,REGULAR,USD
TSLA,2026-08-21,put,2026-01-21T21:40:22.089527+00:00,TSLA260821P00010000,2026-01-02 20:23:40+00:00,10.0,0.02,0.0,0.15,0.0,0.0,3.0,4.0,1.81640716796875,False,REGULAR,USD
TSLA,2026-08-21,put,2026-01-21T21:40:22.089527+00:00,TSLA260821P00015000,2026-01-09 18:08:53+00:00,15.0,0.03,0.0,0.21,0.0,0.0,3.0,85.0,1.65625171875,False,REGULAR,USD
TSLA,2026-08-21,put,2026-01-21T21:40:22.089527+00:00,TSLA260821P00020000,2025-11-06 17:12:50+00:00,20.0,0.12,0.01,0.12,0.0,0.0,3.0,203.0,1.4296903515625,False,REGULAR,USD
TSLA,2026-08-21,put,2026-01-21T21:40:22.089527+00:00,TSLA260821P00025000,2025-11-05 15:28:21+00:00,25.0,0.21,0.0,2.77,0.0,0.0,1.0,32.0,1.9624025317382814,False,REGULAR,USD
TSLA,2026-08-21,put,2026-01-21T21:40:22.089527+00:00,TSLA260821P00030000,2025-12-29 16:01:56+00:00,30.0,0.08,0.0,0.58,0.0,0.0,80.0,205.0,1.4462918310546877,False,REGULAR,USD
TSLA,2026-08-21,put,2026-01-21T21:40:22.089527+00:00,TSLA260821P00035000,2026-01-08 15:52:40+00:00,35.0,0.08,0.0,0.3,0.0,0.0,1.0,220.0,1.2578162109375,False,REGULAR,USD
TSLA,2026-08-21,put,2026-01-21T21:40:22.089527+00:00,TSLA260821P00040000,2025-11-21 17:07:36+00:00,40.0,0.32,0.0,0.17,0.0,0.0,3.0,75.0,1.12109814453125,False,REGULAR,USD
TSLA,2026-08-21,put,2026-01-21T21:40:22.089527+00:00,TSLA260821P00045000,2025-12-05 20:36:42+00:00,45.0,0.27,0.01,0.54,0.0,0.0,8.0,267.0,1.2080117724609374,False,REGULAR,USD
TSLA,2026-08-21,put,2026-01-21T21:40:22.089527+00:00,TSLA260821P00050000,2026-01-08 18:08:00+00:00,50.0,0.18,0.02,0.37,0.0,0.0,116.0,674.0,1.1044966650390626,False,REGULAR,USD
TSLA,2026-08-21,put,2026-01-21T21:40:22.089527+00:00,TSLA260821P00055000,2025-12-30 14:34:53+00:00,55.0,0.23,0.0,0.4,0.0,0.0,1.0,44.0,1.0576218994140625,False,REGULAR,USD
TSLA,2026-08-21,put,2026-01-21T21:40:22.089527+00:00,TSLA260821P00060000,2026-01-20 16:06:15+00:00,60.0,0.13,0.1,0.41,0.0,0.0,1.0,256.0,1.0410204199218753,False,REGULAR,USD
TSLA,2026-08-21,put,2026-01-21T21:40:22.089527+00:00,TSLA260821P00065000,2025-11-21 20:41:14+00:00,65.0,0.85,0.25,0.41,0.0,0.0,503.0,574.0,1.0297900073242188,False,REGULAR,USD
TSLA,2026-08-21,put,2026-01-21T21:40:22.089527+00:00,TSLA260821P00070000,2026-01-12 14:34:41+00:00,70.0,0.3,0.12,0.32,0.0,0.0,8.0,79.0,0.9433599414062499,False,REGULAR,USD
TSLA,2026-08-21,put,2026-01-21T21:40:22.089527+00:00,TSLA260821P00075000,2026-01-20 15:23:37+00:00,75.0,0.28,0.16,0.37,0.0,0.0,3.0,187.0,0.9267585449218749,False,REGULAR,USD
TSLA,2026-08-21,put,2026-01-21T21:40:22.089527+00:00,TSLA260821P00080000,2026-01-02 19:02:06+00:00,80.0,0.56,0.02,0.61,0.0,0.0,9.0,66.0,0.9116219775390625,False,REGULAR,USD
TSLA,2026-08-21,put,2026-01-21T21:40:22.089527+00:00,TSLA260821P00085000,2026-01-14 17:50:31+00:00,85.0,0.46,0.27,0.48,0.0,0.0,3.0,326.0,0.8979502392578124,False,REGULAR,USD
TSLA,2026-08-21,put,2026-01-21T21:40:22.089527+00:00,TSLA260821P00090000,2026-01-13 19:56:23+00:00,90.0,0.53,0.31,0.65,0.0,0.0,12.0,43.0,0.8950205810546874,False,REGULAR,USD
TSLA,2026-08-21,put,2026-01-21T21:40:22.089527+00:00,TSLA260821P00095000,2026-01-13 19:56:03+00:00,95.0,0.63,0.39,0.57,0.0,0.0,12.0,77.0,0.8642591699218749,False,REGULAR,USD
TSLA,2026-08-21,put,2026-01-21T21:40:22.089527+00:00,TSLA260821P00100000,2026-01-21 16:44:28+00:00,100.0,0.55,0.29,0.66,-0.03999996,-6.779655,30.0,486.0,0.8344743115234373,False,REGULAR,USD
TSLA,2026-08-21,put,2026-01-21T21:40:22.089527+00:00,TSLA260821P00105000,2026-01-21 15:53:40+00:00,105.0,0.66,0.52,0.74,-0.01999998,-2.9411736,5.0,19.0,0.8388687988281249,False,REGULAR,USD
TSLA,2026-08-21,put,2026-01-21T21:40:22.089527+00:00,TSLA260821P00110000,2026-01-21 16:00:21+00:00,110.0,0.72,0.42,0.79,-0.089999974,-11.111108,1.0,77.0,0.807619111328125,False,REGULAR,USD
TSLA,2026-08-21,put,2026-01-21T21:40:22.089527+00:00,TSLA260821P00115000,2026-01-13 18:07:17+00:00,115.0,0.93,0.66,0.87,0.0,0.0,2.0,47.0,0.8085956640624999,False,REGULAR,USD
TSLA,2026-08-21,put,2026-01-21T21:40:22.089527+00:00,TSLA260821P00120000,2026-01-15 16:36:30+00:00,120.0,0.98,0.72,1.15,0.0,0.0,1.0,42.0,0.8071308349609375,False,REGULAR,USD
TSLA,2026-08-21,put,2026-01-21T21:40:22.089527+00:00,TSLA260821P00125000,2026-01-20 15:51:32+00:00,125.0,1.01,0.82,1.05,0.0,0.0,10.0,54.0,0.7824728784179689,False,REGULAR,USD
TSLA,2026-08-21,put,2026-01-21T21:40:22.089527+00:00,TSLA260821P00130000,2026-01-21 15:30:28+00:00,130.0,1.04,0.89,1.16,-0.16000009,-13.333339,3.0,141.0,0.7697776928710938,False,REGULAR,USD
TSLA,2026-08-21,put,2026-01-21T21:40:22.089527+00:00,TSLA260821P00135000,2026-01-20 20:18:58+00:00,135.0,1.26,1.08,1.16,0.0,0.0,2.0,52.0,0.7570825073242189,False,REGULAR,USD
TSLA,2026-08-21,put,2026-01-21T21:40:22.089527+00:00,TSLA260821P00140000,2026-01-21 15:30:26+00:00,140.0,1.26,1.18,1.26,-0.14999998,-10.638297,2.0,70.0,0.7448755981445312,False,REGULAR,USD
TSLA,2026-08-21,put,2026-01-21T21:40:22.089527+00:00,TSLA260821P00145000,2026-01-13 19:56:23+00:00,145.0,1.56,1.29,1.37,0.0,0.0,4.0,127.0,0.7334011035156249,False,REGULAR,USD
TSLA,2026-08-21,put,2026-01-21T21:40:22.089527+00:00,TSLA260821P00150000,2026-01-21 19:46:16+00:00,150.0,1.45,1.4,1.48,-0.17999995,-11.042941,2.0,242.0,0.7214383325195313,False,REGULAR,USD
TSLA,2026-08-21,put,2026-01-21T21:40:22.089527+00:00,TSLA260821P00155000,2025-12-31 15:27:05+00:00,155.0,2.34,1.52,1.6,0.0,0.0,12.0,22.0,0.7102079760742188,False,REGULAR,USD
TSLA,2026-08-21,put,2026-01-21T21:40:22.089527+00:00,TSLA260821P00160000,2026-01-16 20:33:51+00:00,160.0,1.72,1.65,1.73,0.0,0.0,1.0,36.0,0.6995879650878907,False,REGULAR,USD
TSLA,2026-08-21,put,2026-01-21T21:40:22.089527+00:00,TSLA260821P00165000,2026-01-20 20:16:31+00:00,165.0,2.11,1.78,1.86,0.0,0.0,2.0,105.0,0.6884796777343751,False,REGULAR,USD
TSLA,2026-08-21,put,2026-01-21T21:40:22.089527+00:00,TSLA260821P00170000,2026-01-21 19:08:14+00:00,170.0,2.07,1.92,2.0,-0.08000016,-3.7209375,21.0,40.0,0.6779817358398439,False,REGULAR,USD
TSLA,2026-08-21,put,2026-01-21T21:40:22.089527+00:00,TSLA260821P00175000,2026-01-20 20:15:36+00:00,175.0,2.41,2.07,2.16,0.0,0.0,2.0,120.0,0.668094139404297,False,REGULAR,USD
TSLA,2026-08-21,put,2026-01-21T21:40:22.089527+00:00,TSLA260821P00180000,2026-01-21 15:47:42+00:00,180.0,2.3,2.23,2.31,0.00999999,0.43668082,16.0,87.0,0.6579013702392578,False,REGULAR,USD
TSLA,2026-08-21,put,2026-01-21T21:40:22.089527+00:00,TSLA260821P00185000,2026-01-20 20:16:26+00:00,185.0,2.83,2.4,2.48,0.0,0.0,2.0,38.0,0.6483189465332031,False,REGULAR,USD
TSLA,2026-08-21,put,2026-01-21T21:40:22.089527+00:00,TSLA260821P00190000,2026-01-13 19:42:47+00:00,190.0,2.94,2.58,2.66,0.0,0.0,2.0,144.0,0.6388585919189453,False,REGULAR,USD
TSLA,2026-08-21,put,2026-01-21T21:40:22.089527+00:00,TSLA260821P00195000,2026-01-20 15:08:18+00:00,195.0,3.1,2.77,2.86,0.0,0.0,1.0,130.0,0.629886513671875,False,REGULAR,USD
TSLA,2026-08-21,put,2026-01-21T21:40:22.089527+00:00,TSLA260821P00200000,2026-01-21 20:51:13+00:00,200.0,3.05,2.97,3.1,-0.4000001,-11.594205,70.0,314.0,0.6216468499755861,False,REGULAR,USD
TSLA,2026-08-21,put,2026-01-21T21:40:22.089527+00:00,TSLA260821P00205000,2026-01-21 17:28:46+00:00,205.0,3.5,3.15,3.3,-0.049999952,-1.4084494,1.0,2924.0,0.6118202880859377,False,REGULAR,USD
TSLA,2026-08-21,put,2026-01-21T21:40:22.089527+00:00,TSLA260821P00210000,2026-01-20 15:43:49+00:00,210.0,3.74,3.4,3.55,0.0,0.0,1.0,118.0,0.6041299353027345,False,REGULAR,USD
TSLA,2026-08-21,put,2026-01-21T21:40:22.089527+00:00,TSLA260821P00215000,2026-01-13 17:12:39+00:00,215.0,4.09,3.65,3.8,0.0,0.0,3.0,164.0,0.5960733752441407,False,REGULAR,USD
TSLA,2026-08-21,put,2026-01-21T21:40:22.089527+00:00,TSLA260821P00220000,2026-01-21 19:08:14+00:00,220.0,4.27,3.95,4.05,-0.32999992,-7.1739116,13.0,343.0,0.5884440570068359,False,REGULAR,USD
TSLA,2026-08-21,put,2026-01-21T21:40:22.089527+00:00,TSLA260821P00225000,2026-01-20 20:42:32+00:00,225.0,5.0,4.25,4.35,0.0,0.0,18.0,187.0,0.5813030151367188,False,REGULAR,USD
TSLA,2026-08-21,put,2026-01-21T21:40:22.089527+00:00,TSLA260821P00230000,2026-01-20 20:35:37+00:00,230.0,5.4,4.55,4.7,0.0,0.0,12.0,212.0,0.5744671459960937,False,REGULAR,USD
TSLA,2026-08-21,put,2026-01-21T21:40:22.089527+00:00,TSLA260821P00235000,2026-01-21 19:35:15+00:00,235.0,5.0,4.9,5.05,-0.8499999,-14.529914,3.0,204.0,0.5678754150390625,False,REGULAR,USD
TSLA,2026-08-21,put,2026-01-21T21:40:22.089527+00:00,TSLA260821P00240000,2026-01-20 20:33:25+00:00,240.0,6.28,5.25,5.4,0.0,0.0,44.0,571.0,0.5608869595336915,False,REGULAR,USD
TSLA,2026-08-21,put,2026-01-21T21:40:22.089527+00:00,TSLA260821P00245000,2026-01-21 20:08:57+00:00,245.0,5.75,5.65,5.8,-1.0,-14.814815,10.0,122.0,0.5547529876708985,False,REGULAR,USD
TSLA,2026-08-21,put,2026-01-21T21:40:22.089527+00:00,TSLA260821P00250000,2026-01-20 20:15:19+00:00,250.0,7.25,6.1,6.25,0.0,0.0,2.0,631.0,0.549381947631836,False,REGULAR,USD
TSLA,2026-08-21,put,2026-01-21T21:40:22.089527+00:00,TSLA260821P00260000,2026-01-21 15:41:18+00:00,260.0,7.4,7.1,7.25,-0.7499995,-9.202449,2.0,242.0,0.539189178466797,False,REGULAR,USD
TSLA,2026-08-21,put,2026-01-21T21:40:22.089527+00:00,TSLA260821P00270000,2026-01-21 19:55:34+00:00,270.0,8.15,8.25,8.35,-1.6000004,-16.41026,53.0,449.0,0.5293626165771486,False,REGULAR,USD
TSLA,2026-08-21,put,2026-01-21T21:40:22.089527+00:00,TSLA260821P00280000,2026-01-21 20:52:27+00:00,280.0,9.6,9.5,9.65,-1.5899992,-14.209109,12.0,330.0,0.5201464001464844,False,REGULAR,USD
TSLA,2026-08-21,put,2026-01-21T21:40:22.089527+00:00,TSLA260821P00290000,2026-01-20 20:27:35+00:00,290.0,13.22,10.95,11.15,0.0,0.0,148.0,901.0,0.5120288055419921,False,REGULAR,USD
TSLA,2026-08-21,put,2026-01-21T21:40:22.089527+00:00,TSLA260821P00300000,2026-01-21 17:06:28+00:00,300.0,12.41,12.65,12.85,-2.4400005,-16.43098,14.0,2801.0,0.5050098327636718,False,REGULAR,USD
TSLA,2026-08-21,put,2026-01-21T21:40:22.089527+00:00,TSLA260821P00310000,2026-01-21 20:15:43+00:00,310.0,14.37,14.55,14.75,-2.63,-15.470589,3.0,900.0,0.4996998272705079,False,REGULAR,USD
TSLA,2026-08-21,put,2026-01-21T21:40:22.089527+00:00,TSLA260821P00320000,2026-01-21 20:45:08+00:00,320.0,16.85,16.65,16.85,-2.8500004,-14.467006,52.0,1509.0,0.4931691308593751,False,REGULAR,USD
TSLA,2026-08-21,put,2026-01-21T21:40:22.089527+00:00,TSLA260821P00330000,2026-01-21 20:43:40+00:00,330.0,19.15,19.05,19.25,-3.1000004,-13.932586,16.0,578.0,0.487859125366211,False,REGULAR,USD
TSLA,2026-08-21,put,2026-01-21T21:40:22.089527+00:00,TSLA260821P00340000,2026-01-21 20:45:51+00:00,340.0,21.81,21.7,21.9,-3.3400002,-13.280318,108.0,574.0,0.48291532714843755,False,REGULAR,USD
TSLA,2026-08-21,put,2026-01-21T21:40:22.089527+00:00,TSLA260821P00350000,2026-01-21 17:14:26+00:00,350.0,26.67,24.6,24.8,-2.0300007,-7.0731726,41.0,1116.0,0.4782156671142578,False,REGULAR,USD
TSLA,2026-08-21,put,2026-01-21T21:40:22.089527+00:00,TSLA260821P00360000,2026-01-21 19:40:59+00:00,360.0,27.5,27.75,28.0,-4.549999,-14.196567,38.0,1798.0,0.47412635253906255,False,REGULAR,USD
TSLA,2026-08-21,put,2026-01-21T21:40:22.089527+00:00,TSLA260821P00370000,2026-01-21 20:23:18+00:00,370.0,31.09,31.25,31.5,-4.959999,-13.758666,120.0,643.0,0.4705253143310547,False,REGULAR,USD
TSLA,2026-08-21,put,2026-01-21T21:40:22.089527+00:00,TSLA260821P00380000,2026-01-21 20:24:39+00:00,380.0,34.65,35.0,35.25,-5.1499977,-12.9396925,9.0,481.0,0.46687850021362304,False,REGULAR,USD
TSLA,2026-08-21,put,2026-01-21T21:40:22.089527+00:00,TSLA260821P00390000,2026-01-21 20:20:00+00:00,390.0,39.5,39.05,39.35,-3.5800018,-8.310124,12.0,2157.0,0.46402513519287114,False,REGULAR,USD
TSLA,2026-08-21,put,2026-01-21T21:40:22.089527+00:00,TSLA260821P00400000,2026-01-21 20:40:51+00:00,400.0,43.25,43.45,43.7,-5.8499985,-11.914458,12.0,2542.0,0.4610344424438477,False,REGULAR,USD
TSLA,2026-08-21,put,2026-01-21T21:40:22.089527+00:00,TSLA260821P00410000,2026-01-21 20:49:47+00:00,410.0,48.15,48.15,48.4,-6.449997,-11.813182,9.0,469.0,0.4587609056091309,False,REGULAR,USD
TSLA,2026-08-21,put,2026-01-21T21:40:22.089527+00:00,TSLA260821P00420000,2026-01-21 20:53:10+00:00,420.0,53.1,53.05,53.35,-6.4400024,-10.816262,30.0,454.0,0.4563652996826172,False,REGULAR,USD
TSLA,2026-08-21,put,2026-01-21T21:40:22.089527+00:00,TSLA260821P00430000,2026-01-21 20:22:59+00:00,430.0,57.72,58.25,58.55,-5.7599983,-9.073721,13.0,404.0,0.45387814193725584,False,REGULAR,USD
TSLA,2026-08-21,put,2026-01-21T21:40:22.089527+00:00,TSLA260821P00440000,2026-01-21 20:21:42+00:00,440.0,63.15,63.8,64.1,-8.07,-11.331086,4.0,534.0,0.4521233987426758,True,REGULAR,USD
TSLA,2026-08-21,put,2026-01-21T21:40:22.089527+00:00,TSLA260821P00450000,2026-01-21 20:11:06+00:00,450.0,68.59,69.55,69.9,-8.010002,-10.456923,6.0,1260.0,0.45035339691162113,True,REGULAR,USD
TSLA,2026-08-21,put,2026-01-21T21:40:22.089527+00:00,TSLA260821P00460000,2026-01-21 20:44:43+00:00,460.0,75.4,75.5,75.95,2.2000046,3.0054708,5.0,497.0,0.44861391235351555,True,REGULAR,USD
TSLA,2026-08-21,put,2026-01-21T21:40:22.089527+00:00,TSLA260821P00470000,2026-01-21 20:03:24+00:00,470.0,80.17,81.8,82.15,-8.330002,-9.412432,16.0,167.0,0.44620304779052733,True,REGULAR,USD
TSLA,2026-08-21,put,2026-01-21T21:40:22.089527+00:00,TSLA260821P00480000,2026-01-21 20:46:56+00:00,480.0,88.25,88.3,88.7,1.449997,1.6705034,14.0,388.0,0.44470770141601557,True,REGULAR,USD
TSLA,2026-08-21,put,2026-01-21T21:40:22.089527+00:00,TSLA260821P00490000,2026-01-21 20:23:52+00:00,490.0,94.1,94.95,95.4,3.2799988,3.611538,2.0,160.0,0.44266304412841795,True,REGULAR,USD
TSLA,2026-08-21,put,2026-01-21T21:40:22.089527+00:00,TSLA260821P00500000,2026-01-21 20:23:55+00:00,500.0,100.95,101.8,102.25,-4.9500046,-4.6742253,2.0,181.0,0.4400995932006836,True,REGULAR,USD
TSLA,2026-08-21,put,2026-01-21T21:40:22.089527+00:00,TSLA260821P00510000,2026-01-16 16:29:05+00:00,510.0,107.15,109.0,109.45,0.0,0.0,3.0,169.0,0.4386957986450196,True,REGULAR,USD
TSLA,2026-08-21,put,2026-01-21T21:40:22.089527+00:00,TSLA260821P00520000,2026-01-02 18:08:14+00:00,520.0,118.25,116.2,116.65,0.0,0.0,1.0,38.0,0.4356898472595215,True,REGULAR,USD
TSLA,2026-08-21,put,2026-01-21T21:40:22.089527+00:00,TSLA260821P00530000,2026-01-20 16:31:55+00:00,530.0,128.15,123.25,124.95,0.0,0.0,1.0,75.0,0.44031321411132807,True,REGULAR,USD
TSLA,2026-08-21,put,2026-01-21T21:40:22.089527+00:00,TSLA260821P00540000,2026-01-06 14:30:01+00:00,540.0,128.65,130.95,132.65,0.0,0.0,5.0,98.0,0.4385584709167481,True,REGULAR,USD
TSLA,2026-08-21,put,2026-01-21T21:40:22.089527+00:00,TSLA260821P00550000,2026-01-20 14:55:06+00:00,550.0,143.92,138.8,140.5,0.0,0.0,2.0,56.0,0.4366663999938965,True,REGULAR,USD
TSLA,2026-08-21,put,2026-01-21T21:40:22.089527+00:00,TSLA260821P00560000,2026-01-06 17:37:16+00:00,560.0,153.6,146.8,148.55,0.0,0.0,6.0,63.0,0.4351405363464356,True,REGULAR,USD
TSLA,2026-08-21,put,2026-01-21T21:40:22.089527+00:00,TSLA260821P00570000,2026-01-09 16:53:55+00:00,570.0,151.5,154.8,156.75,0.0,0.0,1.0,33.0,0.43364518997192386,True,REGULAR,USD
TSLA,2026-08-21,put,2026-01-21T21:40:22.089527+00:00,TSLA260821P00580000,2026-01-13 17:32:20+00:00,580.0,155.55,163.1,165.05,0.0,0.0,2.0,42.0,0.43175311904907226,True,REGULAR,USD
TSLA,2026-08-21,put,2026-01-21T21:40:22.089527+00:00,TSLA260821P00590000,2026-01-06 17:35:52+00:00,590.0,177.72,171.45,173.5,0.0,0.0,5.0,10.0,0.4300288931274414,True,REGULAR,USD
TSLA,2026-08-21,put,2026-01-21T21:40:22.089527+00:00,TSLA260821P00600000,2026-01-20 14:55:06+00:00,600.0,185.43,179.95,182.15,0.0,0.0,2.0,10.0,0.42914389221191407,True,REGULAR,USD
TSLA,2026-08-21,put,2026-01-21T21:40:22.089527+00:00,TSLA260821P00610000,2026-01-14 15:42:27+00:00,610.0,187.3,188.65,190.85,0.0,0.0,1.0,12.0,0.42755699401855474,True,REGULAR,USD
TSLA,2026-08-21,put,2026-01-21T21:40:22.089527+00:00,TSLA260821P00620000,2025-12-12 20:34:25+00:00,620.0,192.25,197.4,199.65,0.0,0.0,6.0,15.0,0.42589380264282234,True,REGULAR,USD
TSLA,2026-08-21,put,2026-01-21T21:40:22.089527+00:00,TSLA260821P00630000,2026-01-06 16:14:19+00:00,630.0,210.22,206.2,208.5,0.0,0.0,1.0,4.0,0.4235744898986816,True,REGULAR,USD
TSLA,2026-08-21,put,2026-01-21T21:40:22.089527+00:00,TSLA260821P00640000,2025-12-02 20:39:09+00:00,640.0,227.05,218.8,221.1,0.0,0.0,20.0,22.0,0.46674117248535163,True,REGULAR,USD
TSLA,2026-08-21,put,2026-01-21T21:40:22.089527+00:00,TSLA260821P00650000,2025-12-29 19:42:48+00:00,650.0,208.05,224.25,226.65,0.0,0.0,3.0,17.0,0.4211483666992188,True,REGULAR,USD
TSLA,2026-08-21,put,2026-01-21T21:40:22.089527+00:00,TSLA260821P00660000,2025-12-09 15:03:11+00:00,660.0,232.7,233.35,235.85,0.0,0.0,10.0,20.0,0.4200192276000977,True,REGULAR,USD
TSLA,2026-08-21,put,2026-01-21T21:40:22.089527+00:00,TSLA260821P00670000,2026-01-05 15:22:03+00:00,670.0,230.0,242.5,245.1,0.0,0.0,2.0,3.0,0.41855439849853515,True,REGULAR,USD
TSLA,2026-08-21,put,2026-01-21T21:40:22.089527+00:00,TSLA260821P00680000,2025-12-16 20:50:42+00:00,680.0,220.05,251.75,254.4,0.0,0.0,10.0,11.0,0.41678439666748035,True,REGULAR,USD
TSLA,2026-08-21,put,2026-01-21T21:40:22.089527+00:00,TSLA260821P00690000,2025-12-16 20:50:43+00:00,690.0,228.3,261.1,263.8,0.0,0.0,5.0,17.0,0.4156247402954102,True,REGULAR,USD
TSLA,2026-08-21,put,2026-01-21T21:40:22.089527+00:00,TSLA260821P00700000,2025-11-26 15:27:04+00:00,700.0,290.07,273.3,275.6,0.0,0.0,4.0,55.0,0.45548029876708984,True,REGULAR,USD
TSLA,2026-08-21,put,2026-01-21T21:40:22.089527+00:00,TSLA260821P00710000,2025-12-15 17:57:08+00:00,710.0,254.25,280.0,282.85,0.0,0.0,10.0,13.0,0.4151669812011719,True,REGULAR,USD
TSLA,2026-08-21,put,2026-01-21T21:40:22.089527+00:00,TSLA260821P00720000,2025-12-22 20:09:22+00:00,720.0,249.45,289.5,292.4,0.0,0.0,1.0,12.0,0.414068359375,True,REGULAR,USD
TSLA,2026-08-21,put,2026-01-21T21:40:22.089527+00:00,TSLA260821P00730000,2026-01-21 19:14:10+00:00,730.0,304.84,299.1,302.05,16.639984,5.7737627,2.0,10.0,0.41431249755859373,True,REGULAR,USD
TSLA,2026-08-21,put,2026-01-21T21:40:22.089527+00:00,TSLA260821P00740000,2026-01-02 16:45:19+00:00,740.0,302.75,308.7,311.75,0.0,0.0,2.0,23.0,0.415044912109375,True,REGULAR,USD
TSLA,2026-08-21,put,2026-01-21T21:40:22.089527+00:00,TSLA260821P00750000,2025-11-03 14:52:32+00:00,750.0,301.65,320.1,322.6,0.0,0.0,1.0,7.0,0.442937699584961,True,REGULAR,USD
TSLA,2026-08-21,put,2026-01-21T21:40:22.089527+00:00,TSLA260821P00760000,2025-11-03 15:47:06+00:00,760.0,308.98,329.45,332.15,0.0,0.0,3.0,3.0,0.4403742486572265,True,REGULAR,USD
TSLA,2026-08-21,put,2026-01-21T21:40:22.089527+00:00,TSLA260821P00770000,2025-12-15 14:32:55+00:00,770.0,307.65,337.85,340.95,0.0,0.0,1.0,1.0,0.41565525756835936,True,REGULAR,USD
TSLA,2026-08-21,put,2026-01-21T21:40:22.089527+00:00,TSLA260821P00780000,2026-01-20 17:33:11+00:00,780.0,354.21,347.65,350.75,0.0,0.0,8.0,14.0,0.4165097412109374,True,REGULAR,USD
TSLA,2026-08-21,put,2026-01-21T21:40:22.089527+00:00,TSLA260821P00790000,2026-01-06 20:20:37+00:00,790.0,361.55,357.45,360.65,0.0,0.0,1.0,1.0,0.42017181396484377,True,REGULAR,USD
TSLA,2026-08-21,put,2026-01-21T21:40:22.089527+00:00,TSLA260821P00800000,2026-01-21 14:56:09+00:00,800.0,376.67,367.3,370.55,10.490021,2.864717,1.0,1.0,0.42358974853515624,True,REGULAR,USD
TSLA,2026-08-21,put,2026-01-21T21:40:22.089527+00:00,TSLA260821P00810000,2026-01-06 20:23:09+00:00,810.0,380.71,377.2,380.45,0.0,0.0,1.0,2.0,0.4267025103759766,True,REGULAR,USD
TSLA,2026-08-21,put,2026-01-21T21:40:22.089527+00:00,TSLA260821P00820000,2025-12-16 20:37:33+00:00,820.0,343.02,386.8,390.75,0.0,0.0,,0.0,0.4437311486816406,True,REGULAR,USD
TSLA,2026-08-21,put,2026-01-21T21:40:22.089527+00:00,TSLA260821P00830000,2026-01-06 20:17:54+00:00,830.0,400.13,394.7,402.6,0.0,0.0,2.0,0.0,0.5022327609252931,True,REGULAR,USD
TSLA,2026-08-21,put,2026-01-21T21:40:22.089527+00:00,TSLA260821P00840000,2025-10-20 13:43:00+00:00,840.0,403.42,421.95,423.5,0.0,0.0,,1.0,0.677157769470215,True,REGULAR,USD
TSLA,2026-08-21,put,2026-01-21T21:40:22.089527+00:00,TSLA260821P00850000,2026-01-20 14:57:06+00:00,850.0,423.75,414.65,422.55,0.0,0.0,1.0,0.0,0.514653291015625,True,REGULAR,USD
TSLA,2026-08-21,put,2026-01-21T21:40:22.089527+00:00,TSLA260821P00870000,2025-11-05 18:39:13+00:00,870.0,420.09,436.0,439.2,0.0,0.0,,1.0,0.40015248291015626,True,REGULAR,USD
TSLA,2026-08-21,put,2026-01-21T21:40:22.089527+00:00,TSLA260821P00880000,2026-01-12 18:19:59+00:00,880.0,429.35,444.7,452.65,0.0,0.0,8.0,0.0,0.5367783139038086,True,REGULAR,USD
TSLA,2026-08-21,put,2026-01-21T21:40:22.089527+00:00,TSLA260821P00890000,2025-10-20 13:41:42+00:00,890.0,451.66,470.55,472.3,0.0,0.0,,1.0,0.6974517559814455,True,REGULAR,USD
TSLA,2026-08-21,put,2026-01-21T21:40:22.089527+00:00,TSLA260821P00900000,2025-10-20 13:41:21+00:00,900.0,461.29,480.35,482.1,0.0,0.0,2.0,4.0,0.7017852087402343,True,REGULAR,USD
TSLA,2026-08-21,put,2026-01-21T21:40:22.089527+00:00,TSLA260821P00910000,2025-10-17 19:24:08+00:00,910.0,473.45,490.05,491.85,0.0,0.0,3.0,2.0,0.704928487854004,True,REGULAR,USD
TSLA,2026-08-21,put,2026-01-21T21:40:22.089527+00:00,TSLA260821P00920000,2025-11-07 17:56:41+00:00,920.0,496.75,486.15,489.7,0.0,0.0,2.0,2.0,0.4588677160644532,True,REGULAR,USD
TSLA,2026-08-21,put,2026-01-21T21:40:22.089527+00:00,TSLA260821P00930000,2025-12-24 15:34:11+00:00,930.0,453.98,495.35,502.35,0.0,0.0,2.0,0.0,0.5599409240722657,True,REGULAR,USD
TSLA,2026-08-21,put,2026-01-21T21:40:22.089527+00:00,TSLA260821P00940000,2025-12-15 15:09:06+00:00,940.0,467.65,505.4,512.3,0.0,0.0,15.0,0.0,0.5644574804687501,True,REGULAR,USD
TSLA,2027-06-17,call,2026-01-21T21:40:22.242566+00:00,TSLA270617C00005000,2025-12-31 15:46:50+00:00,5.0,449.72,423.55,427.6,0.0,0.0,8.0,6079.0,2.2016646520996086,True,REGULAR,USD
TSLA,2027-06-17,call,2026-01-21T21:40:22.242566+00:00,TSLA270617C00010000,2025-10-01 18:16:38+00:00,10.0,453.09,418.0,425.9,0.0,0.0,2.0,187.0,1.4921900390624998,True,REGULAR,USD
TSLA,2027-06-17,call,2026-01-21T21:40:22.242566+00:00,TSLA270617C00015000,2025-12-26 17:56:03+00:00,15.0,466.21,414.25,422.2,0.0,0.0,1.0,113.0,1.6220722021484375,True,REGULAR,USD
TSLA,2027-06-17,call,2026-01-21T21:40:22.242566+00:00,TSLA270617C00020000,2025-09-12 17:44:23+00:00,20.0,376.35,393.0,403.0,0.0,0.0,32.0,70.0,1.0000000000000003e-05,True,REGULAR,USD
TSLA,2027-06-17,call,2026-01-21T21:40:22.242566+00:00,TSLA270617C00025000,2025-10-10 18:44:10+00:00,25.0,398.25,392.45,400.25,0.0,0.0,1.0,1.0,1.0000000000000003e-05,True,REGULAR,USD
TSLA,2027-06-17,call,2026-01-21T21:40:22.242566+00:00,TSLA270617C00030000,2025-04-22 14:50:05+00:00,30.0,211.15,0.0,0.0,0.0,0.0,,0.0,1.0000000000000003e-05,True,REGULAR,USD
TSLA,2027-06-17,call,2026-01-21T21:40:22.242566+00:00,TSLA270617C00035000,2025-12-22 16:52:26+00:00,35.0,461.9,395.5,403.5,0.0,0.0,50.0,50.0,1.2786901300048827,True,REGULAR,USD
TSLA,2027-06-17,call,2026-01-21T21:40:22.242566+00:00,TSLA270617C00040000,2025-10-30 19:44:14+00:00,40.0,408.15,390.3,397.75,0.0,0.0,1.0,69.0,1.1605266583251954,True,REGULAR,USD
TSLA,2027-06-17,call,2026-01-21T21:40:22.242566+00:00,TSLA270617C00045000,2025-05-16 16:26:30+00:00,45.0,309.35,275.25,282.1,0.0,0.0,2.0,5.0,1.0000000000000003e-05,True,REGULAR,USD
TSLA,2027-06-17,call,2026-01-21T21:40:22.242566+00:00,TSLA270617C00050000,2026-01-14 19:07:57+00:00,50.0,390.79,381.75,388.85,0.0,0.0,1.0,46.0,1.1335492541503909,True,REGULAR,USD
TSLA,2027-06-17,call,2026-01-21T21:40:22.242566+00:00,TSLA270617C00055000,2025-04-25 18:09:09+00:00,55.0,238.3,288.55,296.5,0.0,0.0,2.0,11.0,1.0000000000000003e-05,True,REGULAR,USD
TSLA,2027-06-17,call,2026-01-21T21:40:22.242566+00:00,TSLA270617C00060000,2026-01-15 16:46:20+00:00,60.0,387.48,372.5,379.7,0.0,0.0,1.0,8.0,1.0754440759277344,True,REGULAR,USD
TSLA,2027-06-17,call,2026-01-21T21:40:22.242566+00:00,TSLA270617C00065000,2025-10-24 13:31:18+00:00,65.0,388.65,358.05,365.9,0.0,0.0,1.0,13.0,1.0000000000000003e-05,True,REGULAR,USD
TSLA,2027-06-17,call,2026-01-21T21:40:22.242566+00:00,TSLA270617C00070000,2025-11-14 15:26:54+00:00,70.0,336.0,365.1,372.85,0.0,0.0,3.0,19.0,1.1112104986572267,True,REGULAR,USD
TSLA,2027-06-17,call,2026-01-21T21:40:22.242566+00:00,TSLA270617C00075000,2025-09-23 15:25:53+00:00,75.0,368.13,0.0,0.0,0.0,0.0,20.0,93.0,1.0000000000000003e-05,True,REGULAR,USD
TSLA,2027-06-17,call,2026-01-21T21:40:22.242566+00:00,TSLA270617C00080000,2025-12-22 14:42:09+00:00,80.0,421.45,354.35,361.25,0.0,0.0,107.0,117.0,0.9829103271484375,True,REGULAR,USD
TSLA,2027-06-17,call,2026-01-21T21:40:22.242566+00:00,TSLA270617C00085000,2025-08-28 19:39:41+00:00,85.0,271.28,379.0,387.65,0.0,0.0,2.0,11.0,1.7672130780029296,True,REGULAR,USD
TSLA,2027-06-17,call,2026-01-21T21:40:22.242566+00:00,TSLA270617C00090000,2025-11-04 16:59:02+00:00,90.0,376.49,347.25,355.25,0.0,0.0,49.0,73.0,1.0245410101318362,True,REGULAR,USD
TSLA,2027-06-17,call,2026-01-21T21:40:22.242566+00:00,TSLA270617C00095000,2025-12-30 14:57:15+00:00,95.0,375.5,340.75,347.65,0.0,0.0,1.0,25.0,0.9279182012939453,True,REGULAR,USD
TSLA,2027-06-17,call,2026-01-21T21:40:22.242566+00:00,TSLA270617C00100000,2026-01-09 19:09:37+00:00,100.0,356.65,336.25,343.15,0.0,0.0,3.0,1103.0,0.9118050811767577,True,REGULAR,USD
TSLA,2027-06-17,call,2026-01-21T21:40:22.242566+00:00,TSLA270617C00105000,2025-12-05 17:16:29+00:00,105.0,360.05,332.75,338.65,0.0,0.0,2.0,43.0,0.9097299066162108,True,REGULAR,USD
TSLA,2027-06-17,call,2026-01-21T21:40:22.242566+00:00,TSLA270617C00110000,2025-11-07 15:33:41+00:00,110.0,336.54,332.4,336.25,0.0,0.0,5.0,186.0,0.9696658306884764,True,REGULAR,USD
TSLA,2027-06-17,call,2026-01-21T21:40:22.242566+00:00,TSLA270617C00115000,2025-09-26 19:40:06+00:00,115.0,338.07,0.0,0.0,0.0,0.0,7.0,133.0,1.0000000000000003e-05,True,REGULAR,USD
TSLA,2027-06-17,call,2026-01-21T21:40:22.242566+00:00,TSLA270617C00120000,2025-11-17 15:08:17+00:00,120.0,309.35,323.5,327.35,0.0,0.0,2.0,130.0,0.9338995867919921,True,REGULAR,USD
TSLA,2027-06-17,call,2026-01-21T21:40:22.242566+00:00,TSLA270617C00125000,2025-11-14 18:16:01+00:00,125.0,301.75,319.5,322.6,0.0,0.0,2.0,82.0,0.9184273294067383,True,REGULAR,USD
TSLA,2027-06-17,call,2026-01-21T21:40:22.242566+00:00,TSLA270617C00130000,2026-01-06 16:38:09+00:00,130.0,315.69,310.95,316.4,0.0,0.0,3.0,80.0,0.8433548379516601,True,REGULAR,USD
TSLA,2027-06-17,call,2026-01-21T21:40:22.242566+00:00,TSLA270617C00135000,2025-12-04 16:35:14+00:00,135.0,330.6,310.5,313.9,0.0,0.0,1.0,33.0,0.8867504000854491,True,REGULAR,USD
TSLA,2027-06-17,call,2026-01-21T21:40:22.242566+00:00,TSLA270617C00140000,2026-01-09 20:32:57+00:00,140.0,319.35,302.2,307.6,0.0,0.0,2.0,89.0,0.8188494677734374,True,REGULAR,USD
TSLA,2027-06-17,call,2026-01-21T21:40:22.242566+00:00,TSLA270617C00145000,2026-01-09 20:33:04+00:00,145.0,315.05,297.8,303.25,0.0,0.0,12.0,114.0,0.80703928314209,True,REGULAR,USD
TSLA,2027-06-17,call,2026-01-21T21:40:22.242566+00:00,TSLA270617C00150000,2026-01-14 19:07:57+00:00,150.0,301.51,293.5,298.95,0.0,0.0,1.0,454.0,0.7966634103393554,True,REGULAR,USD
TSLA,2027-06-17,call,2026-01-21T21:40:22.242566+00:00,TSLA270617C00155000,2025-12-16 14:30:12+00:00,155.0,336.15,289.15,294.6,0.0,0.0,1.0,63.0,0.7855246057128906,True,REGULAR,USD
TSLA,2027-06-17,call,2026-01-21T21:40:22.242566+00:00,TSLA270617C00160000,2026-01-15 15:59:25+00:00,160.0,299.78,284.85,290.35,0.0,0.0,6.0,313.0,0.7756675265502931,True,REGULAR,USD
TSLA,2027-06-17,call,2026-01-21T21:40:22.242566+00:00,TSLA270617C00165000,2026-01-09 20:56:23+00:00,165.0,298.55,280.6,286.05,0.0,0.0,2.0,46.0,0.7658104473876954,True,REGULAR,USD
TSLA,2027-06-17,call,2026-01-21T21:40:22.242566+00:00,TSLA270617C00170000,2026-01-13 18:26:35+00:00,170.0,295.39,276.35,281.8,0.0,0.0,2.0,266.0,0.7563806100463868,True,REGULAR,USD
TSLA,2027-06-17,call,2026-01-21T21:40:22.242566+00:00,TSLA270617C00175000,2026-01-09 18:04:51+00:00,175.0,292.9,272.1,276.75,0.0,0.0,10.0,591.0,0.7412135253906249,True,REGULAR,USD
TSLA,2027-06-17,call,2026-01-21T21:40:22.242566+00:00,TSLA270617C00180000,2026-01-20 20:32:55+00:00,180.0,258.44,267.95,272.5,0.0,0.0,4.0,444.0,0.7326686889648437,True,REGULAR,USD
TSLA,2027-06-17,call,2026-01-21T21:40:22.242566+00:00,TSLA270617C00185000,2026-01-14 18:12:52+00:00,185.0,271.47,263.75,269.6,0.0,0.0,2.0,114.0,0.7327297235107422,True,REGULAR,USD
TSLA,2027-06-17,call,2026-01-21T21:40:22.242566+00:00,TSLA270617C00190000,2026-01-08 16:43:33+00:00,190.0,269.54,259.65,264.2,0.0,0.0,6.0,314.0,0.7167691897583007,True,REGULAR,USD
TSLA,2027-06-17,call,2026-01-21T21:40:22.242566+00:00,TSLA270617C00195000,2026-01-09 19:06:20+00:00,195.0,275.48,255.5,260.0,0.0,0.0,4.0,302.0,0.7084074569702149,True,REGULAR,USD
TSLA,2027-06-17,call,2026-01-21T21:40:22.242566+00:00,TSLA270617C00200000,2026-01-21 16:52:20+00:00,200.0,247.46,251.45,255.9,1.4400024,0.5853192,21.0,1716.0,0.7012358978271485,True,REGULAR,USD
TSLA,2027-06-17,call,2026-01-21T21:40:22.242566+00:00,TSLA270617C00205000,2026-01-06 18:33:44+00:00,205.0,252.11,247.45,252.0,0.0,0.0,1.0,37.0,0.6953918400573731,True,REGULAR,USD
TSLA,2027-06-17,call,2026-01-21T21:40:22.242566+00:00,TSLA270617C00210000,2026-01-20 18:54:01+00:00,210.0,238.2,243.45,247.9,0.0,0.0,2.0,361.0,0.6882355395507813,True,REGULAR,USD
TSLA,2027-06-17,call,2026-01-21T21:40:22.242566+00:00,TSLA270617C00215000,2026-01-20 18:43:03+00:00,215.0,235.0,239.5,244.0,0.0,0.0,1.0,92.0,0.6823762231445314,True,REGULAR,USD
TSLA,2027-06-17,call,2026-01-21T21:40:22.242566+00:00,TSLA270617C00220000,2026-01-20 19:21:17+00:00,220.0,229.55,235.6,240.0,0.0,0.0,8.0,974.0,0.6760896649169923,True,REGULAR,USD
TSLA,2027-06-17,call,2026-01-21T21:40:22.242566+00:00,TSLA270617C00225000,2026-01-20 20:28:50+00:00,225.0,222.59,231.7,236.15,0.0,0.0,3.0,74.0,0.6704287107849123,True,REGULAR,USD
TSLA,2027-06-17,call,2026-01-21T21:40:22.242566+00:00,TSLA270617C00230000,2026-01-21 19:13:52+00:00,230.0,225.95,227.9,232.25,-13.2400055,-5.5353503,1.0,1428.0,0.6648593084716798,True,REGULAR,USD
TSLA,2027-06-17,call,2026-01-21T21:40:22.242566+00:00,TSLA270617C00235000,2026-01-21 17:36:15+00:00,235.0,220.0,224.15,228.45,-2.7200012,-1.221265,1.0,45.0,0.6598697343444824,True,REGULAR,USD
TSLA,2027-06-17,call,2026-01-21T21:40:22.242566+00:00,TSLA270617C00240000,2026-01-21 17:01:53+00:00,240.0,216.1,220.4,224.65,0.060012817,0.027778568,6.0,2723.0,0.6546970565795901,True,REGULAR,USD
TSLA,2027-06-17,call,2026-01-21T21:40:22.242566+00:00,TSLA270617C00245000,2026-01-16 19:03:21+00:00,245.0,227.7,216.7,220.95,0.0,0.0,10.0,20.0,0.6500431724548339,True,REGULAR,USD
TSLA,2027-06-17,call,2026-01-21T21:40:22.242566+00:00,TSLA270617C00250000,2026-01-20 20:38:29+00:00,250.0,219.47,213.0,217.2,14.75,7.2049627,5.0,1631.0,0.6449773051452636,True,REGULAR,USD
TSLA,2027-06-17,call,2026-01-21T21:40:22.242566+00:00,TSLA270617C00255000,2026-01-16 19:04:03+00:00,255.0,220.42,209.4,213.5,0.0,0.0,38.0,27.0,0.6403997142028808,True,REGULAR,USD
TSLA,2027-06-17,call,2026-01-21T21:40:22.242566+00:00,TSLA270617C00260000,2026-01-21 20:14:39+00:00,260.0,211.0,205.85,209.6,-5.699997,-2.6303632,5.0,1269.0,0.6350134155273439,True,REGULAR,USD
TSLA,2027-06-17,call,2026-01-21T21:40:22.242566+00:00,TSLA270617C00270000,2026-01-20 20:45:32+00:00,270.0,189.4,198.8,202.85,0.0,0.0,9.0,7686.0,0.6282843568420411,True,REGULAR,USD
TSLA,2027-06-17,call,2026-01-21T21:40:22.242566+00:00,TSLA270617C00280000,2026-01-20 18:54:58+00:00,280.0,187.75,192.0,195.95,0.0,0.0,1.0,1203.0,0.6210822804260254,True,REGULAR,USD
TSLA,2027-06-17,call,2026-01-21T21:40:22.242566+00:00,TSLA270617C00290000,2026-01-20 18:04:58+00:00,290.0,182.93,185.35,189.3,0.0,0.0,2.0,978.0,0.6145973599243165,True,REGULAR,USD
TSLA,2027-06-17,call,2026-01-21T21:40:22.242566+00:00,TSLA270617C00300000,2026-01-21 15:01:15+00:00,300.0,176.8,178.9,182.8,1.8300018,1.0458946,3.0,7605.0,0.608547310562134,True,REGULAR,USD
TSLA,2027-06-17,call,2026-01-21T21:40:22.242566+00:00,TSLA270617C00310000,2026-01-21 15:24:43+00:00,310.0,171.05,172.65,176.5,2.4400024,1.4471279,3.0,1395.0,0.6030770893859865,True,REGULAR,USD
TSLA,2027-06-17,call,2026-01-21T21:40:22.242566+00:00,TSLA270617C00320000,2026-01-21 20:04:22+00:00,320.0,172.5,166.65,170.4,9.360001,5.737404,3.0,1447.0,0.5983011361694336,True,REGULAR,USD
TSLA,2027-06-17,call,2026-01-21T21:40:22.242566+00:00,TSLA270617C00330000,2026-01-20 20:33:41+00:00,330.0,154.14,160.7,164.5,0.0,0.0,10.0,3369.0,0.5935251829528809,True,REGULAR,USD
TSLA,2027-06-17,call,2026-01-21T21:40:22.242566+00:00,TSLA270617C00340000,2026-01-20 18:03:01+00:00,340.0,152.9,155.05,158.7,0.0,0.0,9.0,968.0,0.5892069888305665,True,REGULAR,USD
TSLA,2027-06-17,call,2026-01-21T21:40:22.242566+00:00,TSLA270617C00350000,2026-01-20 18:35:19+00:00,350.0,148.0,149.55,153.15,0.0,0.0,8.0,2572.0,0.5853312951660157,True,REGULAR,USD
TSLA,2027-06-17,call,2026-01-21T21:40:22.242566+00:00,TSLA270617C00360000,2026-01-21 17:09:02+00:00,360.0,139.26,144.25,147.8,-1.7400055,-1.2340465,4.0,1287.0,0.5818675846862793,True,REGULAR,USD
TSLA,2027-06-17,call,2026-01-21T21:40:22.242566+00:00,TSLA270617C00370000,2026-01-21 16:43:36+00:00,370.0,136.19,139.2,142.65,2.3399963,1.7482228,4.0,1532.0,0.5789379264831542,True,REGULAR,USD
TSLA,2027-06-17,call,2026-01-21T21:40:22.242566+00:00,TSLA270617C00380000,2026-01-21 20:28:31+00:00,380.0,138.36,134.25,137.55,4.080002,3.0384285,7.0,865.0,0.5756878369140624,True,REGULAR,USD
TSLA,2027-06-17,call,2026-01-21T21:40:22.242566+00:00,TSLA270617C00390000,2026-01-21 20:01:17+00:00,390.0,135.45,129.35,132.95,4.9299927,3.777193,13.0,823.0,0.5732540843963624,True,REGULAR,USD
TSLA,2027-06-17,call,2026-01-21T21:40:22.242566+00:00,TSLA270617C00400000,2026-01-21 19:50:49+00:00,400.0,131.03,125.05,128.3,10.68,8.874117,63.0,3701.0,0.57159089302063,True,REGULAR,USD
TSLA,2027-06-17,call,2026-01-21T21:40:22.242566+00:00,TSLA270617C00410000,2026-01-21 19:51:18+00:00,410.0,127.25,120.55,123.8,12.099998,10.508032,5.0,1330.0,0.5690884766387939,True,REGULAR,USD
TSLA,2027-06-17,call,2026-01-21T21:40:22.242566+00:00,TSLA270617C00420000,2026-01-21 20:31:49+00:00,420.0,119.75,116.2,119.5,8.0,7.158837,290.0,1751.0,0.5668454570770264,True,REGULAR,USD
TSLA,2027-06-17,call,2026-01-21T21:40:22.242566+00:00,TSLA270617C00430000,2026-01-21 19:48:46+00:00,430.0,118.3,112.15,115.4,9.690002,8.921833,12.0,886.0,0.565258558883667,True,REGULAR,USD
TSLA,2027-06-17,call,2026-01-21T21:40:22.242566+00:00,TSLA270617C00440000,2026-01-21 19:58:15+00:00,440.0,114.8,108.25,111.45,7.9800034,7.470515,8.0,1018.0,0.5638013591003419,False,REGULAR,USD
TSLA,2027-06-17,call,2026-01-21T21:40:22.242566+00:00,TSLA270617C00450000,2026-01-21 20:20:23+00:00,450.0,108.75,104.55,107.65,8.400002,8.370704,68.0,2672.0,0.562626444091797,False,REGULAR,USD
TSLA,2027-06-17,call,2026-01-21T21:40:22.242566+00:00,TSLA270617C00460000,2026-01-21 20:23:22+00:00,460.0,104.92,100.9,104.05,7.3199997,7.5,20.0,1092.0,0.5614820463562011,False,REGULAR,USD
TSLA,2027-06-17,call,2026-01-21T21:40:22.242566+00:00,TSLA270617C00470000,2026-01-21 20:00:48+00:00,470.0,103.47,97.45,100.55,10.470001,11.258066,3.0,1010.0,0.5605131229400635,False,REGULAR,USD
TSLA,2027-06-17,call,2026-01-21T21:40:22.242566+00:00,TSLA270617C00480000,2026-01-21 20:31:49+00:00,480.0,97.27,94.05,97.2,6.0099945,6.5855737,95.0,1883.0,0.55947553565979,False,REGULAR,USD
TSLA,2027-06-17,call,2026-01-21T21:40:22.242566+00:00,TSLA270617C00490000,2026-01-21 18:07:48+00:00,490.0,88.39,90.85,93.95,-2.9100037,-3.1872985,78.0,1118.0,0.5586439399719239,False,REGULAR,USD
TSLA,2027-06-17,call,2026-01-21T21:40:22.242566+00:00,TSLA270617C00500000,2026-01-21 20:54:29+00:00,500.0,89.6,87.8,90.85,4.2999954,5.041026,109.0,5353.0,0.5580335945129395,False,REGULAR,USD
TSLA,2027-06-17,call,2026-01-21T21:40:22.242566+00:00,TSLA270617C00510000,2026-01-21 20:15:49+00:00,510.0,89.0,84.8,87.9,6.550003,7.9442124,18.0,1204.0,0.5574156197357178,False,REGULAR,USD
TSLA,2027-06-17,call,2026-01-21T21:40:22.242566+00:00,TSLA270617C00520000,2026-01-21 20:33:04+00:00,520.0,84.91,83.5,84.2,6.580002,8.400359,2.0,1616.0,0.5586363106536866,False,REGULAR,USD
TSLA,2027-06-17,call,2026-01-21T21:40:22.242566+00:00,TSLA270617C00530000,2026-01-21 20:33:04+00:00,530.0,82.1,80.8,81.45,6.419998,8.483085,2.0,1572.0,0.5582777326965334,False,REGULAR,USD
TSLA,2027-06-17,call,2026-01-21T21:40:22.242566+00:00,TSLA270617C00540000,2026-01-20 20:13:10+00:00,540.0,74.45,78.15,78.75,0.0,0.0,30.0,1555.0,0.5577131631469728,False,REGULAR,USD
TSLA,2027-06-17,call,2026-01-21T21:40:22.242566+00:00,TSLA270617C00550000,2026-01-21 20:38:36+00:00,550.0,77.3,75.55,76.2,5.540001,7.72018,59.0,1771.0,0.557194369506836,False,REGULAR,USD
TSLA,2027-06-17,call,2026-01-21T21:40:22.242566+00:00,TSLA270617C00560000,2026-01-21 19:31:48+00:00,560.0,75.0,73.15,73.75,5.4300003,7.8050885,15.0,1405.0,0.5569960072326663,False,REGULAR,USD
TSLA,2027-06-17,call,2026-01-21T21:40:22.242566+00:00,TSLA270617C00570000,2026-01-20 20:52:26+00:00,570.0,66.9,70.8,71.4,0.0,0.0,26.0,634.0,0.5567594983673098,False,REGULAR,USD
TSLA,2027-06-17,call,2026-01-21T21:40:22.242566+00:00,TSLA270617C00580000,2026-01-21 20:06:15+00:00,580.0,71.25,68.55,69.15,6.4800034,10.004638,11.0,1041.0,0.5566145413208009,False,REGULAR,USD
TSLA,2027-06-17,call,2026-01-21T21:40:22.242566+00:00,TSLA270617C00590000,2026-01-20 20:24:07+00:00,590.0,62.68,66.3,66.9,0.0,0.0,11.0,604.0,0.5560957476806643,False,REGULAR,USD
TSLA,2027-06-17,call,2026-01-21T21:40:22.242566+00:00,TSLA270617C00600000,2026-01-21 19:57:37+00:00,600.0,64.79,64.25,64.85,4.41,7.303743,44.0,5724.0,0.5561872994995118,False,REGULAR,USD
TSLA,2027-06-17,call,2026-01-21T21:40:22.242566+00:00,TSLA270617C00610000,2026-01-21 19:31:20+00:00,610.0,64.25,62.25,62.8,3.1500015,5.1554856,8.0,893.0,0.5560499717712404,False,REGULAR,USD
TSLA,2027-06-17,call,2026-01-21T21:40:22.242566+00:00,TSLA270617C00620000,2026-01-21 20:47:47+00:00,620.0,60.95,60.3,60.9,0.40000153,0.6606136,17.0,647.0,0.5560728597259523,False,REGULAR,USD
TSLA,2027-06-17,call,2026-01-21T21:40:22.242566+00:00,TSLA270617C00630000,2026-01-21 16:51:57+00:00,630.0,55.6,58.5,59.1,-2.5300026,-4.3523183,2.0,823.0,0.556393291091919,False,REGULAR,USD
TSLA,2027-06-17,call,2026-01-21T21:40:22.242566+00:00,TSLA270617C00640000,2026-01-12 20:44:28+00:00,640.0,70.0,56.7,57.25,0.0,0.0,5.0,803.0,0.5562635926818849,False,REGULAR,USD
TSLA,2027-06-17,call,2026-01-21T21:40:22.242566+00:00,TSLA270617C00650000,2026-01-21 19:28:59+00:00,650.0,55.7,55.05,55.6,3.2000008,6.095239,3.0,3248.0,0.5567137224578859,False,REGULAR,USD
TSLA,2027-06-17,call,2026-01-21T21:40:22.242566+00:00,TSLA270617C00660000,2026-01-21 18:46:57+00:00,660.0,55.97,53.4,53.95,4.720001,9.209759,9.0,486.0,0.5568586795043947,False,REGULAR,USD
TSLA,2027-06-17,call,2026-01-21T21:40:22.242566+00:00,TSLA270617C00670000,2026-01-21 20:02:53+00:00,670.0,54.25,51.8,52.35,3.9300003,7.8100166,1.0,216.0,0.5569807485961916,False,REGULAR,USD
TSLA,2027-06-17,call,2026-01-21T21:40:22.242566+00:00,TSLA270617C00680000,2026-01-21 20:34:25+00:00,680.0,51.5,50.25,50.75,3.3100014,6.8686476,33.0,8193.0,0.5569349726867678,False,REGULAR,USD
TSLA,2027-06-17,call,2026-01-21T21:40:22.242566+00:00,TSLA270617C00690000,2026-01-21 20:53:34+00:00,690.0,48.95,48.75,49.25,1.8500023,3.927818,20.0,1220.0,0.5570188951873781,False,REGULAR,USD
TSLA,2027-06-17,call,2026-01-21T21:40:22.242566+00:00,TSLA270617C00700000,2026-01-21 20:58:03+00:00,700.0,47.35,47.35,47.85,1.8499985,4.065931,25.0,9991.0,0.5573545851898194,False,REGULAR,USD
TSLA,2027-06-17,call,2026-01-21T21:40:22.242566+00:00,TSLA270617C00710000,2026-01-21 20:06:17+00:00,710.0,48.12,46.0,46.45,3.619999,8.134829,2.0,1111.0,0.5575758354187013,False,REGULAR,USD
TSLA,2027-06-17,call,2026-01-21T21:40:22.242566+00:00,TSLA270617C00720000,2026-01-21 15:05:11+00:00,720.0,43.1,44.7,45.2,-0.020000458,-0.04638325,1.0,1173.0,0.5580793704223633,False,REGULAR,USD
TSLA,2027-06-17,call,2026-01-21T21:40:22.242566+00:00,TSLA270617C00730000,2026-01-16 16:08:17+00:00,730.0,48.2,43.4,43.9,0.0,0.0,3.0,653.0,0.5582090688323975,False,REGULAR,USD
TSLA,2027-06-17,call,2026-01-21T21:40:22.242566+00:00,TSLA270617C00740000,2026-01-20 17:12:15+00:00,740.0,40.72,42.2,42.7,-0.80999756,-1.9503915,11.0,1447.0,0.5586515692901611,False,REGULAR,USD
TSLA,2027-06-17,call,2026-01-21T21:40:22.242566+00:00,TSLA270617C00750000,2026-01-21 19:30:51+00:00,750.0,42.17,41.0,41.5,3.119999,7.9897537,11.0,2957.0,0.558872819519043,False,REGULAR,USD
TSLA,2027-06-17,call,2026-01-21T21:40:22.242566+00:00,TSLA270617C00760000,2026-01-21 15:17:58+00:00,760.0,38.6,39.85,40.4,-8.800003,-18.565407,11.0,1014.0,0.5592848027038575,False,REGULAR,USD
TSLA,2027-06-17,call,2026-01-21T21:40:22.242566+00:00,TSLA270617C00770000,2026-01-20 19:54:30+00:00,770.0,37.5,38.85,39.35,0.0,0.0,2.0,668.0,0.5600477345275878,False,REGULAR,USD
TSLA,2027-06-17,call,2026-01-21T21:40:22.242566+00:00,TSLA270617C00780000,2026-01-20 18:39:45+00:00,780.0,36.9,37.75,38.2,0.0,0.0,3.0,1296.0,0.5600401052093505,False,REGULAR,USD
TSLA,2027-06-17,call,2026-01-21T21:40:22.242566+00:00,TSLA270617C00790000,2026-01-20 16:08:59+00:00,790.0,35.63,36.75,37.25,0.0,0.0,1.0,7239.0,0.5606885972595215,False,REGULAR,USD
TSLA,2027-06-17,call,2026-01-21T21:40:22.242566+00:00,TSLA270617C00800000,2026-01-21 19:50:49+00:00,800.0,38.42,35.8,36.3,4.5699997,13.500738,57.0,17914.0,0.5612989427185058,False,REGULAR,USD
TSLA,2027-06-17,call,2026-01-21T21:40:22.242566+00:00,TSLA270617C00810000,2026-01-21 20:21:54+00:00,810.0,36.1,34.85,35.35,1.199997,3.4383864,2.0,5744.0,0.5617109259033204,False,REGULAR,USD
TSLA,2027-06-17,call,2026-01-21T21:40:22.242566+00:00,TSLA270617C00820000,2026-01-20 15:19:14+00:00,820.0,33.5,33.9,34.4,0.0,0.0,1.0,5408.0,0.5619474347686769,False,REGULAR,USD
TSLA,2027-06-17,call,2026-01-21T21:40:22.242566+00:00,TSLA270617C00830000,2026-01-21 15:42:12+00:00,830.0,32.7,33.05,33.5,-6.489998,-16.56034,1.0,544.0,0.5624433404541016,False,REGULAR,USD
TSLA,2027-06-17,call,2026-01-21T21:40:22.242566+00:00,TSLA270617C00840000,2026-01-15 15:21:45+00:00,840.0,39.4,32.2,32.65,0.0,0.0,1.0,934.0,0.5629316168212892,False,REGULAR,USD
TSLA,2027-06-17,call,2026-01-21T21:40:22.242566+00:00,TSLA270617C00850000,2026-01-21 19:44:18+00:00,850.0,33.5,31.4,31.85,-2.1699982,-6.083539,25.0,245.0,0.5635419622802735,False,REGULAR,USD
TSLA,2027-06-17,call,2026-01-21T21:40:22.242566+00:00,TSLA270617C00860000,2026-01-21 15:30:56+00:00,860.0,30.0,30.6,31.05,-0.39999962,-1.3157883,2.0,365.0,0.5639997213745118,False,REGULAR,USD
TSLA,2027-06-17,call,2026-01-21T21:40:22.242566+00:00,TSLA270617C00870000,2026-01-15 15:47:05+00:00,870.0,36.85,29.85,30.3,0.0,0.0,1.0,146.0,0.5646100668334962,False,REGULAR,USD
TSLA,2027-06-17,call,2026-01-21T21:40:22.242566+00:00,TSLA270617C00880000,2026-01-20 19:44:20+00:00,880.0,28.01,29.1,29.6,-0.11000061,-0.3911828,1.0,796.0,0.5652204122924805,False,REGULAR,USD
TSLA,2027-06-17,call,2026-01-21T21:40:22.242566+00:00,TSLA270617C00890000,2026-01-21 17:46:34+00:00,890.0,27.13,28.4,28.8,-0.44000053,-1.5959395,4.0,135.0,0.5655255850219728,False,REGULAR,USD
TSLA,2027-06-17,call,2026-01-21T21:40:22.242566+00:00,TSLA270617C00900000,2026-01-21 20:59:53+00:00,900.0,27.78,27.7,28.15,1.2700005,4.7906466,105.0,2094.0,0.5661664477539063,False,REGULAR,USD
TSLA,2027-06-17,call,2026-01-21T21:40:22.242566+00:00,TSLA270617C00910000,2026-01-09 18:26:10+00:00,910.0,36.4,27.05,27.45,0.0,0.0,4.0,192.0,0.5666699827575683,False,REGULAR,USD
TSLA,2027-06-17,call,2026-01-21T21:40:22.242566+00:00,TSLA270617C00920000,2026-01-21 17:46:34+00:00,920.0,28.1,26.4,26.85,2.7000008,10.629924,6.0,348.0,0.567364250717163,False,REGULAR,USD
TSLA,2027-06-17,call,2026-01-21T21:40:22.242566+00:00,TSLA270617C00930000,2026-01-21 20:25:37+00:00,930.0,26.76,25.8,26.25,-4.3199997,-13.899613,3.0,1588.0,0.5680890359497069,False,REGULAR,USD
TSLA,2027-06-17,call,2026-01-21T21:40:22.242566+00:00,TSLA270617C00940000,2026-01-21 20:52:43+00:00,940.0,25.2,25.15,25.6,0.9700012,4.003307,10.0,4508.0,0.5683484327697754,False,REGULAR,USD
TSLA,2027-06-17,call,2026-01-21T21:40:22.242566+00:00,TSLA270617C00950000,2026-01-20 20:08:05+00:00,950.0,23.7,24.6,25.0,0.0,0.0,115.0,183.0,0.5689892955017088,False,REGULAR,USD
TSLA,2027-06-17,call,2026-01-21T21:40:22.242566+00:00,TSLA270617C00960000,2026-01-21 19:29:03+00:00,960.0,25.0,24.05,24.45,1.7000008,7.2961407,9.0,3045.0,0.5696911927795412,False,REGULAR,USD
TSLA,2027-06-17,call,2026-01-21T21:40:22.242566+00:00,TSLA270617C00970000,2026-01-21 16:09:20+00:00,970.0,23.12,23.5,23.95,0.17000008,0.7407411,50.0,169.0,0.5704388659667969,False,REGULAR,USD
TSLA,2027-06-17,call,2026-01-21T21:40:22.242566+00:00,TSLA270617C00980000,2026-01-21 15:58:51+00:00,980.0,22.9,22.95,23.4,0.39999962,1.7777761,250.0,497.0,0.5708966250610351,False,REGULAR,USD
TSLA,2027-06-17,call,2026-01-21T21:40:22.242566+00:00,TSLA270617C00990000,2026-01-21 20:45:59+00:00,990.0,22.91,22.45,22.85,1.6599998,7.811764,422.0,1702.0,0.571415418701172,False,REGULAR,USD
TSLA,2027-06-17,put,2026-01-21T21:40:22.242566+00:00,TSLA270617P00005000,2026-01-16 20:55:03+00:00,5.0,0.02,0.0,0.06,0.0,0.0,1.0,2319.0,1.2968785156249998,False,REGULAR,USD
TSLA,2027-06-17,put,2026-01-21T21:40:22.242566+00:00,TSLA270617P00010000,2026-01-20 15:09:16+00:00,10.0,0.05,0.01,0.26,0.0,0.0,2.0,1298.0,1.2480506347656248,False,REGULAR,USD
TSLA,2027-06-17,put,2026-01-21T21:40:22.242566+00:00,TSLA270617P00015000,2026-01-12 18:59:19+00:00,15.0,0.17,0.0,0.5,0.0,0.0,25.0,532.0,1.1806681591796875,False,REGULAR,USD
TSLA,2027-06-17,put,2026-01-21T21:40:22.242566+00:00,TSLA270617P00020000,2026-01-05 18:27:56+00:00,20.0,0.15,0.0,0.59,0.0,0.0,3.0,691.0,1.08984830078125,False,REGULAR,USD
TSLA,2027-06-17,put,2026-01-21T21:40:22.242566+00:00,TSLA270617P00025000,2025-11-14 20:16:27+00:00,25.0,0.47,0.16,0.58,0.0,0.0,1.0,245.0,1.0332079589843752,False,REGULAR,USD
TSLA,2027-06-17,put,2026-01-21T21:40:22.242566+00:00,TSLA270617P00030000,2025-12-31 20:24:58+00:00,30.0,0.36,0.15,0.5,0.0,0.0,30.0,479.0,0.945313046875,False,REGULAR,USD
TSLA,2027-06-17,put,2026-01-21T21:40:22.242566+00:00,TSLA270617P00035000,2026-01-21 16:26:04+00:00,35.0,0.4,0.15,0.63,0.0,0.0,4.0,325.0,0.9082040429687499,False,REGULAR,USD
TSLA,2027-06-17,put,2026-01-21T21:40:22.242566+00:00,TSLA270617P00040000,2026-01-21 16:25:08+00:00,40.0,0.5,0.26,0.7,-0.01999998,-3.8461504,7.0,114.0,0.8808605664062499,False,REGULAR,USD
TSLA,2027-06-17,put,2026-01-21T21:40:22.242566+00:00,TSLA270617P00045000,2026-01-21 16:26:23+00:00,45.0,0.65,0.33,0.78,0.0,0.0,5.0,199.0,0.851563984375,False,REGULAR,USD
TSLA,2027-06-17,put,2026-01-21T21:40:22.242566+00:00,TSLA270617P00050000,2026-01-16 17:17:05+00:00,50.0,0.75,0.54,0.92,0.0,0.0,2.0,683.0,0.8422867333984375,False,REGULAR,USD
TSLA,2027-06-17,put,2026-01-21T21:40:22.242566+00:00,TSLA270617P00055000,2026-01-02 19:29:59+00:00,55.0,1.11,0.24,1.06,0.0,0.0,1.0,117.0,0.7905294384765625,False,REGULAR,USD
TSLA,2027-06-17,put,2026-01-21T21:40:22.242566+00:00,TSLA270617P00060000,2026-01-15 20:48:50+00:00,60.0,1.0,0.36,1.22,0.0,0.0,3.0,242.0,0.7778342529296876,False,REGULAR,USD
TSLA,2027-06-17,put,2026-01-21T21:40:22.242566+00:00,TSLA270617P00065000,2026-01-20 14:53:26+00:00,65.0,1.23,0.92,1.39,0.0,0.0,50.0,119.0,0.790041162109375,False,REGULAR,USD
TSLA,2027-06-17,put,2026-01-21T21:40:22.242566+00:00,TSLA270617P00070000,2026-01-16 20:35:28+00:00,70.0,1.32,1.06,1.58,0.0,0.0,2.0,146.0,0.7751487329101563,False,REGULAR,USD
TSLA,2027-06-17,put,2026-01-21T21:40:22.242566+00:00,TSLA270617P00075000,2026-01-21 15:00:53+00:00,75.0,1.52,1.24,1.75,-0.53999996,-26.21359,16.0,350.0,0.7609887182617189,False,REGULAR,USD
TSLA,2027-06-17,put,2026-01-21T21:40:22.242566+00:00,TSLA270617P00080000,2026-01-20 15:08:18+00:00,80.0,1.75,1.37,1.96,0.0,0.0,7.0,490.0,0.7463404272460938,False,REGULAR,USD
TSLA,2027-06-17,put,2026-01-21T21:40:22.242566+00:00,TSLA270617P00085000,2026-01-20 17:02:38+00:00,85.0,1.87,1.74,1.91,0.0,0.0,3.0,852.0,0.7312038598632812,False,REGULAR,USD
TSLA,2027-06-17,put,2026-01-21T21:40:22.242566+00:00,TSLA270617P00090000,2026-01-02 18:38:06+00:00,90.0,2.77,1.95,2.12,0.0,0.0,80.0,181.0,0.7194852270507812,False,REGULAR,USD
TSLA,2027-06-17,put,2026-01-21T21:40:22.242566+00:00,TSLA270617P00095000,2026-01-20 14:50:09+00:00,95.0,2.35,2.17,2.34,0.0,0.0,5.0,1455.0,0.7082548706054688,False,REGULAR,USD
TSLA,2027-06-17,put,2026-01-21T21:40:22.242566+00:00,TSLA270617P00100000,2026-01-21 19:24:32+00:00,100.0,2.56,2.4,2.58,-0.1400001,-5.185189,1.0,3155.0,0.6975738250732424,False,REGULAR,USD
TSLA,2027-06-17,put,2026-01-21T21:40:22.242566+00:00,TSLA270617P00105000,2026-01-16 18:02:21+00:00,105.0,2.86,2.65,2.82,0.0,0.0,40.0,145.0,0.6871369177246094,False,REGULAR,USD
TSLA,2027-06-17,put,2026-01-21T21:40:22.242566+00:00,TSLA270617P00110000,2026-01-21 20:58:56+00:00,110.0,3.0,2.91,3.1,-0.28999996,-8.814589,4.0,1625.0,0.6777375976562501,False,REGULAR,USD
TSLA,2027-06-17,put,2026-01-21T21:40:22.242566+00:00,TSLA270617P00115000,2026-01-13 17:37:27+00:00,115.0,3.65,3.15,3.4,0.0,0.0,10.0,564.0,0.6680331048583985,False,REGULAR,USD
TSLA,2027-06-17,put,2026-01-21T21:40:22.242566+00:00,TSLA270617P00120000,2026-01-09 15:00:11+00:00,120.0,4.25,3.5,3.65,0.0,0.0,1.0,842.0,0.659305164794922,False,REGULAR,USD
TSLA,2027-06-17,put,2026-01-21T21:40:22.242566+00:00,TSLA270617P00125000,2026-01-16 19:47:23+00:00,125.0,3.95,3.75,3.95,0.0,0.0,27.0,535.0,0.649417568359375,False,REGULAR,USD
TSLA,2027-06-17,put,2026-01-21T21:40:22.242566+00:00,TSLA270617P00130000,2026-01-21 16:18:25+00:00,130.0,4.25,4.05,4.3,-0.19999981,-4.494378,1.0,258.0,0.6411779046630859,False,REGULAR,USD
TSLA,2027-06-17,put,2026-01-21T21:40:22.242566+00:00,TSLA270617P00135000,2026-01-21 20:52:17+00:00,135.0,4.55,4.4,4.6,-0.25,-5.208333,1.0,120.0,0.6326330682373047,False,REGULAR,USD
TSLA,2027-06-17,put,2026-01-21T21:40:22.242566+00:00,TSLA270617P00140000,2026-01-21 20:26:28+00:00,140.0,4.87,4.75,4.95,-0.3800001,-7.238097,1.0,243.0,0.6246985772705078,False,REGULAR,USD
TSLA,2027-06-17,put,2026-01-21T21:40:22.242566+00:00,TSLA270617P00145000,2026-01-16 16:36:29+00:00,145.0,5.42,5.1,5.35,0.0,0.0,2.0,129.0,0.6172523626708986,False,REGULAR,USD
TSLA,2027-06-17,put,2026-01-21T21:40:22.242566+00:00,TSLA270617P00150000,2026-01-21 14:57:57+00:00,150.0,5.95,5.5,5.75,-0.10000038,-1.6528988,1.0,2423.0,0.6101723553466798,False,REGULAR,USD
TSLA,2027-06-17,put,2026-01-21T21:40:22.242566+00:00,TSLA270617P00155000,2026-01-16 16:16:45+00:00,155.0,6.25,5.9,6.15,0.0,0.0,2.0,138.0,0.6028482098388674,False,REGULAR,USD
TSLA,2027-06-17,put,2026-01-21T21:40:22.242566+00:00,TSLA270617P00160000,2026-01-20 20:41:53+00:00,160.0,7.05,6.35,6.6,0.0,0.0,41.0,596.0,0.5964700997924804,False,REGULAR,USD
TSLA,2027-06-17,put,2026-01-21T21:40:22.242566+00:00,TSLA270617P00165000,2026-01-16 17:43:54+00:00,165.0,7.15,6.8,7.05,0.0,0.0,31.0,192.0,0.5898173342895509,False,REGULAR,USD
TSLA,2027-06-17,put,2026-01-21T21:40:22.242566+00:00,TSLA270617P00170000,2026-01-21 18:46:46+00:00,170.0,7.65,7.3,7.55,-0.4500003,-5.555559,1.0,637.0,0.5839275006103515,False,REGULAR,USD
TSLA,2027-06-17,put,2026-01-21T21:40:22.242566+00:00,TSLA270617P00175000,2026-01-12 15:27:09+00:00,175.0,8.85,7.8,8.05,0.0,0.0,3.0,422.0,0.5777630114746093,False,REGULAR,USD
TSLA,2027-06-17,put,2026-01-21T21:40:22.242566+00:00,TSLA270617P00180000,2026-01-20 20:41:53+00:00,180.0,9.3,8.35,8.6,0.0,0.0,1220.0,1777.0,0.5723004196166993,False,REGULAR,USD
TSLA,2027-06-17,put,2026-01-21T21:40:22.242566+00:00,TSLA270617P00185000,2026-01-20 20:30:55+00:00,185.0,10.0,8.9,9.2,0.0,0.0,2.0,311.0,0.566959896850586,False,REGULAR,USD
TSLA,2027-06-17,put,2026-01-21T21:40:22.242566+00:00,TSLA270617P00190000,2026-01-20 20:41:53+00:00,190.0,10.6,9.55,9.8,0.0,0.0,375.0,899.0,0.5621686849975586,False,REGULAR,USD
TSLA,2027-06-17,put,2026-01-21T21:40:22.242566+00:00,TSLA270617P00195000,2026-01-21 15:01:43+00:00,195.0,10.72,10.15,10.45,-0.5799999,-5.1327424,1.0,867.0,0.5570417831420901,False,REGULAR,USD
TSLA,2027-06-17,put,2026-01-21T21:40:22.242566+00:00,TSLA270617P00200000,2026-01-21 19:10:29+00:00,200.0,11.3,10.85,11.15,-0.75,-6.2240663,6.0,5724.0,0.5527693649291993,False,REGULAR,USD
TSLA,2027-06-17,put,2026-01-21T21:40:22.242566+00:00,TSLA270617P00205000,2026-01-16 20:55:00+00:00,205.0,11.56,11.55,11.85,0.0,0.0,10.0,32.0,0.5481612567138674,False,REGULAR,USD
TSLA,2027-06-17,put,2026-01-21T21:40:22.242566+00:00,TSLA270617P00210000,2026-01-21 18:33:07+00:00,210.0,12.9,12.3,12.6,0.34999943,2.78884,8.0,695.0,0.543949873046875,False,REGULAR,USD
TSLA,2027-06-17,put,2026-01-21T21:40:22.242566+00:00,TSLA270617P00215000,2026-01-16 20:55:00+00:00,215.0,13.06,13.1,13.4,0.0,0.0,10.0,63.0,0.5400741793823244,False,REGULAR,USD
TSLA,2027-06-17,put,2026-01-21T21:40:22.242566+00:00,TSLA270617P00220000,2026-01-21 20:59:40+00:00,220.0,13.98,13.9,14.2,-1.4700003,-9.496126,6.0,2620.0,0.535862795715332,False,REGULAR,USD
TSLA,2027-06-17,put,2026-01-21T21:40:22.242566+00:00,TSLA270617P00225000,2026-01-20 17:47:50+00:00,225.0,15.86,14.8,15.1,0.0,0.0,3.0,84.0,0.5325821888732911,False,REGULAR,USD
TSLA,2027-06-17,put,2026-01-21T21:40:22.242566+00:00,TSLA270617P00230000,2026-01-21 20:56:59+00:00,230.0,15.9,15.7,16.0,-0.7399998,-4.447114,6.0,3114.0,0.528950633392334,False,REGULAR,USD
TSLA,2027-06-17,put,2026-01-21T21:40:22.242566+00:00,TSLA270617P00235000,2026-01-21 20:33:26+00:00,235.0,16.85,16.65,16.95,-4.1000004,-19.570406,10.0,66.0,0.5255632160949708,False,REGULAR,USD
TSLA,2027-06-17,put,2026-01-21T21:40:22.242566+00:00,TSLA270617P00240000,2026-01-21 20:51:12+00:00,240.0,17.86,17.65,17.95,-1.6899986,-8.644495,1.0,2187.0,0.5223894197082519,False,REGULAR,USD
TSLA,2027-06-17,put,2026-01-21T21:40:22.242566+00:00,TSLA270617P00245000,2026-01-21 19:07:19+00:00,245.0,19.52,18.65,19.0,-0.15999985,-0.81300735,30.0,125.0,0.5191545887756348,False,REGULAR,USD
TSLA,2027-06-17,put,2026-01-21T21:40:22.242566+00:00,TSLA270617P00250000,2026-01-21 19:07:19+00:00,250.0,20.66,19.75,20.1,-1.0,-4.616805,70.0,3692.0,0.5163622583007812,False,REGULAR,USD
TSLA,2027-06-17,put,2026-01-21T21:40:22.242566+00:00,TSLA270617P00255000,2026-01-21 19:05:53+00:00,255.0,21.81,20.85,21.2,-1.4899998,-6.394849,29.0,53.0,0.5132342378234862,False,REGULAR,USD
TSLA,2027-06-17,put,2026-01-21T21:40:22.242566+00:00,TSLA270617P00260000,2026-01-21 20:51:12+00:00,260.0,22.36,22.05,22.4,-1.9399986,-7.983534,111.0,4945.0,0.5107470800781251,False,REGULAR,USD
TSLA,2027-06-17,put,2026-01-21T21:40:22.242566+00:00,TSLA270617P00270000,2026-01-20 20:21:09+00:00,270.0,27.1,24.5,24.9,0.0,0.0,1.0,994.0,0.50546759185791,False,REGULAR,USD
TSLA,2027-06-17,put,2026-01-21T21:40:22.242566+00:00,TSLA270617P00280000,2026-01-21 20:57:08+00:00,280.0,27.5,27.2,27.6,-1.5499992,-5.3356256,320.0,2247.0,0.5008747422790527,False,REGULAR,USD
TSLA,2027-06-17,put,2026-01-21T21:40:22.242566+00:00,TSLA270617P00290000,2026-01-21 16:57:19+00:00,290.0,31.7,30.05,30.5,-1.0,-3.0581038,8.0,1063.0,0.49821973953247073,False,REGULAR,USD
TSLA,2027-06-17,put,2026-01-21T21:40:22.242566+00:00,TSLA270617P00300000,2026-01-21 20:38:32+00:00,300.0,33.2,33.1,33.55,-3.0499992,-8.413792,6.0,4338.0,0.49387102813720707,False,REGULAR,USD
TSLA,2027-06-17,put,2026-01-21T21:40:22.242566+00:00,TSLA270617P00310000,2026-01-21 17:11:59+00:00,310.0,38.57,36.35,36.85,-0.060001373,-0.15532325,2.0,561.0,0.49017843811035167,False,REGULAR,USD
TSLA,2027-06-17,put,2026-01-21T21:40:22.242566+00:00,TSLA270617P00320000,2026-01-21 20:53:08+00:00,320.0,40.14,39.8,40.3,-1.5600014,-3.7410104,11.0,1031.0,0.4863942962646485,False,REGULAR,USD
TSLA,2027-06-17,put,2026-01-21T21:40:22.242566+00:00,TSLA270617P00330000,2026-01-21 19:29:03+00:00,330.0,44.13,43.5,44.0,-3.4699974,-7.2899113,60.0,1566.0,0.4831747239685059,False,REGULAR,USD
TSLA,2027-06-17,put,2026-01-21T21:40:22.242566+00:00,TSLA270617P00340000,2026-01-21 19:29:03+00:00,340.0,48.03,47.35,47.9,-2.7200012,-5.359608,6.0,1642.0,0.4801535139465332,False,REGULAR,USD
TSLA,2027-06-17,put,2026-01-21T21:40:22.242566+00:00,TSLA270617P00350000,2026-01-21 20:21:27+00:00,350.0,51.45,51.4,51.95,-4.0,-7.213706,112.0,3109.0,0.477017864151001,False,REGULAR,USD
TSLA,2027-06-17,put,2026-01-21T21:40:22.242566+00:00,TSLA270617P00360000,2026-01-20 16:15:50+00:00,360.0,57.95,55.65,56.25,0.0,0.0,11.0,1060.0,0.47437049072265625,False,REGULAR,USD
TSLA,2027-06-17,put,2026-01-21T21:40:22.242566+00:00,TSLA270617P00370000,2026-01-20 19:43:24+00:00,370.0,64.2,60.15,60.7,0.0,0.0,612.0,8360.0,0.4716086775207519,False,REGULAR,USD
TSLA,2027-06-17,put,2026-01-21T21:40:22.242566+00:00,TSLA270617P00380000,2026-01-20 19:39:11+00:00,380.0,69.35,64.8,65.35,0.0,0.0,13.0,792.0,0.46902996795654295,False,REGULAR,USD
TSLA,2027-06-17,put,2026-01-21T21:40:22.242566+00:00,TSLA270617P00390000,2026-01-21 14:30:04+00:00,390.0,74.1,69.6,70.25,0.1800003,0.24350691,3.0,287.0,0.46690138816833493,False,REGULAR,USD
TSLA,2027-06-17,put,2026-01-21T21:40:22.242566+00:00,TSLA270617P00400000,2026-01-21 20:01:50+00:00,400.0,73.8,74.6,75.25,-5.9300003,-7.4376016,103.0,1435.0,0.464421859741211,False,REGULAR,USD
TSLA,2027-06-17,put,2026-01-21T21:40:22.242566+00:00,TSLA270617P00410000,2026-01-21 20:46:58+00:00,410.0,80.25,79.85,80.55,-2.4700012,-2.9859781,1014.0,512.0,0.46265948722839356,False,REGULAR,USD
TSLA,2027-06-17,put,2026-01-21T21:40:22.242566+00:00,TSLA270617P00420000,2026-01-21 19:11:49+00:00,420.0,87.8,85.2,85.95,-3.0699997,-3.3784523,150.0,450.0,0.46057668334960944,False,REGULAR,USD
TSLA,2027-06-17,put,2026-01-21T21:40:22.242566+00:00,TSLA270617P00430000,2026-01-21 20:16:39+00:00,430.0,90.25,90.8,91.5,-3.6500015,-3.8871155,65.0,1222.0,0.4584481035614014,False,REGULAR,USD
TSLA,2027-06-17,put,2026-01-21T21:40:22.242566+00:00,TSLA270617P00440000,2026-01-21 17:08:18+00:00,440.0,101.0,96.5,97.25,1.300003,1.3039148,16.0,872.0,0.45654840332031255,True,REGULAR,USD
TSLA,2027-06-17,put,2026-01-21T21:40:22.242566+00:00,TSLA270617P00450000,2026-01-21 20:06:26+00:00,450.0,101.56,102.4,103.2,-6.4900055,-6.0064836,3.0,649.0,0.45488521194458004,True,REGULAR,USD
TSLA,2027-06-17,put,2026-01-21T21:40:22.242566+00:00,TSLA270617P00460000,2026-01-21 20:23:22+00:00,460.0,108.36,108.45,109.3,1.2099991,1.1292572,2.0,240.0,0.45323727920532225,True,REGULAR,USD
TSLA,2027-06-17,put,2026-01-21T21:40:22.242566+00:00,TSLA270617P00470000,2026-01-21 16:40:01+00:00,470.0,117.8,114.6,115.45,-0.5999985,-0.5067555,1.0,201.0,0.45110107009887696,True,REGULAR,USD
TSLA,2027-06-17,put,2026-01-21T21:40:22.242566+00:00,TSLA270617P00480000,2026-01-21 16:07:14+00:00,480.0,123.04,121.0,121.85,-2.540001,-2.0226157,1.0,441.0,0.4495141719055175,True,REGULAR,USD
TSLA,2027-06-17,put,2026-01-21T21:40:22.242566+00:00,TSLA270617P00490000,2026-01-21 16:07:14+00:00,490.0,129.56,127.5,128.4,-3.6900024,-2.7692325,2.0,183.0,0.447973049621582,True,REGULAR,USD
TSLA,2027-06-17,put,2026-01-21T21:40:22.242566+00:00,TSLA270617P00500000,2026-01-21 17:30:53+00:00,500.0,138.6,134.15,135.05,-1.3499908,-0.9646237,2.0,741.0,0.44627171165466306,True,REGULAR,USD
TSLA,2027-06-17,put,2026-01-21T21:40:22.242566+00:00,TSLA270617P00510000,2026-01-20 16:52:01+00:00,510.0,145.5,140.9,141.85,0.0,0.0,3.0,234.0,0.4446619255065917,True,REGULAR,USD
TSLA,2027-06-17,put,2026-01-21T21:40:22.242566+00:00,TSLA270617P00520000,2026-01-16 20:47:36+00:00,520.0,145.25,147.7,148.7,0.0,0.0,59.0,160.0,0.44267830276489256,True,REGULAR,USD
TSLA,2027-06-17,put,2026-01-21T21:40:22.242566+00:00,TSLA270617P00530000,2026-01-20 18:54:31+00:00,530.0,161.05,154.8,155.8,0.0,0.0,2.0,140.0,0.4413202841186523,True,REGULAR,USD
TSLA,2027-06-17,put,2026-01-21T21:40:22.242566+00:00,TSLA270617P00540000,2026-01-15 15:36:11+00:00,540.0,159.7,161.9,162.9,0.0,0.0,2.0,340.0,0.4393671786499024,True,REGULAR,USD
TSLA,2027-06-17,put,2026-01-21T21:40:22.242566+00:00,TSLA270617P00550000,2026-01-21 20:31:45+00:00,550.0,169.28,169.1,170.15,-5.919998,-3.3789945,1.0,302.0,0.4375819181823731,True,REGULAR,USD
TSLA,2027-06-17,put,2026-01-21T21:40:22.242566+00:00,TSLA270617P00560000,2026-01-16 20:31:47+00:00,560.0,173.6,176.55,177.65,0.0,0.0,122.0,319.0,0.4364909256744385,True,REGULAR,USD
TSLA,2027-06-17,put,2026-01-21T21:40:22.242566+00:00,TSLA270617P00570000,2026-01-15 19:23:57+00:00,570.0,182.5,183.9,185.05,0.0,0.0,51.0,68.0,0.4343470872497559,True,REGULAR,USD
TSLA,2027-06-17,put,2026-01-21T21:40:22.242566+00:00,TSLA270617P00580000,2026-01-12 17:57:56+00:00,580.0,185.65,191.5,192.6,0.0,0.0,39.0,177.0,0.432424499053955,True,REGULAR,USD
TSLA,2027-06-17,put,2026-01-21T21:40:22.242566+00:00,TSLA270617P00590000,2026-01-15 19:16:26+00:00,590.0,197.55,199.25,200.35,0.0,0.0,26.0,103.0,0.43100544586181644,True,REGULAR,USD
TSLA,2027-06-17,put,2026-01-21T21:40:22.242566+00:00,TSLA270617P00600000,2026-01-21 20:31:45+00:00,600.0,206.8,205.75,209.55,-2.819992,-1.3452877,35.0,449.0,0.4367198052215576,True,REGULAR,USD
TSLA,2027-06-17,put,2026-01-21T21:40:22.242566+00:00,TSLA270617P00610000,2026-01-08 15:23:37+00:00,610.0,221.27,213.65,217.5,0.0,0.0,2.0,121.0,0.4354457090759278,True,REGULAR,USD
TSLA,2027-06-17,put,2026-01-21T21:40:22.242566+00:00,TSLA270617P00620000,2026-01-09 15:23:00+00:00,620.0,223.05,221.45,225.45,0.0,0.0,2.0,177.0,0.4336909658813477,True,REGULAR,USD
TSLA,2027-06-17,put,2026-01-21T21:40:22.242566+00:00,TSLA270617P00630000,2026-01-07 16:19:14+00:00,630.0,234.93,229.5,233.5,0.0,0.0,4.0,130.0,0.431997257232666,True,REGULAR,USD
TSLA,2027-06-17,put,2026-01-21T21:40:22.242566+00:00,TSLA270617P00640000,2026-01-09 17:02:19+00:00,640.0,236.66,237.65,241.65,0.0,0.0,3.0,137.0,0.43039510040283213,True,REGULAR,USD
TSLA,2027-06-17,put,2026-01-21T21:40:22.242566+00:00,TSLA270617P00650000,2026-01-20 19:25:44+00:00,650.0,254.76,245.75,249.9,0.0,0.0,2.0,255.0,0.42888449539184575,True,REGULAR,USD
TSLA,2027-06-17,put,2026-01-21T21:40:22.242566+00:00,TSLA270617P00660000,2025-12-09 18:20:37+00:00,660.0,255.35,254.1,258.15,0.0,0.0,2.0,164.0,0.4269313899230958,True,REGULAR,USD
TSLA,2027-06-17,put,2026-01-21T21:40:22.242566+00:00,TSLA270617P00670000,2026-01-08 15:23:37+00:00,670.0,269.73,262.4,266.55,0.0,0.0,2.0,162.0,0.4253978969573975,True,REGULAR,USD
TSLA,2027-06-17,put,2026-01-21T21:40:22.242566+00:00,TSLA270617P00680000,2025-12-24 14:40:49+00:00,680.0,251.11,270.85,274.95,0.0,0.0,2.0,220.0,0.42342190353393555,True,REGULAR,USD
TSLA,2027-06-17,put,2026-01-21T21:40:22.242566+00:00,TSLA270617P00690000,2025-11-13 15:09:37+00:00,690.0,306.51,286.7,289.65,0.0,0.0,1.0,79.0,0.4588829747009278,True,REGULAR,USD
TSLA,2027-06-17,put,2026-01-21T21:40:22.242566+00:00,TSLA270617P00700000,2026-01-14 18:42:30+00:00,700.0,290.97,287.85,292.05,0.0,0.0,1.0,616.0,0.41998871032714846,True,REGULAR,USD
TSLA,2027-06-17,put,2026-01-21T21:40:22.242566+00:00,TSLA270617P00710000,2026-01-20 20:55:41+00:00,710.0,306.96,296.45,300.7,0.0,0.0,20.0,207.0,0.4182644844055175,True,REGULAR,USD
TSLA,2027-06-17,put,2026-01-21T21:40:22.242566+00:00,TSLA270617P00720000,2026-01-20 18:52:43+00:00,720.0,314.15,305.1,309.4,0.0,0.0,1.0,99.0,0.41644870666503897,True,REGULAR,USD
TSLA,2027-06-17,put,2026-01-21T21:40:22.242566+00:00,TSLA270617P00730000,2026-01-05 19:28:42+00:00,730.0,305.89,313.85,318.2,0.0,0.0,4.0,58.0,0.41489232574462886,True,REGULAR,USD
TSLA,2027-06-17,put,2026-01-21T21:40:22.242566+00:00,TSLA270617P00740000,2026-01-20 20:53:39+00:00,740.0,334.55,322.6,327.0,0.0,0.0,2.0,382.0,0.4129239616394042,True,REGULAR,USD
TSLA,2027-06-17,put,2026-01-21T21:40:22.242566+00:00,TSLA270617P00750000,2026-01-21 14:41:12+00:00,750.0,342.5,331.3,335.9,19.679993,6.0962744,1.0,344.0,0.4112607702636719,True,REGULAR,USD
TSLA,2027-06-17,put,2026-01-21T21:40:22.242566+00:00,TSLA270617P00760000,2026-01-05 15:13:25+00:00,760.0,332.75,340.45,344.75,0.0,0.0,1.0,78.0,0.40880412979125974,True,REGULAR,USD
TSLA,2027-06-17,put,2026-01-21T21:40:22.242566+00:00,TSLA270617P00770000,2026-01-09 17:00:57+00:00,770.0,346.63,349.3,353.85,0.0,0.0,4.0,85.0,0.40782757705688477,True,REGULAR,USD
TSLA,2027-06-17,put,2026-01-21T21:40:22.242566+00:00,TSLA270617P00780000,2025-09-16 18:14:20+00:00,780.0,387.6,369.2,373.9,0.0,0.0,1.0,30.0,0.48422756988525395,True,REGULAR,USD
TSLA,2027-06-17,put,2026-01-21T21:40:22.242566+00:00,TSLA270617P00790000,2025-12-09 18:20:50+00:00,790.0,364.25,367.35,372.0,0.0,0.0,12.0,16.0,0.4043638665771484,True,REGULAR,USD
TSLA,2027-06-17,put,2026-01-21T21:40:22.242566+00:00,TSLA270617P00800000,2026-01-21 19:15:57+00:00,800.0,382.6,376.4,381.15,18.25,5.0089197,2.0,255.0,0.4026854165649414,True,REGULAR,USD
TSLA,2027-06-17,put,2026-01-21T21:40:22.242566+00:00,TSLA270617P00810000,2025-12-01 15:12:44+00:00,810.0,396.7,391.45,395.05,0.0,0.0,5.0,6.0,0.4396113168334961,True,REGULAR,USD
TSLA,2027-06-17,put,2026-01-21T21:40:22.242566+00:00,TSLA270617P00820000,2025-12-23 16:08:20+00:00,820.0,363.53,394.85,399.55,0.0,0.0,5.0,20.0,0.398992826538086,True,REGULAR,USD
TSLA,2027-06-17,put,2026-01-21T21:40:22.242566+00:00,TSLA270617P00830000,2026-01-21 19:15:34+00:00,830.0,410.2,403.65,408.85,-3.899994,-0.9418,2.0,11.0,0.3974974801635742,True,REGULAR,USD
TSLA,2027-06-17,put,2026-01-21T21:40:22.242566+00:00,TSLA270617P00840000,2026-01-21 15:40:51+00:00,840.0,418.63,413.0,418.15,-6.869995,-1.6145699,1.0,52.0,0.39562066787719735,True,REGULAR,USD
TSLA,2027-06-17,put,2026-01-21T21:40:22.242566+00:00,TSLA270617P00850000,2026-01-21 19:53:30+00:00,850.0,419.8,422.7,427.55,-12.25,-2.83532,4.0,29.0,0.3943847183227539,True,REGULAR,USD
TSLA,2027-06-17,put,2026-01-21T21:40:22.242566+00:00,TSLA270617P00860000,2026-01-21 20:32:07+00:00,860.0,432.9,431.6,436.95,5.399994,1.2631564,1.0,57.0,0.39279782012939457,True,REGULAR,USD
TSLA,2027-06-17,put,2026-01-21T21:40:22.242566+00:00,TSLA270617P00870000,2026-01-21 20:34:22+00:00,870.0,441.4,441.1,446.4,-10.029999,-2.2218282,4.0,31.0,0.3913940255737304,True,REGULAR,USD
TSLA,2027-06-17,put,2026-01-21T21:40:22.242566+00:00,TSLA270617P00880000,2026-01-21 20:35:01+00:00,880.0,450.5,450.55,455.85,-9.950012,-2.160932,4.0,38.0,0.3896240237426758,True,REGULAR,USD
TSLA,2027-06-17,put,2026-01-21T21:40:22.242566+00:00,TSLA270617P00890000,2026-01-21 20:35:33+00:00,890.0,460.43,460.4,466.45,24.22998,5.5547867,1.0,50.0,0.40086963882446286,True,REGULAR,USD
TSLA,2027-06-17,put,2026-01-21T21:40:22.242566+00:00,TSLA270617P00900000,2025-12-12 15:58:04+00:00,900.0,464.35,470.0,474.9,0.0,0.0,5.0,25.0,0.3868164346313476,True,REGULAR,USD
TSLA,2027-06-17,put,2026-01-21T21:40:22.242566+00:00,TSLA270617P00910000,2026-01-08 20:56:19+00:00,910.0,479.55,479.55,485.55,0.0,0.0,5.0,72.0,0.3990233438110352,True,REGULAR,USD
TSLA,2027-06-17,put,2026-01-21T21:40:22.242566+00:00,TSLA270617P00920000,2025-12-17 17:13:36+00:00,920.0,463.27,489.1,495.15,0.0,0.0,1.0,12.0,0.3982909292602539,True,REGULAR,USD
TSLA,2027-06-17,put,2026-01-21T21:40:22.242566+00:00,TSLA270617P00930000,2026-01-07 16:19:14+00:00,930.0,500.08,498.75,504.8,0.0,0.0,2.0,72.0,0.3979399806213379,True,REGULAR,USD
TSLA,2027-06-17,put,2026-01-21T21:40:22.242566+00:00,TSLA270617P00940000,2026-01-09 14:30:07+00:00,940.0,510.0,508.4,514.45,0.0,0.0,1.0,119.0,0.3973448937988281,True,REGULAR,USD
TSLA,2027-06-17,put,2026-01-21T21:40:22.242566+00:00,TSLA270617P00970000,2026-01-20 19:06:15+00:00,970.0,547.95,537.5,543.55,0.0,0.0,1.0,0.0,0.39621575469970705,True,REGULAR,USD
TSLA,2027-06-17,put,2026-01-21T21:40:22.242566+00:00,TSLA270617P00980000,2026-01-08 19:25:48+00:00,980.0,549.95,547.25,553.35,0.0,0.0,,1.0,0.39691765197753903,True,REGULAR,USD
GEHC,2026-09-18,call,2026-01-21T21:40:23.485658+00:00,GEHC260918C00035000,2025-09-05 18:15:41+00:00,35.0,41.98,39.0,44.0,0.0,0.0,1.0,3.0,1.0000000000000003e-05,True,REGULAR,USD
GEHC,2026-09-18,call,2026-01-21T21:40:23.485658+00:00,GEHC260918C00037500,2025-08-11 13:32:21+00:00,37.5,37.3,34.5,39.5,0.0,0.0,,1.0,1.0000000000000003e-05,True,REGULAR,USD
GEHC,2026-09-18,call,2026-01-21T21:40:23.485658+00:00,GEHC260918C00040000,2025-10-08 19:57:15+00:00,40.0,37.0,32.5,37.3,0.0,0.0,5.0,5.0,1.0000000000000003e-05,True,REGULAR,USD
GEHC,2026-09-18,call,2026-01-21T21:40:23.485658+00:00,GEHC260918C00050000,2025-10-08 16:09:03+00:00,50.0,27.6,23.5,27.9,0.0,0.0,20.0,16.0,1.0000000000000003e-05,True,REGULAR,USD
GEHC,2026-09-18,call,2026-01-21T21:40:23.485658+00:00,GEHC260918C00055000,2025-10-07 17:16:47+00:00,55.0,24.1,19.5,23.3,0.0,0.0,1.0,2.0,1.0000000000000003e-05,True,REGULAR,USD
GEHC,2026-09-18,call,2026-01-21T21:40:23.485658+00:00,GEHC260918C00060000,2025-09-04 15:55:33+00:00,60.0,18.6,19.7,23.8,0.0,0.0,8.0,15.0,0.436529072265625,True,REGULAR,USD
GEHC,2026-09-18,call,2026-01-21T21:40:23.485658+00:00,GEHC260918C00062500,2026-01-13 20:35:25+00:00,62.5,25.3,19.7,23.0,0.0,0.0,1.0,26.0,0.4939015454101563,True,REGULAR,USD
GEHC,2026-09-18,call,2026-01-21T21:40:23.485658+00:00,GEHC260918C00065000,2025-07-30 15:40:43+00:00,65.0,15.68,14.4,14.9,0.0,0.0,,1.0,1.0000000000000003e-05,True,REGULAR,USD
GEHC,2026-09-18,call,2026-01-21T21:40:23.485658+00:00,GEHC260918C00067500,2025-12-09 18:21:59+00:00,67.5,20.24,15.7,18.3,0.0,0.0,1.0,4.0,0.42127043579101564,True,REGULAR,USD
GEHC,2026-09-18,call,2026-01-21T21:40:23.485658+00:00,GEHC260918C00070000,2026-01-09 14:50:49+00:00,70.0,14.93,14.4,16.2,-6.0699997,-28.904762,3.0,16.0,0.3963683410644532,True,REGULAR,USD
GEHC,2026-09-18,call,2026-01-21T21:40:23.485658+00:00,GEHC260918C00072500,2025-12-10 20:27:57+00:00,72.5,17.76,13.6,14.6,0.0,0.0,5.0,27.0,0.3915466119384765,True,REGULAR,USD
GEHC,2026-09-18,call,2026-01-21T21:40:23.485658+00:00,GEHC260918C00075000,2026-01-06 16:46:32+00:00,75.0,16.67,11.1,13.6,0.0,0.0,1.0,28.0,0.40759869750976563,True,REGULAR,USD
GEHC,2026-09-18,call,2026-01-21T21:40:23.485658+00:00,GEHC260918C00077500,2025-12-05 18:33:27+00:00,77.5,15.0,10.3,12.2,0.0,0.0,1.0,30.0,0.4024717956542969,True,REGULAR,USD
GEHC,2026-09-18,call,2026-01-21T21:40:23.485658+00:00,GEHC260918C00080000,2026-01-20 20:31:34+00:00,80.0,8.25,8.9,9.9,0.0,0.0,2.0,113.0,0.3588931298828125,True,REGULAR,USD
GEHC,2026-09-18,call,2026-01-21T21:40:23.485658+00:00,GEHC260918C00082500,2025-12-29 14:30:00+00:00,82.5,10.05,6.9,8.6,0.0,0.0,2.0,43.0,0.35120277709960934,False,REGULAR,USD
GEHC,2026-09-18,call,2026-01-21T21:40:23.485658+00:00,GEHC260918C00085000,2026-01-20 16:26:11+00:00,85.0,6.6,6.4,7.4,0.0,0.0,2.0,108.0,0.3435124243164062,False,REGULAR,USD
GEHC,2026-09-18,call,2026-01-21T21:40:23.485658+00:00,GEHC260918C00087500,2026-01-21 15:37:30+00:00,87.5,5.2,5.3,7.2,0.0,0.0,1.0,121.0,0.37030658996582033,False,REGULAR,USD
GEHC,2026-09-18,call,2026-01-21T21:40:23.485658+00:00,GEHC260918C00090000,2026-01-21 20:49:21+00:00,90.0,4.84,4.5,5.1,0.34000015,7.555559,2.0,215.0,0.3201361932373046,False,REGULAR,USD
GEHC,2026-09-18,call,2026-01-21T21:40:23.485658+00:00,GEHC260918C00092500,2026-01-21 20:15:06+00:00,92.5,4.0,3.7,4.3,-1.5,-27.272728,10.0,993.0,0.31604687866210934,False,REGULAR,USD
GEHC,2026-09-18,call,2026-01-21T21:40:23.485658+00:00,GEHC260918C00095000,2026-01-14 16:23:57+00:00,95.0,5.0,2.95,3.6,0.0,0.0,5.0,86.0,0.3122627368164062,False,REGULAR,USD
GEHC,2026-09-18,call,2026-01-21T21:40:23.485658+00:00,GEHC260918C00100000,2026-01-21 16:03:10+00:00,100.0,2.15,1.9,2.55,0.1500001,7.500005,2.0,133.0,0.3092110095214844,False,REGULAR,USD
GEHC,2026-09-18,call,2026-01-21T21:40:23.485658+00:00,GEHC260918C00105000,2025-12-29 14:30:01+00:00,105.0,2.3,1.15,1.7,0.0,0.0,5.0,75.0,0.30213100219726563,False,REGULAR,USD
GEHC,2026-09-18,call,2026-01-21T21:40:23.485658+00:00,GEHC260918C00110000,2026-01-21 15:19:38+00:00,110.0,0.65,0.7,1.65,-1.15,-63.88889,4.0,65.0,0.33264827514648443,False,REGULAR,USD
GEHC,2026-09-18,call,2026-01-21T21:40:23.485658+00:00,GEHC260918C00115000,2026-01-20 14:30:10+00:00,115.0,0.6,0.3,0.65,0.0,0.0,1.0,3.0,0.2858958129882812,False,REGULAR,USD
GEHC,2026-09-18,call,2026-01-21T21:40:23.485658+00:00,GEHC260918C00120000,2026-01-08 14:30:01+00:00,120.0,0.8,0.0,1.85,0.0,0.0,,1.0,0.4056455920410156,False,REGULAR,USD
GEHC,2026-09-18,put,2026-01-21T21:40:23.485658+00:00,GEHC260918P00037500,2025-09-22 17:14:35+00:00,37.5,0.41,0.0,0.0,0.0,0.0,1.0,1.0,0.2500075,False,REGULAR,USD
GEHC,2026-09-18,put,2026-01-21T21:40:23.485658+00:00,GEHC260918P00040000,2025-07-23 15:41:14+00:00,40.0,0.65,0.35,1.9,0.0,0.0,,2.0,0.6350134155273439,False,REGULAR,USD
GEHC,2026-09-18,put,2026-01-21T21:40:23.485658+00:00,GEHC260918P00042500,2025-10-09 15:25:50+00:00,42.5,0.71,0.0,2.85,0.0,0.0,7.0,14.0,0.6272009936523439,False,REGULAR,USD
GEHC,2026-09-18,put,2026-01-21T21:40:23.485658+00:00,GEHC260918P00050000,2026-01-14 14:30:03+00:00,50.0,0.5,0.0,2.5,0.0,0.0,1.0,22.0,0.5937540625000001,False,REGULAR,USD
GEHC,2026-09-18,put,2026-01-21T21:40:23.485658+00:00,GEHC260918P00055000,2025-11-14 15:13:55+00:00,55.0,1.9,0.35,2.5,0.0,0.0,22.0,61.0,0.5056201782226561,False,REGULAR,USD
GEHC,2026-09-18,put,2026-01-21T21:40:23.485658+00:00,GEHC260918P00060000,2026-01-20 19:48:36+00:00,60.0,1.7,1.0,1.5,0.0,0.0,1.0,443.0,0.35278967529296873,False,REGULAR,USD
GEHC,2026-09-18,put,2026-01-21T21:40:23.485658+00:00,GEHC260918P00062500,2025-09-29 16:30:32+00:00,62.5,4.1,2.0,4.3,0.0,0.0,4.0,86.0,0.4886525744628907,False,REGULAR,USD
GEHC,2026-09-18,put,2026-01-21T21:40:23.485658+00:00,GEHC260918P00065000,2026-01-12 14:30:01+00:00,65.0,1.6,1.4,2.85,0.0,0.0,2.0,51.0,0.36646141357421874,False,REGULAR,USD
GEHC,2026-09-18,put,2026-01-21T21:40:23.485658+00:00,GEHC260918P00067500,2026-01-02 15:20:17+00:00,67.5,2.47,2.25,2.75,0.0,0.0,6.0,49.0,0.32227240234374993,False,REGULAR,USD
GEHC,2026-09-18,put,2026-01-21T21:40:23.485658+00:00,GEHC260918P00070000,2026-01-20 17:13:48+00:00,70.0,3.4,2.8,3.4,0.0,0.0,5.0,87.0,0.31641308593749995,False,REGULAR,USD
GEHC,2026-09-18,put,2026-01-21T21:40:23.485658+00:00,GEHC260918P00072500,2026-01-07 17:47:02+00:00,72.5,2.9,3.5,4.1,0.0,0.0,5.0,81.0,0.3081734222412109,False,REGULAR,USD
GEHC,2026-09-18,put,2026-01-21T21:40:23.485658+00:00,GEHC260918P00075000,2026-01-07 17:45:04+00:00,75.0,3.47,4.1,6.0,0.0,0.0,4.0,114.0,0.34570966796874997,False,REGULAR,USD
GEHC,2026-09-18,put,2026-01-21T21:40:23.485658+00:00,GEHC260918P00077500,2025-11-17 16:14:57+00:00,77.5,10.41,3.2,4.4,0.0,0.0,1.0,37.0,0.2350540362548828,False,REGULAR,USD
GEHC,2026-09-18,put,2026-01-21T21:40:23.485658+00:00,GEHC260918P00080000,2026-01-05 19:10:11+00:00,80.0,5.2,6.1,7.9,0.0,0.0,1.0,33.0,0.3242255078124999,False,REGULAR,USD
GEHC,2026-09-18,put,2026-01-21T21:40:23.485658+00:00,GEHC260918P00082500,2025-11-04 17:44:27+00:00,82.5,12.07,5.2,6.5,0.0,0.0,8.0,10.0,0.2181474670410156,True,REGULAR,USD
GEHC,2026-09-18,put,2026-01-21T21:40:23.485658+00:00,GEHC260918P00085000,2025-09-25 19:21:59+00:00,85.0,15.9,9.8,13.5,0.0,0.0,1.0,5.0,0.42743492492675783,True,REGULAR,USD
GEHC,2028-01-21,call,2026-01-21T21:40:23.567980+00:00,GEHC280121C00037500,2025-10-22 16:06:56+00:00,37.5,43.5,43.5,48.5,0.0,0.0,2.0,3.0,0.6268347863769532,True,REGULAR,USD
GEHC,2028-01-21,call,2026-01-21T21:40:23.567980+00:00,GEHC280121C00040000,2026-01-20 19:09:19+00:00,40.0,43.07,42.5,45.5,0.0,0.0,1.0,3.0,0.5604292004394531,True,REGULAR,USD
GEHC,2028-01-21,call,2026-01-21T21:40:23.567980+00:00,GEHC280121C00047500,2026-01-20 19:00:00+00:00,47.5,36.97,37.3,39.5,0.0,0.0,2.0,2.0,0.5158739819335938,True,REGULAR,USD
GEHC,2028-01-21,call,2026-01-21T21:40:23.567980+00:00,GEHC280121C00050000,2026-01-20 19:00:00+00:00,50.0,35.22,34.5,39.0,0.0,0.0,2.0,5.0,0.5553022985839844,True,REGULAR,USD
GEHC,2028-01-21,call,2026-01-21T21:40:23.567980+00:00,GEHC280121C00055000,2026-01-20 19:09:27+00:00,55.0,31.0,31.5,34.0,0.0,0.0,1.0,5.0,0.4840749835205078,True,REGULAR,USD
GEHC,2028-01-21,call,2026-01-21T21:40:23.567980+00:00,GEHC280121C00060000,2025-09-29 19:03:20+00:00,60.0,24.0,25.0,28.5,0.0,0.0,,1.0,0.40369248657226564,True,REGULAR,USD
GEHC,2028-01-21,call,2026-01-21T21:40:23.567980+00:00,GEHC280121C00070000,2026-01-09 15:43:54+00:00,70.0,27.0,21.3,24.7,0.0,0.0,2.0,5.0,0.4445245977783203,True,REGULAR,USD
GEHC,2028-01-21,call,2026-01-21T21:40:23.567980+00:00,GEHC280121C00072500,2025-12-15 17:31:38+00:00,72.5,24.5,19.0,24.0,0.0,0.0,1.0,9.0,0.4554497814941406,True,REGULAR,USD
GEHC,2028-01-21,call,2026-01-21T21:40:23.567980+00:00,GEHC280121C00075000,2026-01-16 14:30:04+00:00,75.0,20.88,17.5,22.5,0.0,0.0,2.0,45.0,0.44525701232910153,True,REGULAR,USD
GEHC,2028-01-21,call,2026-01-21T21:40:23.567980+00:00,GEHC280121C00077500,2025-11-24 15:25:24+00:00,77.5,17.3,20.0,23.4,0.0,0.0,10.0,16.0,0.4910329217529297,True,REGULAR,USD
GEHC,2028-01-21,call,2026-01-21T21:40:23.567980+00:00,GEHC280121C00080000,2026-01-20 19:06:52+00:00,80.0,16.41,15.2,19.0,0.0,0.0,1.0,34.0,0.41119973571777346,True,REGULAR,USD
GEHC,2028-01-21,call,2026-01-21T21:40:23.567980+00:00,GEHC280121C00082500,2025-11-20 19:34:35+00:00,82.5,12.47,18.0,22.5,0.0,0.0,1.0,2.0,0.5131579446411132,False,REGULAR,USD
GEHC,2028-01-21,call,2026-01-21T21:40:23.567980+00:00,GEHC280121C00085000,2026-01-20 19:06:52+00:00,85.0,14.21,13.8,16.5,0.0,0.0,1.0,27.0,0.39719230743408207,False,REGULAR,USD
GEHC,2028-01-21,call,2026-01-21T21:40:23.567980+00:00,GEHC280121C00087500,2026-01-08 15:34:24+00:00,87.5,17.81,12.1,16.5,0.0,0.0,,1.0,0.41644870666503897,False,REGULAR,USD
GEHC,2028-01-21,call,2026-01-21T21:40:23.567980+00:00,GEHC280121C00090000,2026-01-08 17:33:39+00:00,90.0,18.0,11.7,15.0,0.0,0.0,20.0,123.0,0.40146472564697266,False,REGULAR,USD
GEHC,2028-01-21,call,2026-01-21T21:40:23.567980+00:00,GEHC280121C00095000,2026-01-20 14:30:01+00:00,95.0,11.0,10.0,12.5,0.0,0.0,1.0,5.0,0.3799805654907227,False,REGULAR,USD
GEHC,2028-01-21,call,2026-01-21T21:40:23.567980+00:00,GEHC280121C00100000,2025-12-23 20:24:11+00:00,100.0,11.3,8.0,11.0,0.0,0.0,1.0,8.0,0.37674573455810545,False,REGULAR,USD
GEHC,2028-01-21,call,2026-01-21T21:40:23.567980+00:00,GEHC280121C00105000,2026-01-09 14:30:14+00:00,105.0,10.35,5.7,9.7,0.0,0.0,1.0,11.0,0.3745484909057617,False,REGULAR,USD
GEHC,2028-01-21,call,2026-01-21T21:40:23.567980+00:00,GEHC280121C00110000,2025-12-16 16:29:18+00:00,110.0,7.9,5.4,8.5,0.0,0.0,1.0,3.0,0.3714662463378906,False,REGULAR,USD
GEHC,2028-01-21,call,2026-01-21T21:40:23.567980+00:00,GEHC280121C00115000,2026-01-20 14:30:01+00:00,115.0,5.5,4.6,5.5,-0.5,-8.333333,1.0,17.0,0.3212348150634765,False,REGULAR,USD
GEHC,2028-01-21,call,2026-01-21T21:40:23.567980+00:00,GEHC280121C00125000,2025-12-24 15:22:52+00:00,125.0,4.69,3.1,6.0,0.0,0.0,,1.0,0.37177141906738287,False,REGULAR,USD
GEHC,2028-01-21,call,2026-01-21T21:40:23.567980+00:00,GEHC280121C00130000,2026-01-21 14:30:03+00:00,130.0,3.5,2.25,5.5,-1.1399999,-24.568962,1.0,2.0,0.3758607336425781,False,REGULAR,USD
GEHC,2028-01-21,put,2026-01-21T21:40:23.567980+00:00,GEHC280121P00037500,2025-11-13 14:30:02+00:00,37.5,1.2,0.0,4.0,0.0,0.0,,1.0,0.5795940478515625,False,REGULAR,USD
GEHC,2028-01-21,put,2026-01-21T21:40:23.567980+00:00,GEHC280121P00040000,2025-11-21 14:30:03+00:00,40.0,1.45,0.0,3.6,0.0,0.0,1.0,1.0,0.5197801928710937,False,REGULAR,USD
GEHC,2028-01-21,put,2026-01-21T21:40:23.567980+00:00,GEHC280121P00045000,2025-10-13 16:01:00+00:00,45.0,1.98,0.0,4.4,0.0,0.0,,2.0,0.48792015991210946,False,REGULAR,USD
GEHC,2028-01-21,put,2026-01-21T21:40:23.567980+00:00,GEHC280121P00050000,2026-01-09 20:13:17+00:00,50.0,2.34,1.95,3.4,0.0,0.0,2.0,43.0,0.38147591186523433,False,REGULAR,USD
GEHC,2028-01-21,put,2026-01-21T21:40:23.567980+00:00,GEHC280121P00055000,2025-09-18 19:30:08+00:00,55.0,4.0,2.6,5.2,0.0,0.0,,26.0,0.39282833740234374,False,REGULAR,USD
GEHC,2028-01-21,put,2026-01-21T21:40:23.567980+00:00,GEHC280121P00060000,2025-12-29 14:30:01+00:00,60.0,4.0,2.0,5.2,0.0,0.0,1.0,7.0,0.33570000244140624,False,REGULAR,USD
GEHC,2028-01-21,put,2026-01-21T21:40:23.567980+00:00,GEHC280121P00065000,2025-10-03 13:49:30+00:00,65.0,6.8,5.5,9.9,0.0,0.0,1.0,1.0,0.4133359448242187,False,REGULAR,USD
GEHC,2028-01-21,put,2026-01-21T21:40:23.567980+00:00,GEHC280121P00067500,2025-10-27 15:08:55+00:00,67.5,7.5,5.1,8.8,0.0,0.0,,1.0,0.3529117443847656,False,REGULAR,USD
GEHC,2028-01-21,put,2026-01-21T21:40:23.567980+00:00,GEHC280121P00070000,2026-01-16 14:54:10+00:00,70.0,7.3,6.2,9.0,0.0,0.0,1.0,2.0,0.32831482238769527,False,REGULAR,USD
GEHC,2028-01-21,put,2026-01-21T21:40:23.567980+00:00,GEHC280121P00072500,2025-11-20 14:30:00+00:00,72.5,10.95,5.5,9.5,0.0,0.0,,2.0,0.31116411499023433,False,REGULAR,USD
GEHC,2028-01-21,put,2026-01-21T21:40:23.567980+00:00,GEHC280121P00075000,2026-01-20 14:30:01+00:00,75.0,9.7,7.8,11.5,0.0,0.0,3.0,12.0,0.3288030987548828,False,REGULAR,USD
GEHC,2028-01-21,put,2026-01-21T21:40:23.567980+00:00,GEHC280121P00077500,2025-12-05 18:00:28+00:00,77.5,10.0,8.7,12.2,0.0,0.0,1.0,2.0,0.3138496350097656,False,REGULAR,USD
GEHC,2028-01-21,put,2026-01-21T21:40:23.567980+00:00,GEHC280121P00080000,2026-01-16 19:35:23+00:00,80.0,11.5,9.9,13.2,0.0,0.0,1.0,2.0,0.30475548767089844,False,REGULAR,USD
GEHC,2028-01-21,put,2026-01-21T21:40:23.567980+00:00,GEHC280121P00082500,2025-12-01 17:31:56+00:00,82.5,13.14,9.4,13.5,0.0,0.0,554.0,547.0,0.27893787475585935,True,REGULAR,USD
GEHC,2028-01-21,put,2026-01-21T21:40:23.567980+00:00,GEHC280121P00085000,2026-01-05 20:01:08+00:00,85.0,12.98,12.5,16.1,0.0,0.0,5.0,9.0,0.30252772674560546,True,REGULAR,USD
META,2026-08-21,call,2026-01-21T21:40:24.926618+00:00,META260821C00300000,2026-01-16 18:50:33+00:00,300.0,334.27,318.7,324.95,0.0,0.0,14.0,14.0,0.6887238159179689,True,REGULAR,USD
META,2026-08-21,call,2026-01-21T21:40:24.926618+00:00,META260821C00310000,2025-12-18 18:10:32+00:00,310.0,366.1,309.0,315.0,0.0,0.0,4.0,2.0,0.665286550292969,True,REGULAR,USD
META,2026-08-21,call,2026-01-21T21:40:24.926618+00:00,META260821C00320000,2025-12-30 15:05:49+00:00,320.0,360.4,300.0,305.55,0.0,0.0,2.0,2.0,0.6533237792968751,True,REGULAR,USD
META,2026-08-21,call,2026-01-21T21:40:24.926618+00:00,META260821C00330000,2026-01-14 18:31:00+00:00,330.0,297.0,290.0,296.05,0.0,0.0,1.0,8.0,0.6319006536865235,True,REGULAR,USD
META,2026-08-21,call,2026-01-21T21:40:24.926618+00:00,META260821C00340000,2025-12-30 15:05:39+00:00,340.0,341.2,281.0,286.65,0.0,0.0,2.0,2.0,0.6198463308715821,True,REGULAR,USD
META,2026-08-21,call,2026-01-21T21:40:24.926618+00:00,META260821C00350000,2026-01-08 16:57:45+00:00,350.0,304.72,271.0,277.25,0.0,0.0,1.0,1.0,0.5996744134521486,True,REGULAR,USD
META,2026-08-21,call,2026-01-21T21:40:24.926618+00:00,META260821C00360000,2025-12-23 18:31:14+00:00,360.0,316.75,262.0,267.95,0.0,0.0,2.0,6.0,0.5878642288208008,True,REGULAR,USD
META,2026-08-21,call,2026-01-21T21:40:24.926618+00:00,META260821C00370000,2026-01-02 14:54:22+00:00,370.0,302.86,253.0,258.7,0.0,0.0,7.0,9.0,0.5759319750976561,True,REGULAR,USD
META,2026-08-21,call,2026-01-21T21:40:24.926618+00:00,META260821C00380000,2026-01-20 16:16:02+00:00,380.0,243.4,244.0,249.55,0.0,0.0,1.0,5.0,0.5641523077392578,True,REGULAR,USD
META,2026-08-21,call,2026-01-21T21:40:24.926618+00:00,META260821C00390000,2025-12-31 15:37:29+00:00,390.0,286.65,235.0,240.45,0.0,0.0,2.0,2.0,0.5522505712890625,True,REGULAR,USD
META,2026-08-21,call,2026-01-21T21:40:24.926618+00:00,META260821C00400000,2026-01-20 15:57:08+00:00,400.0,223.9,226.35,229.8,0.0,0.0,1.0,10.0,0.5329026202392577,True,REGULAR,USD
META,2026-08-21,call,2026-01-21T21:40:24.926618+00:00,META260821C00410000,2025-12-29 14:56:51+00:00,410.0,263.85,217.4,220.85,0.0,0.0,2.0,7.0,0.5216112292480468,True,REGULAR,USD
META,2026-08-21,call,2026-01-21T21:40:24.926618+00:00,META260821C00420000,2025-12-26 18:54:09+00:00,420.0,259.32,208.6,212.0,0.0,0.0,1.0,1.0,0.5111285459899901,True,REGULAR,USD
META,2026-08-21,call,2026-01-21T21:40:24.926618+00:00,META260821C00430000,2025-12-29 15:00:34+00:00,430.0,246.3,200.0,203.3,0.0,0.0,8.0,7.0,0.5018207777404786,True,REGULAR,USD
META,2026-08-21,call,2026-01-21T21:40:24.926618+00:00,META260821C00440000,2026-01-06 15:36:33+00:00,440.0,236.15,191.45,194.45,0.0,0.0,1.0,16.0,0.5054523332214353,True,REGULAR,USD
META,2026-08-21,call,2026-01-21T21:40:24.926618+00:00,META260821C00450000,2026-01-05 15:43:36+00:00,450.0,229.21,183.05,186.15,0.0,0.0,1.0,27.0,0.4973194799804688,True,REGULAR,USD
META,2026-08-21,call,2026-01-21T21:40:24.926618+00:00,META260821C00460000,2026-01-02 15:12:53+00:00,460.0,217.15,174.75,177.85,0.0,0.0,2.0,50.0,0.48839317764282236,True,REGULAR,USD
META,2026-08-21,call,2026-01-21T21:40:24.926618+00:00,META260821C00470000,2026-01-06 17:04:17+00:00,470.0,206.15,166.65,169.75,0.0,0.0,6.0,50.0,0.4803671348571777,True,REGULAR,USD
META,2026-08-21,call,2026-01-21T21:40:24.926618+00:00,META260821C00480000,2026-01-13 18:20:15+00:00,480.0,175.36,158.7,161.8,0.0,0.0,1.0,26.0,0.47269204071044923,True,REGULAR,USD
META,2026-08-21,call,2026-01-21T21:40:24.926618+00:00,META260821C00490000,2026-01-13 15:44:18+00:00,490.0,165.05,151.0,154.0,0.0,0.0,1.0,5.0,0.4653068606567383,True,REGULAR,USD
META,2026-08-21,call,2026-01-21T21:40:24.926618+00:00,META260821C00500000,2026-01-21 18:57:32+00:00,500.0,142.0,143.7,146.3,3.5599976,2.5715094,1.0,119.0,0.4577690942382813,True,REGULAR,USD
META,2026-08-21,call,2026-01-21T21:40:24.926618+00:00,META260821C00510000,2026-01-14 18:05:05+00:00,510.0,141.1,136.6,138.9,0.0,0.0,23.0,46.0,0.4514367601013184,True,REGULAR,USD
META,2026-08-21,call,2026-01-21T21:40:24.926618+00:00,META260821C00520000,2026-01-21 20:22:09+00:00,520.0,132.01,130.2,131.75,-30.39,-18.713055,10.0,10.0,0.4458368405151367,True,REGULAR,USD
META,2026-08-21,call,2026-01-21T21:40:24.926618+00:00,META260821C00530000,2026-01-21 15:28:31+00:00,530.0,119.2,122.0,124.8,-1.75,-1.4468789,5.0,41.0,0.4405192057037354,True,REGULAR,USD
META,2026-08-21,call,2026-01-21T21:40:24.926618+00:00,META260821C00540000,2026-01-21 20:44:01+00:00,540.0,117.96,115.45,118.0,3.909996,3.4283173,3.0,123.0,0.4351329070281983,True,REGULAR,USD
META,2026-08-21,call,2026-01-21T21:40:24.926618+00:00,META260821C00550000,2026-01-21 19:58:03+00:00,550.0,114.2,109.05,111.45,10.18,9.78658,4.0,59.0,0.4302577726745606,True,REGULAR,USD
META,2026-08-21,call,2026-01-21T21:40:24.926618+00:00,META260821C00560000,2026-01-21 20:58:59+00:00,560.0,104.0,102.65,105.3,-8.949997,-7.9238577,22.0,65.0,0.4267101396942139,True,REGULAR,USD
META,2026-08-21,call,2026-01-21T21:40:24.926618+00:00,META260821C00570000,2026-01-21 15:29:47+00:00,570.0,94.6,96.55,99.1,1.5599976,1.6766956,1.0,47.0,0.4217892294311524,True,REGULAR,USD
META,2026-08-21,call,2026-01-21T21:40:24.926618+00:00,META260821C00580000,2026-01-20 15:07:51+00:00,580.0,88.9,90.8,93.35,0.0,0.0,3.0,78.0,0.4183865534973144,True,REGULAR,USD
META,2026-08-21,call,2026-01-21T21:40:24.926618+00:00,META260821C00590000,2026-01-21 18:38:05+00:00,590.0,84.02,85.35,87.5,2.399994,2.9404483,1.0,216.0,0.4133588327789306,True,REGULAR,USD
META,2026-08-21,call,2026-01-21T21:40:24.926618+00:00,META260821C00600000,2026-01-21 18:37:55+00:00,600.0,79.0,80.8,82.25,3.25,4.290429,19.0,249.0,0.41058939025878904,True,REGULAR,USD
META,2026-08-21,call,2026-01-21T21:40:24.926618+00:00,META260821C00610000,2026-01-21 19:39:19+00:00,610.0,77.0,76.15,76.6,5.4800034,7.479192,43.0,149.0,0.404577487487793,True,REGULAR,USD
META,2026-08-21,call,2026-01-21T21:40:24.926618+00:00,META260821C00620000,2026-01-21 20:14:25+00:00,620.0,71.3,71.35,71.75,4.670006,6.823504,79.0,960.0,0.4018461915588379,False,REGULAR,USD
META,2026-08-21,call,2026-01-21T21:40:24.926618+00:00,META260821C00630000,2026-01-21 15:36:08+00:00,630.0,65.14,66.75,67.15,2.3899994,3.808764,14.0,330.0,0.3993971804046631,False,REGULAR,USD
META,2026-08-21,call,2026-01-21T21:40:24.926618+00:00,META260821C00640000,2026-01-21 20:39:09+00:00,640.0,63.85,62.4,62.75,4.799999,8.128703,12.0,149.0,0.39694816925048826,False,REGULAR,USD
META,2026-08-21,call,2026-01-21T21:40:24.926618+00:00,META260821C00650000,2026-01-21 20:18:08+00:00,650.0,59.57,58.25,58.65,5.1800003,9.523809,17.0,343.0,0.3950560983276368,False,REGULAR,USD
META,2026-08-21,call,2026-01-21T21:40:24.926618+00:00,META260821C00660000,2026-01-21 19:43:13+00:00,660.0,56.75,54.35,54.7,5.5699997,10.883158,13.0,796.0,0.392935147857666,False,REGULAR,USD
META,2026-08-21,call,2026-01-21T21:40:24.926618+00:00,META260821C00670000,2026-01-21 18:27:31+00:00,670.0,48.78,50.65,51.05,1.2099991,2.543618,18.0,227.0,0.391409284210205,False,REGULAR,USD
META,2026-08-21,call,2026-01-21T21:40:24.926618+00:00,META260821C00680000,2026-01-21 18:32:24+00:00,680.0,46.2,47.2,47.55,0.15000153,0.32573622,11.0,681.0,0.38968505828857425,False,REGULAR,USD
META,2026-08-21,call,2026-01-21T21:40:24.926618+00:00,META260821C00690000,2026-01-21 19:24:08+00:00,690.0,44.94,43.95,44.3,4.5,11.127597,15.0,666.0,0.38835755691528323,False,REGULAR,USD
META,2026-08-21,call,2026-01-21T21:40:24.926618+00:00,META260821C00700000,2026-01-21 20:13:29+00:00,700.0,42.0,40.9,41.25,4.1500015,10.878118,132.0,948.0,0.3871673832702636,False,REGULAR,USD
META,2026-08-21,call,2026-01-21T21:40:24.926618+00:00,META260821C00710000,2026-01-21 15:41:51+00:00,710.0,40.03,38.05,38.35,4.459999,12.538653,3.0,614.0,0.38588565780639644,False,REGULAR,USD
META,2026-08-21,call,2026-01-21T21:40:24.926618+00:00,META260821C00720000,2026-01-21 18:52:59+00:00,720.0,34.9,35.35,35.7,2.3600006,7.252614,3.0,284.0,0.3851074673461914,False,REGULAR,USD
META,2026-08-21,call,2026-01-21T21:40:24.926618+00:00,META260821C00730000,2026-01-21 15:03:53+00:00,730.0,30.3,32.85,33.15,-0.5400009,-1.7509757,1.0,289.0,0.38401647483825685,False,REGULAR,USD
META,2026-08-21,call,2026-01-21T21:40:24.926618+00:00,META260821C00740000,2026-01-21 14:55:59+00:00,740.0,27.85,30.5,30.8,-0.29999924,-1.0657166,1.0,305.0,0.3832306550598144,False,REGULAR,USD
META,2026-08-21,call,2026-01-21T21:40:24.926618+00:00,META260821C00750000,2026-01-21 17:24:49+00:00,750.0,28.25,28.3,28.65,2.3999996,9.284331,156.0,604.0,0.3828110425567627,False,REGULAR,USD
META,2026-08-21,call,2026-01-21T21:40:24.926618+00:00,META260821C00760000,2026-01-21 15:39:49+00:00,760.0,25.3,26.3,26.6,1.3499985,5.636737,3.0,278.0,0.38219306777954093,False,REGULAR,USD
META,2026-08-21,call,2026-01-21T21:40:24.926618+00:00,META260821C00770000,2026-01-21 20:28:56+00:00,770.0,25.0,24.4,24.7,1.2000008,5.0420203,9.0,213.0,0.38172005004882803,False,REGULAR,USD
META,2026-08-21,call,2026-01-21T21:40:24.926618+00:00,META260821C00780000,2026-01-21 20:58:02+00:00,780.0,22.7,22.65,22.95,1.9700012,9.503141,6.0,278.0,0.3814606532287597,False,REGULAR,USD
META,2026-08-21,call,2026-01-21T21:40:24.926618+00:00,META260821C00790000,2026-01-21 20:24:46+00:00,790.0,21.8,21.0,21.3,1.9499989,9.823671,2.0,138.0,0.3811097045898437,False,REGULAR,USD
META,2026-08-21,call,2026-01-21T21:40:24.926618+00:00,META260821C00800000,2026-01-21 20:59:27+00:00,800.0,19.7,19.5,19.75,1.6800003,9.322976,33.0,572.0,0.3807129800415039,False,REGULAR,USD
META,2026-08-21,call,2026-01-21T21:40:24.926618+00:00,META260821C00810000,2026-01-20 17:01:14+00:00,810.0,16.6,18.1,18.35,0.0,0.0,2.0,193.0,0.38068246276855466,False,REGULAR,USD
META,2026-08-21,call,2026-01-21T21:40:24.926618+00:00,META260821C00820000,2026-01-21 18:52:59+00:00,820.0,16.6,16.8,17.05,1.1000004,7.0967765,3.0,262.0,0.3807129800415039,False,REGULAR,USD
META,2026-08-21,call,2026-01-21T21:40:24.926618+00:00,META260821C00830000,2026-01-20 16:46:15+00:00,830.0,14.3,15.55,15.85,0.0,0.0,4.0,289.0,0.38085030776977535,False,REGULAR,USD
META,2026-08-21,call,2026-01-21T21:40:24.926618+00:00,META260821C00840000,2026-01-21 20:13:49+00:00,840.0,15.0,14.45,14.7,1.9499998,14.942528,7.0,134.0,0.3807282386779785,False,REGULAR,USD
META,2026-08-21,call,2026-01-21T21:40:24.926618+00:00,META260821C00850000,2026-01-21 14:51:47+00:00,850.0,11.83,13.4,13.65,-0.52000046,-4.21053,2.0,757.0,0.38080453186035157,False,REGULAR,USD
META,2026-08-21,call,2026-01-21T21:40:24.926618+00:00,META260821C00860000,2026-01-16 17:32:16+00:00,860.0,13.65,12.45,12.7,0.0,0.0,28.0,112.0,0.38112496322631834,False,REGULAR,USD
META,2026-08-21,call,2026-01-21T21:40:24.926618+00:00,META260821C00870000,2026-01-21 20:38:27+00:00,870.0,12.02,11.6,11.8,1.1700001,10.78341,41.0,170.0,0.3813233255004882,False,REGULAR,USD
META,2026-08-21,call,2026-01-21T21:40:24.926618+00:00,META260821C00880000,2026-01-15 20:28:21+00:00,880.0,11.5,10.75,11.0,0.0,0.0,13.0,149.0,0.38187263641357416,False,REGULAR,USD
META,2026-08-21,call,2026-01-21T21:40:24.926618+00:00,META260821C00890000,2026-01-20 15:55:39+00:00,890.0,9.32,10.0,10.25,0.0,0.0,3.0,72.0,0.3823914300537109,False,REGULAR,USD
META,2026-08-21,call,2026-01-21T21:40:24.926618+00:00,META260821C00900000,2026-01-21 20:54:50+00:00,900.0,9.5,9.3,9.55,0.8299999,9.57324,42.0,302.0,0.382894965057373,False,REGULAR,USD
META,2026-08-21,call,2026-01-21T21:40:24.926618+00:00,META260821C00910000,2026-01-20 16:50:08+00:00,910.0,7.8,8.65,8.9,0.0,0.0,7.0,166.0,0.38341375869750977,False,REGULAR,USD
META,2026-08-21,call,2026-01-21T21:40:24.926618+00:00,META260821C00920000,2026-01-16 20:19:21+00:00,920.0,8.62,8.05,8.3,0.0,0.0,16.0,137.0,0.38397832824707034,False,REGULAR,USD
META,2026-08-21,call,2026-01-21T21:40:24.926618+00:00,META260821C00930000,2026-01-16 19:56:37+00:00,930.0,8.05,7.5,7.7,0.0,0.0,1.0,59.0,0.3840698800659179,False,REGULAR,USD
META,2026-08-21,call,2026-01-21T21:40:24.926618+00:00,META260821C00940000,2026-01-20 15:38:50+00:00,940.0,6.57,7.0,7.2,0.0,0.0,1.0,53.0,0.3848785877990722,False,REGULAR,USD
META,2026-08-21,call,2026-01-21T21:40:24.926618+00:00,META260821C00950000,2026-01-21 20:09:21+00:00,950.0,6.88,6.5,6.7,1.0300002,17.606842,2.0,231.0,0.3852295364379882,False,REGULAR,USD
META,2026-08-21,call,2026-01-21T21:40:24.926618+00:00,META260821C00960000,2026-01-20 20:48:32+00:00,960.0,5.39,6.1,6.25,0.0,0.0,2.0,793.0,0.3858093646240234,False,REGULAR,USD
META,2026-08-21,call,2026-01-21T21:40:24.926618+00:00,META260821C00970000,2026-01-08 17:46:56+00:00,970.0,8.45,5.7,5.85,0.0,0.0,1.0,53.0,0.38663333099365227,False,REGULAR,USD
META,2026-08-21,call,2026-01-21T21:40:24.926618+00:00,META260821C00980000,2026-01-16 19:07:14+00:00,980.0,5.77,5.3,5.5,0.0,0.0,1.0,54.0,0.3878235046386719,False,REGULAR,USD
META,2026-08-21,call,2026-01-21T21:40:24.926618+00:00,META260821C00990000,2026-01-13 16:48:27+00:00,990.0,6.33,4.95,5.15,0.0,0.0,2.0,36.0,0.38861695373535154,False,REGULAR,USD
META,2026-08-21,call,2026-01-21T21:40:24.926618+00:00,META260821C01000000,2026-01-21 14:33:04+00:00,1000.0,4.7,4.65,4.8,0.2999997,8.1081,4.0,411.0,0.3890441955566406,False,REGULAR,USD
META,2026-08-21,call,2026-01-21T21:40:24.926618+00:00,META260821C01010000,2026-01-12 20:47:07+00:00,1010.0,6.3,4.35,4.5,0.0,0.0,1.0,339.0,0.3898986791992188,False,REGULAR,USD
META,2026-08-21,call,2026-01-21T21:40:24.926618+00:00,META260821C01020000,2026-01-16 15:09:25+00:00,1020.0,4.75,4.05,4.25,0.0,0.0,1.0,43.0,0.3913024737548828,False,REGULAR,USD
META,2026-08-21,call,2026-01-21T21:40:24.926618+00:00,META260821C01030000,2026-01-16 14:46:59+00:00,1030.0,4.35,3.8,4.0,0.0,0.0,12.0,22.0,0.3924010955810546,False,REGULAR,USD
META,2026-08-21,call,2026-01-21T21:40:24.926618+00:00,META260821C01040000,2026-01-16 18:21:45+00:00,1040.0,3.92,3.55,3.75,0.0,0.0,2.0,137.0,0.39313351013183595,False,REGULAR,USD
META,2026-08-21,call,2026-01-21T21:40:24.926618+00:00,META260821C01050000,2026-01-16 20:16:03+00:00,1050.0,3.55,3.35,3.5,0.0,0.0,10.0,65.0,0.393560751953125,False,REGULAR,USD
META,2026-08-21,call,2026-01-21T21:40:24.926618+00:00,META260821C01060000,2026-01-15 19:38:30+00:00,1060.0,3.43,3.15,3.3,0.0,0.0,41.0,51.0,0.39468989105224617,False,REGULAR,USD
META,2026-08-21,call,2026-01-21T21:40:24.926618+00:00,META260821C01070000,2026-01-07 14:39:16+00:00,1070.0,5.1,2.97,3.1,0.0,0.0,1.0,6.0,0.39551385742187506,False,REGULAR,USD
META,2026-08-21,call,2026-01-21T21:40:24.926618+00:00,META260821C01080000,2026-01-20 20:24:18+00:00,1080.0,2.54,2.79,2.92,0.0,0.0,68.0,106.0,0.3965209274291992,False,REGULAR,USD
META,2026-08-21,call,2026-01-21T21:40:24.926618+00:00,META260821C01090000,2025-12-22 17:06:42+00:00,1090.0,6.11,2.63,2.75,0.0,0.0,2.0,11.0,0.397466962890625,False,REGULAR,USD
META,2026-08-21,call,2026-01-21T21:40:24.926618+00:00,META260821C01100000,2026-01-15 16:37:08+00:00,1100.0,2.73,2.47,2.6,0.0,0.0,5.0,99.0,0.3986266192626954,False,REGULAR,USD
META,2026-08-21,call,2026-01-21T21:40:24.926618+00:00,META260821C01110000,2026-01-20 20:22:41+00:00,1110.0,2.1,2.33,2.45,0.0,0.0,1.0,39.0,0.39954213745117195,False,REGULAR,USD
META,2026-08-21,call,2026-01-21T21:40:24.926618+00:00,META260821C01120000,2026-01-07 14:45:01+00:00,1120.0,3.8,2.2,2.32,0.0,0.0,20.0,21.0,0.4007628283691406,False,REGULAR,USD
META,2026-08-21,call,2026-01-21T21:40:24.926618+00:00,META260821C01130000,2026-01-16 17:05:28+00:00,1130.0,2.19,2.08,2.2,0.0,0.0,1.0,88.0,0.40204455383300786,False,REGULAR,USD
META,2026-08-21,call,2026-01-21T21:40:24.926618+00:00,META260821C01140000,2026-01-15 20:02:31+00:00,1140.0,2.1,1.96,2.08,0.0,0.0,1.0,27.0,0.4030821411132813,False,REGULAR,USD
META,2026-08-21,call,2026-01-21T21:40:24.926618+00:00,META260821C01150000,2026-01-20 14:45:51+00:00,1150.0,1.71,1.86,1.97,0.0,0.0,1.0,179.0,0.40418076293945315,False,REGULAR,USD
META,2026-08-21,put,2026-01-21T21:40:24.926618+00:00,META260821P00300000,2026-01-20 18:49:44+00:00,300.0,1.54,1.42,1.53,0.0,0.0,5.0,44.0,0.4810842907714844,False,REGULAR,USD
META,2026-08-21,put,2026-01-21T21:40:24.926618+00:00,META260821P00310000,2026-01-16 17:59:35+00:00,310.0,1.61,1.65,1.75,0.0,0.0,6.0,166.0,0.471684970703125,False,REGULAR,USD
META,2026-08-21,put,2026-01-21T21:40:24.926618+00:00,META260821P00320000,2026-01-21 19:03:45+00:00,320.0,2.15,1.89,2.0,0.32000005,17.48634,23.0,22.0,0.46271289245605474,False,REGULAR,USD
META,2026-08-21,put,2026-01-21T21:40:24.926618+00:00,META260821P00330000,2026-01-21 15:12:38+00:00,330.0,2.34,2.19,2.3,0.25,11.961723,2.0,13.0,0.45465633239746095,False,REGULAR,USD
META,2026-08-21,put,2026-01-21T21:40:24.926618+00:00,META260821P00340000,2026-01-20 14:49:31+00:00,340.0,2.72,2.52,2.64,0.0,0.0,2.0,12.0,0.446843910522461,False,REGULAR,USD
META,2026-08-21,put,2026-01-21T21:40:24.926618+00:00,META260821P00350000,2026-01-08 14:48:42+00:00,350.0,2.92,2.91,3.05,0.0,0.0,2.0,14.0,0.4400080413818359,False,REGULAR,USD
META,2026-08-21,put,2026-01-21T21:40:24.926618+00:00,META260821P00360000,2026-01-09 14:34:03+00:00,360.0,3.15,3.35,3.5,0.0,0.0,2.0,53.0,0.43305010314941406,False,REGULAR,USD
META,2026-08-21,put,2026-01-21T21:40:24.926618+00:00,META260821P00370000,2026-01-02 15:03:02+00:00,370.0,2.97,3.85,4.0,0.0,0.0,1.0,26.0,0.4260921649169922,False,REGULAR,USD
META,2026-08-21,put,2026-01-21T21:40:24.926618+00:00,META260821P00380000,2026-01-14 15:59:36+00:00,380.0,4.6,4.4,4.6,0.0,0.0,6.0,83.0,0.42011077941894537,False,REGULAR,USD
META,2026-08-21,put,2026-01-21T21:40:24.926618+00:00,META260821P00390000,2026-01-21 16:16:09+00:00,390.0,5.3,5.1,5.25,-0.19999981,-3.6363602,1.0,70.0,0.4138242211914062,False,REGULAR,USD
META,2026-08-21,put,2026-01-21T21:40:24.926618+00:00,META260821P00400000,2026-01-20 16:00:00+00:00,400.0,6.07,5.85,6.0,0.0,0.0,10.0,163.0,0.4080564566040039,False,REGULAR,USD
META,2026-08-21,put,2026-01-21T21:40:24.926618+00:00,META260821P00410000,2026-01-02 16:52:43+00:00,410.0,5.75,6.7,6.9,0.0,0.0,2.0,107.0,0.4034178311157227,False,REGULAR,USD
META,2026-08-21,put,2026-01-21T21:40:24.926618+00:00,META260821P00420000,2026-01-21 16:12:45+00:00,420.0,7.7,7.65,7.85,-0.8100004,-9.518219,19.0,112.0,0.3980467910766602,False,REGULAR,USD
META,2026-08-21,put,2026-01-21T21:40:24.926618+00:00,META260821P00430000,2026-01-20 20:20:56+00:00,430.0,9.69,8.75,8.95,0.0,0.0,3.0,845.0,0.39337764831542965,False,REGULAR,USD
META,2026-08-21,put,2026-01-21T21:40:24.926618+00:00,META260821P00440000,2026-01-20 14:49:31+00:00,440.0,10.37,9.95,10.15,0.0,0.0,2.0,185.0,0.3885559191894531,False,REGULAR,USD
META,2026-08-21,put,2026-01-21T21:40:24.926618+00:00,META260821P00450000,2026-01-20 17:35:25+00:00,450.0,11.6,11.3,11.55,0.0,0.0,2.0,274.0,0.3846191909790039,False,REGULAR,USD
META,2026-08-21,put,2026-01-21T21:40:24.926618+00:00,META260821P00460000,2026-01-21 18:05:43+00:00,460.0,13.9,12.85,13.05,2.6099997,23.117802,3.0,246.0,0.3802704795837402,False,REGULAR,USD
META,2026-08-21,put,2026-01-21T21:40:24.926618+00:00,META260821P00470000,2026-01-21 19:22:40+00:00,470.0,15.55,14.5,14.75,2.8900003,22.827806,12.0,314.0,0.37648633773803714,False,REGULAR,USD
META,2026-08-21,put,2026-01-21T21:40:24.926618+00:00,META260821P00480000,2026-01-21 19:22:07+00:00,480.0,17.55,16.35,16.6,1.2299995,7.536762,5.0,239.0,0.3726411613464356,False,REGULAR,USD
META,2026-08-21,put,2026-01-21T21:40:24.926618+00:00,META260821P00490000,2026-01-20 18:13:01+00:00,490.0,19.1,18.4,18.65,0.0,0.0,3.0,683.0,0.369070640411377,False,REGULAR,USD
META,2026-08-21,put,2026-01-21T21:40:24.926618+00:00,META260821P00500000,2026-01-21 18:58:23+00:00,500.0,21.84,20.6,20.9,-0.80999947,-3.5761566,46.0,1802.0,0.36568322311401363,False,REGULAR,USD
META,2026-08-21,put,2026-01-21T21:40:24.926618+00:00,META260821P00510000,2026-01-21 20:37:26+00:00,510.0,22.88,23.05,23.3,-1.1100006,-4.62693,33.0,443.0,0.36200589172363284,False,REGULAR,USD
META,2026-08-21,put,2026-01-21T21:40:24.926618+00:00,META260821P00520000,2026-01-21 20:37:28+00:00,520.0,25.45,25.65,25.95,-2.5999985,-9.269157,15.0,1245.0,0.35874817283630367,False,REGULAR,USD
META,2026-08-21,put,2026-01-21T21:40:24.926618+00:00,META260821P00530000,2026-01-21 19:48:12+00:00,530.0,27.75,28.5,28.85,-3.459999,-11.086187,18.0,593.0,0.3557956266784667,False,REGULAR,USD
META,2026-08-21,put,2026-01-21T21:40:24.926618+00:00,META260821P00540000,2026-01-21 19:48:24+00:00,540.0,30.7,31.6,31.95,-3.5999985,-10.495623,24.0,555.0,0.35272864074707033,False,REGULAR,USD
META,2026-08-21,put,2026-01-21T21:40:24.926618+00:00,META260821P00550000,2026-01-21 15:37:15+00:00,550.0,35.36,34.9,35.25,-2.5900002,-6.8247695,28.0,1395.0,0.3495472150421143,False,REGULAR,USD
META,2026-08-21,put,2026-01-21T21:40:24.926618+00:00,META260821P00560000,2026-01-21 15:37:06+00:00,560.0,39.05,38.45,38.85,-2.5499992,-6.129806,25.0,385.0,0.3468159191131591,False,REGULAR,USD
META,2026-08-21,put,2026-01-21T21:40:24.926618+00:00,META260821P00570000,2026-01-21 16:24:35+00:00,570.0,42.6,42.25,42.65,-3.0,-6.5789475,24.0,330.0,0.3438786315917969,False,REGULAR,USD
META,2026-08-21,put,2026-01-21T21:40:24.926618+00:00,META260821P00580000,2026-01-20 20:47:38+00:00,580.0,49.9,46.3,46.7,0.0,0.0,7.0,1253.0,0.341025266571045,False,REGULAR,USD
META,2026-08-21,put,2026-01-21T21:40:24.926618+00:00,META260821P00590000,2026-01-21 20:14:25+00:00,590.0,49.88,50.6,51.05,-4.529999,-8.325673,8.0,592.0,0.33850759155273435,False,REGULAR,USD
META,2026-08-21,put,2026-01-21T21:40:24.926618+00:00,META260821P00600000,2026-01-21 19:14:06+00:00,600.0,58.0,55.15,55.6,-0.34999847,-0.59982604,165.0,1436.0,0.3357381490325927,False,REGULAR,USD
META,2026-08-21,put,2026-01-21T21:40:24.926618+00:00,META260821P00610000,2026-01-21 19:12:28+00:00,610.0,62.55,59.95,60.45,-0.75,-1.1848341,2.0,420.0,0.3332662499237061,False,REGULAR,USD
META,2026-08-21,put,2026-01-21T21:40:24.926618+00:00,META260821P00620000,2026-01-21 19:13:42+00:00,620.0,68.0,65.05,65.5,1.699997,2.564098,6.0,542.0,0.33054258331298825,True,REGULAR,USD
META,2026-08-21,put,2026-01-21T21:40:24.926618+00:00,META260821P00630000,2026-01-21 17:15:10+00:00,630.0,73.45,70.35,70.85,-0.15000153,-0.20380643,21.0,156.0,0.32811646011352535,True,REGULAR,USD
META,2026-08-21,put,2026-01-21T21:40:24.926618+00:00,META260821P00640000,2026-01-21 15:53:17+00:00,640.0,75.84,75.9,76.4,-2.350006,-3.0055072,12.0,134.0,0.3254461987304687,True,REGULAR,USD
META,2026-08-21,put,2026-01-21T21:40:24.926618+00:00,META260821P00650000,2026-01-21 19:11:01+00:00,650.0,84.81,81.7,82.25,-2.4900055,-2.8522398,16.0,1245.0,0.32308111007690415,True,REGULAR,USD
META,2026-08-21,put,2026-01-21T21:40:24.926618+00:00,META260821P00660000,2026-01-20 20:50:00+00:00,660.0,93.3,87.7,88.3,0.0,0.0,11.0,161.0,0.3205100298309326,True,REGULAR,USD
META,2026-08-21,put,2026-01-21T21:40:24.926618+00:00,META260821P00670000,2026-01-21 18:27:31+00:00,670.0,98.39,94.0,94.6,7.489998,8.239821,1.0,258.0,0.31800761344909667,True,REGULAR,USD
META,2026-08-21,put,2026-01-21T21:40:24.926618+00:00,META260821P00680000,2026-01-21 15:51:59+00:00,680.0,100.43,100.55,101.15,2.7300034,2.7942717,2.0,721.0,0.31560437820434567,True,REGULAR,USD
META,2026-08-21,put,2026-01-21T21:40:24.926618+00:00,META260821P00690000,2026-01-15 14:45:25+00:00,690.0,103.25,107.25,107.9,0.0,0.0,1.0,84.0,0.3130638152313232,True,REGULAR,USD
META,2026-08-21,put,2026-01-21T21:40:24.926618+00:00,META260821P00700000,2026-01-21 16:03:42+00:00,700.0,114.1,114.25,114.9,-2.9000015,-2.4786339,1.0,364.0,0.31069109725952143,True,REGULAR,USD
META,2026-08-21,put,2026-01-21T21:40:24.926618+00:00,META260821P00710000,2026-01-05 18:07:33+00:00,710.0,93.52,120.8,122.7,0.0,0.0,2.0,264.0,0.31188127090454093,True,REGULAR,USD
META,2026-08-21,put,2026-01-21T21:40:24.926618+00:00,META260821P00720000,2026-01-20 17:39:29+00:00,720.0,132.78,128.55,130.2,0.0,0.0,13.0,260.0,0.31013415702819824,True,REGULAR,USD
META,2026-08-21,put,2026-01-21T21:40:24.926618+00:00,META260821P00730000,2026-01-21 16:06:01+00:00,730.0,136.6,136.0,138.3,7.600006,5.8914776,1.0,104.0,0.31105730453491204,True,REGULAR,USD
META,2026-08-21,put,2026-01-21T21:40:24.926618+00:00,META260821P00740000,2026-01-14 16:02:28+00:00,740.0,140.89,143.3,146.1,0.0,0.0,4.0,90.0,0.3089592420196533,True,REGULAR,USD
META,2026-08-21,put,2026-01-21T21:40:24.926618+00:00,META260821P00750000,2026-01-15 20:51:00+00:00,750.0,146.0,151.75,154.1,0.0,0.0,1.0,394.0,0.3070290245056152,True,REGULAR,USD
META,2026-08-21,put,2026-01-21T21:40:24.926618+00:00,META260821P00760000,2026-01-15 19:55:20+00:00,760.0,154.25,159.3,162.25,0.0,0.0,1.0,166.0,0.3049843672180175,True,REGULAR,USD
META,2026-08-21,put,2026-01-21T21:40:24.926618+00:00,META260821P00770000,2026-01-02 14:37:45+00:00,770.0,137.46,166.2,170.65,0.0,0.0,1.0,133.0,0.3036721244812011,True,REGULAR,USD
META,2026-08-21,put,2026-01-21T21:40:24.926618+00:00,META260821P00780000,2025-12-30 16:51:32+00:00,780.0,138.59,176.25,178.9,0.0,0.0,6.0,75.0,0.2999642758178711,True,REGULAR,USD
META,2026-08-21,put,2026-01-21T21:40:24.926618+00:00,META260821P00790000,2026-01-16 17:07:08+00:00,790.0,176.55,185.1,187.8,0.0,0.0,1.0,26.0,0.30051358673095707,True,REGULAR,USD
META,2026-08-21,put,2026-01-21T21:40:24.926618+00:00,META260821P00800000,2026-01-20 19:02:50+00:00,800.0,201.15,193.45,196.6,0.0,0.0,10.0,41.0,0.2992318612670898,True,REGULAR,USD
META,2026-08-21,put,2026-01-21T21:40:24.926618+00:00,META260821P00810000,2025-11-26 16:48:59+00:00,810.0,189.14,164.6,167.95,0.0,0.0,10.0,10.0,1.0000000000000003e-05,True,REGULAR,USD
META,2026-08-21,put,2026-01-21T21:40:24.926618+00:00,META260821P00820000,2025-11-24 15:57:38+00:00,820.0,215.6,173.95,174.05,0.0,0.0,67.0,62.0,1.0000000000000003e-05,True,REGULAR,USD
META,2026-08-21,put,2026-01-21T21:40:24.926618+00:00,META260821P00830000,2025-10-30 16:25:51+00:00,830.0,178.8,195.75,198.1,0.0,0.0,2.0,2.0,1.0000000000000003e-05,True,REGULAR,USD
META,2026-08-21,put,2026-01-21T21:40:24.926618+00:00,META260821P00840000,2026-01-15 16:31:09+00:00,840.0,223.05,229.75,232.95,0.0,0.0,5.0,33.0,0.29537142623901363,True,REGULAR,USD
META,2026-08-21,put,2026-01-21T21:40:24.926618+00:00,META260821P00850000,2026-01-14 20:51:58+00:00,850.0,236.79,239.3,242.3,0.0,0.0,40.0,260.0,0.29502047760009764,True,REGULAR,USD
META,2026-08-21,put,2026-01-21T21:40:24.926618+00:00,META260821P00860000,2026-01-14 20:51:58+00:00,860.0,246.09,248.45,251.7,0.0,0.0,40.0,188.0,0.2944711666870117,True,REGULAR,USD
META,2026-08-21,put,2026-01-21T21:40:24.926618+00:00,META260821P00870000,2025-12-26 16:09:07+00:00,870.0,212.95,257.85,261.2,0.0,0.0,5.0,1.0,0.29453220123291013,True,REGULAR,USD
META,2026-08-21,put,2026-01-21T21:40:24.926618+00:00,META260821P00880000,2025-09-18 16:22:30+00:00,880.0,145.0,187.95,189.45,0.0,0.0,,6.0,1.0000000000000003e-05,True,REGULAR,USD
META,2026-08-21,put,2026-01-21T21:40:24.926618+00:00,META260821P00900000,2025-11-17 20:33:40+00:00,900.0,304.95,241.75,244.85,0.0,0.0,1.0,11.0,1.0000000000000003e-05,True,REGULAR,USD
META,2026-08-21,put,2026-01-21T21:40:24.926618+00:00,META260821P00930000,2025-09-16 13:44:07+00:00,930.0,186.9,227.9,229.35,0.0,0.0,1.0,1.0,1.0000000000000003e-05,True,REGULAR,USD
META,2026-08-21,put,2026-01-21T21:40:24.926618+00:00,META260821P00940000,2026-01-16 15:40:41+00:00,940.0,317.0,323.9,330.0,0.0,0.0,1.0,0.0,0.32044136596679684,True,REGULAR,USD
META,2026-08-21,put,2026-01-21T21:40:24.926618+00:00,META260821P00950000,2025-10-03 19:52:27+00:00,950.0,248.3,328.25,331.8,0.0,0.0,27.0,171.0,1.0000000000000003e-05,True,REGULAR,USD
META,2026-08-21,put,2026-01-21T21:40:24.926618+00:00,META260821P00960000,2026-01-07 15:19:38+00:00,960.0,313.0,343.9,350.0,0.0,0.0,1.0,0.0,0.33264827514648443,True,REGULAR,USD
META,2026-08-21,put,2026-01-21T21:40:24.926618+00:00,META260821P00970000,2026-01-15 18:12:16+00:00,970.0,348.0,353.5,360.9,0.0,0.0,1.0,0.0,0.35584140258789054,True,REGULAR,USD
META,2026-08-21,put,2026-01-21T21:40:24.926618+00:00,META260821P00980000,2025-10-30 16:46:34+00:00,980.0,303.7,329.7,336.85,0.0,0.0,13.0,0.0,1.0000000000000003e-05,True,REGULAR,USD
META,2026-08-21,put,2026-01-21T21:40:24.926618+00:00,META260821P00990000,2025-10-30 17:34:58+00:00,990.0,316.85,339.5,346.85,0.0,0.0,,0.0,1.0000000000000003e-05,True,REGULAR,USD
META,2026-08-21,put,2026-01-21T21:40:24.926618+00:00,META260821P01000000,2026-01-16 18:50:33+00:00,1000.0,374.13,383.9,390.2,0.0,0.0,12.0,0.0,0.3601138208007812,True,REGULAR,USD
META,2026-08-21,put,2026-01-21T21:40:24.926618+00:00,META260821P01010000,2025-10-30 16:36:52+00:00,1010.0,332.55,359.5,366.85,0.0,0.0,5.0,0.0,1.0000000000000003e-05,True,REGULAR,USD
META,2026-08-21,put,2026-01-21T21:40:24.926618+00:00,META260821P01020000,2025-10-30 16:46:34+00:00,1020.0,341.35,369.65,376.8,0.0,0.0,,0.0,1.0000000000000003e-05,True,REGULAR,USD
META,2026-08-21,put,2026-01-21T21:40:24.926618+00:00,META260821P01030000,2025-09-09 17:30:36+00:00,1030.0,272.0,0.0,0.0,0.0,0.0,,10.0,1.0000000000000003e-05,True,REGULAR,USD
META,2026-08-21,put,2026-01-21T21:40:24.926618+00:00,META260821P01040000,2026-01-14 17:35:29+00:00,1040.0,423.94,423.55,430.9,0.0,0.0,1.0,1.0,0.39642937561035163,True,REGULAR,USD
META,2026-08-21,put,2026-01-21T21:40:24.926618+00:00,META260821P01050000,2025-09-02 14:11:21+00:00,1050.0,318.0,328.15,335.2,0.0,0.0,,10.0,1.0000000000000003e-05,True,REGULAR,USD
META,2026-08-21,put,2026-01-21T21:40:24.926618+00:00,META260821P01090000,2025-08-18 13:34:36+00:00,1090.0,326.53,344.65,350.95,0.0,0.0,,0.0,1.0000000000000003e-05,True,REGULAR,USD
META,2027-06-17,call,2026-01-21T21:40:25.045361+00:00,META270617C00005000,2026-01-16 18:25:27+00:00,5.0,618.0,605.0,613.0,0.0,0.0,2.0,584.0,2.2334028540039057,True,REGULAR,USD
META,2027-06-17,call,2026-01-21T21:40:25.045361+00:00,META270617C00015000,2025-11-19 16:16:40+00:00,15.0,573.4,641.25,649.2,0.0,0.0,,1.0,0.0,True,REGULAR,USD
META,2027-06-17,call,2026-01-21T21:40:25.045361+00:00,META270617C00020000,2025-11-25 17:27:29+00:00,20.0,612.05,637.4,645.0,0.0,0.0,1.0,1.0,0.0,True,REGULAR,USD
META,2027-06-17,call,2026-01-21T21:40:25.045361+00:00,META270617C00040000,2025-12-17 16:33:29+00:00,40.0,620.95,571.0,581.0,0.0,0.0,,2.0,1.3065220220947262,True,REGULAR,USD
META,2027-06-17,call,2026-01-21T21:40:25.045361+00:00,META270617C00045000,2025-12-17 16:33:44+00:00,45.0,616.25,566.0,576.0,0.0,0.0,2.0,3.0,1.241703010253906,True,REGULAR,USD
META,2027-06-17,call,2026-01-21T21:40:25.045361+00:00,META270617C00050000,2026-01-16 19:43:30+00:00,50.0,576.4,561.0,571.0,0.0,0.0,2.0,97.0,1.1851847381591798,True,REGULAR,USD
META,2027-06-17,call,2026-01-21T21:40:25.045361+00:00,META270617C00260000,2026-01-20 15:42:13+00:00,260.0,368.6,366.0,373.85,0.0,0.0,1.0,15.0,0.6210670217895509,True,REGULAR,USD
META,2027-06-17,call,2026-01-21T21:40:25.045361+00:00,META270617C00280000,2025-12-04 17:09:50+00:00,280.0,410.0,394.0,401.8,0.0,0.0,1.0,6.0,0.9763033375549317,True,REGULAR,USD
META,2027-06-17,call,2026-01-21T21:40:25.045361+00:00,META270617C00300000,2026-01-05 17:47:56+00:00,300.0,384.0,331.0,338.2,0.0,0.0,2.0,14.0,0.5770000796508788,True,REGULAR,USD
META,2027-06-17,call,2026-01-21T21:40:25.045361+00:00,META270617C00320000,2026-01-12 20:31:26+00:00,320.0,350.0,314.0,320.95,0.0,0.0,6.0,52.0,0.5588423022460938,True,REGULAR,USD
META,2027-06-17,call,2026-01-21T21:40:25.045361+00:00,META270617C00330000,2025-11-17 19:04:20+00:00,330.0,304.29,349.75,357.6,0.0,0.0,,1.0,0.8561873512268066,True,REGULAR,USD
META,2027-06-17,call,2026-01-21T21:40:25.045361+00:00,META270617C00340000,2025-12-30 17:24:08+00:00,340.0,352.49,298.75,303.25,0.0,0.0,1.0,25.0,0.5446365116882323,True,REGULAR,USD
META,2027-06-17,call,2026-01-21T21:40:25.045361+00:00,META270617C00350000,2026-01-16 15:07:02+00:00,350.0,307.0,288.0,298.0,0.0,0.0,2.0,25.0,0.538639867553711,True,REGULAR,USD
META,2027-06-17,call,2026-01-21T21:40:25.045361+00:00,META270617C00360000,2026-01-20 20:14:42+00:00,360.0,275.8,283.1,285.9,0.0,0.0,2.0,10.0,0.5287904177093506,True,REGULAR,USD
META,2027-06-17,call,2026-01-21T21:40:25.045361+00:00,META270617C00370000,2026-01-20 16:29:59+00:00,370.0,273.19,275.05,277.75,0.0,0.0,10.0,67.0,0.5214204962921142,True,REGULAR,USD
META,2027-06-17,call,2026-01-21T21:40:25.045361+00:00,META270617C00380000,2026-01-09 16:00:22+00:00,380.0,303.3,267.0,270.5,0.0,0.0,4.0,9.0,0.5165377326202393,True,REGULAR,USD
META,2027-06-17,call,2026-01-21T21:40:25.045361+00:00,META270617C00390000,2026-01-16 15:08:43+00:00,390.0,273.1,259.2,261.8,0.0,0.0,2.0,21.0,0.5075580250549316,True,REGULAR,USD
META,2027-06-17,call,2026-01-21T21:40:25.045361+00:00,META270617C00400000,2026-01-21 15:33:55+00:00,400.0,250.05,251.45,254.1,2.050003,0.82661414,1.0,81.0,0.5014393118286133,True,REGULAR,USD
META,2027-06-17,call,2026-01-21T21:40:25.045361+00:00,META270617C00410000,2026-01-07 19:09:10+00:00,410.0,280.82,243.9,246.4,0.0,0.0,1.0,9.0,0.5024234938812256,True,REGULAR,USD
META,2027-06-17,call,2026-01-21T21:40:25.045361+00:00,META270617C00420000,2025-12-08 17:16:01+00:00,420.0,296.35,236.2,238.8,0.0,0.0,3.0,7.0,0.49599197860717775,True,REGULAR,USD
META,2027-06-17,call,2026-01-21T21:40:25.045361+00:00,META270617C00430000,2026-01-21 16:21:56+00:00,430.0,231.4,229.05,232.0,3.9299927,1.7276971,1.0,20.0,0.49334460517883316,True,REGULAR,USD
META,2027-06-17,call,2026-01-21T21:40:25.045361+00:00,META270617C00440000,2026-01-16 17:39:20+00:00,440.0,233.1,221.8,224.2,0.0,0.0,1.0,5.0,0.48512782943725585,True,REGULAR,USD
META,2027-06-17,call,2026-01-21T21:40:25.045361+00:00,META270617C00450000,2026-01-16 20:50:05+00:00,450.0,222.0,214.75,217.1,0.0,0.0,1.0,24.0,0.48008485008239743,True,REGULAR,USD
META,2027-06-17,call,2026-01-21T21:40:25.045361+00:00,META270617C00460000,2026-01-08 18:57:29+00:00,460.0,233.7,207.85,210.75,0.0,0.0,1.0,60.0,0.4781775205230713,True,REGULAR,USD
META,2027-06-17,call,2026-01-21T21:40:25.045361+00:00,META270617C00470000,2026-01-20 15:00:00+00:00,470.0,196.65,201.05,203.35,0.0,0.0,5.0,52.0,0.4708762629699707,True,REGULAR,USD
META,2027-06-17,call,2026-01-21T21:40:25.045361+00:00,META270617C00480000,2026-01-21 15:32:04+00:00,480.0,192.0,194.45,196.7,3.0,1.5873016,2.0,20.0,0.46666487930297856,True,REGULAR,USD
META,2027-06-17,call,2026-01-21T21:40:25.045361+00:00,META270617C00490000,2026-01-20 20:18:24+00:00,490.0,181.82,187.9,190.15,0.0,0.0,5.0,51.0,0.4624534956359864,True,REGULAR,USD
META,2027-06-17,call,2026-01-21T21:40:25.045361+00:00,META270617C00500000,2026-01-21 14:42:12+00:00,500.0,173.0,181.65,183.85,-2.7700043,-1.5759255,3.0,261.0,0.45889060401916515,True,REGULAR,USD
META,2027-06-17,call,2026-01-21T21:40:25.045361+00:00,META270617C00520000,2026-01-21 20:10:41+00:00,520.0,173.56,169.35,171.65,9.459991,5.764772,1.0,53.0,0.4520852521514893,True,REGULAR,USD
META,2027-06-17,call,2026-01-21T21:40:25.045361+00:00,META270617C00540000,2026-01-21 19:36:18+00:00,540.0,161.91,157.8,159.65,8.550003,5.5751195,11.0,85.0,0.4443567527770996,True,REGULAR,USD
META,2027-06-17,call,2026-01-21T21:40:25.045361+00:00,META270617C00560000,2026-01-21 20:36:30+00:00,560.0,149.28,146.75,149.05,7.880005,5.572847,10.0,74.0,0.4403437313842773,True,REGULAR,USD
META,2027-06-17,call,2026-01-21T21:40:25.045361+00:00,META270617C00580000,2026-01-21 18:01:33+00:00,580.0,137.5,136.4,138.45,6.5,4.8689137,3.0,186.0,0.4345645228195191,True,REGULAR,USD
META,2027-06-17,call,2026-01-21T21:40:25.045361+00:00,META270617C00600000,2026-01-21 20:23:08+00:00,600.0,129.0,126.75,128.55,7.25,5.9548254,32.0,490.0,0.42968557380676276,True,REGULAR,USD
META,2027-06-17,call,2026-01-21T21:40:25.045361+00:00,META270617C00620000,2026-01-21 20:17:03+00:00,620.0,119.99,117.45,119.35,6.689995,5.9046736,61.0,331.0,0.4256611084365845,False,REGULAR,USD
META,2027-06-17,call,2026-01-21T21:40:25.045361+00:00,META270617C00640000,2026-01-21 18:33:54+00:00,640.0,107.9,109.35,110.25,1.8700027,1.7636544,11.0,451.0,0.4203930641937256,False,REGULAR,USD
META,2027-06-17,call,2026-01-21T21:40:25.045361+00:00,META270617C00660000,2026-01-21 19:58:25+00:00,660.0,104.7,101.25,102.1,8.549995,8.89235,4.0,1192.0,0.4168835778045653,False,REGULAR,USD
META,2027-06-17,call,2026-01-21T21:40:25.045361+00:00,META270617C00680000,2026-01-21 16:40:59+00:00,680.0,93.5,93.7,94.55,4.0,4.4692736,2.0,1062.0,0.4139348463058471,False,REGULAR,USD
META,2027-06-17,call,2026-01-21T21:40:25.045361+00:00,META270617C00700000,2026-01-21 20:44:53+00:00,700.0,88.02,86.65,87.35,5.689995,6.911205,22.0,891.0,0.41071908866882323,False,REGULAR,USD
META,2027-06-17,call,2026-01-21T21:40:25.045361+00:00,META270617C00720000,2026-01-21 20:59:56+00:00,720.0,80.35,80.1,80.8,4.199997,5.515426,1071.0,666.0,0.40831966808319087,False,REGULAR,USD
META,2027-06-17,call,2026-01-21T21:40:25.045361+00:00,META270617C00740000,2026-01-21 20:40:04+00:00,740.0,75.55,74.0,74.7,5.4800034,7.820756,454.0,1060.0,0.40611098045349114,False,REGULAR,USD
META,2027-06-17,call,2026-01-21T21:40:25.045361+00:00,META270617C00760000,2026-01-21 20:51:17+00:00,760.0,69.31,68.35,69.05,4.8099976,7.4573607,9.0,1569.0,0.4041578749847412,False,REGULAR,USD
META,2027-06-17,call,2026-01-21T21:40:25.045361+00:00,META270617C00780000,2026-01-21 20:37:13+00:00,780.0,64.42,63.1,63.85,4.419998,7.3666635,59.0,2438.0,0.40253283020019537,False,REGULAR,USD
META,2027-06-17,call,2026-01-21T21:40:25.045361+00:00,META270617C00800000,2026-01-21 20:37:10+00:00,800.0,59.55,58.25,59.0,4.1100006,7.413421,8.0,586.0,0.4009459320068359,False,REGULAR,USD
META,2027-06-17,call,2026-01-21T21:40:25.045361+00:00,META270617C00820000,2026-01-21 20:36:51+00:00,820.0,55.15,53.8,54.45,2.800003,5.348621,3.0,235.0,0.3992827406311035,False,REGULAR,USD
META,2027-06-17,call,2026-01-21T21:40:25.045361+00:00,META270617C00840000,2026-01-21 20:36:38+00:00,840.0,50.92,49.7,50.4,3.2699966,6.862532,3.0,141.0,0.3983595931243896,False,REGULAR,USD
META,2027-06-17,call,2026-01-21T21:40:25.045361+00:00,META270617C00860000,2026-01-21 20:49:54+00:00,860.0,46.9,45.95,46.6,2.8500023,6.4699264,16.0,305.0,0.3973296351623535,False,REGULAR,USD
META,2027-06-17,call,2026-01-21T21:40:25.045361+00:00,META270617C00880000,2026-01-21 20:35:26+00:00,880.0,43.65,42.5,43.15,3.050003,7.512323,2.0,165.0,0.3966429965209961,False,REGULAR,USD
META,2027-06-17,call,2026-01-21T21:40:25.045361+00:00,META270617C00900000,2026-01-21 20:59:30+00:00,900.0,39.62,39.35,39.95,2.3199997,6.2198386,12.0,520.0,0.3959945044708253,False,REGULAR,USD
META,2027-06-17,call,2026-01-21T21:40:25.045361+00:00,META270617C00920000,2026-01-21 20:35:13+00:00,920.0,37.5,36.45,37.05,2.8499985,8.225103,2.0,128.0,0.3956511851501466,False,REGULAR,USD
META,2027-06-17,call,2026-01-21T21:40:25.045361+00:00,META270617C00940000,2026-01-21 20:35:14+00:00,940.0,34.76,33.8,34.4,2.8599987,8.965513,3.0,210.0,0.39549859878540045,False,REGULAR,USD
META,2027-06-17,call,2026-01-21T21:40:25.045361+00:00,META270617C00960000,2026-01-21 20:34:10+00:00,960.0,32.25,31.35,31.95,2.2999992,7.679463,2.0,109.0,0.39539178833007815,False,REGULAR,USD
META,2027-06-17,call,2026-01-21T21:40:25.045361+00:00,META270617C00980000,2026-01-20 19:23:04+00:00,980.0,27.7,29.15,29.7,0.0,0.0,64.0,84.0,0.39539178833007815,False,REGULAR,USD
META,2027-06-17,call,2026-01-21T21:40:25.045361+00:00,META270617C01000000,2026-01-21 20:06:35+00:00,1000.0,28.2,27.05,27.6,2.4500008,9.514566,32.0,320.0,0.395338383102417,False,REGULAR,USD
META,2027-06-17,call,2026-01-21T21:40:25.045361+00:00,META270617C01020000,2026-01-21 18:56:26+00:00,1020.0,24.85,25.2,25.7,1.1499996,4.852319,38.0,111.0,0.39552148674011234,False,REGULAR,USD
META,2027-06-17,call,2026-01-21T21:40:25.045361+00:00,META270617C01040000,2026-01-21 16:27:46+00:00,1040.0,24.15,23.45,24.0,1.8500004,8.295966,1.0,71.0,0.3960326510620118,False,REGULAR,USD
META,2027-06-17,call,2026-01-21T21:40:25.045361+00:00,META270617C01060000,2026-01-21 20:54:50+00:00,1060.0,22.15,21.85,22.35,1.4499989,7.0048246,5.0,104.0,0.3961547201538086,False,REGULAR,USD
META,2027-06-17,call,2026-01-21T21:40:25.045361+00:00,META270617C01080000,2026-01-21 20:54:44+00:00,1080.0,21.0,20.4,20.85,1.8999996,9.947642,102.0,80.0,0.39645989288330086,False,REGULAR,USD
META,2027-06-17,call,2026-01-21T21:40:25.045361+00:00,META270617C01100000,2026-01-21 20:17:12+00:00,1100.0,19.87,19.0,19.5,2.0,11.191941,23.0,166.0,0.3969939451599121,False,REGULAR,USD
META,2027-06-17,call,2026-01-21T21:40:25.045361+00:00,META270617C01120000,2026-01-20 20:31:05+00:00,1120.0,16.66,17.75,18.25,0.0,0.0,27.0,174.0,0.3975585147094727,False,REGULAR,USD
META,2027-06-17,call,2026-01-21T21:40:25.045361+00:00,META270617C01140000,2026-01-20 18:24:53+00:00,1140.0,15.45,16.6,17.05,0.0,0.0,14.0,73.0,0.3978865753936768,False,REGULAR,USD
META,2027-06-17,call,2026-01-21T21:40:25.045361+00:00,META270617C01160000,2026-01-21 20:05:22+00:00,1160.0,16.32,15.5,15.95,1.7699995,12.164946,2.0,155.0,0.3983061878967285,False,REGULAR,USD
META,2027-06-17,call,2026-01-21T21:40:25.045361+00:00,META270617C01180000,2026-01-21 20:05:15+00:00,1180.0,15.32,14.5,14.95,1.6700001,12.234432,2.0,164.0,0.3988707574462891,False,REGULAR,USD
META,2027-06-17,call,2026-01-21T21:40:25.045361+00:00,META270617C01200000,2026-01-21 20:34:42+00:00,1200.0,14.05,13.55,14.0,1.25,9.765625,3.0,387.0,0.39931325790405275,False,REGULAR,USD
META,2027-06-17,call,2026-01-21T21:40:25.045361+00:00,META270617C01220000,2026-01-21 20:05:03+00:00,1220.0,13.41,12.7,13.1,0.40999985,3.153845,2.0,67.0,0.399618430633545,False,REGULAR,USD
META,2027-06-17,call,2026-01-21T21:40:25.045361+00:00,META270617C01240000,2026-01-21 17:17:45+00:00,1240.0,12.0,11.9,12.3,0.75,6.6666665,1.0,33.0,0.4002135174560547,False,REGULAR,USD
META,2027-06-17,call,2026-01-21T21:40:25.045361+00:00,META270617C01260000,2026-01-21 20:03:32+00:00,1260.0,11.81,11.15,11.55,1.3200006,12.583419,2.0,73.0,0.4007628283691406,False,REGULAR,USD
META,2027-06-17,call,2026-01-21T21:40:25.045361+00:00,META270617C01280000,2026-01-21 20:03:22+00:00,1280.0,11.13,10.45,10.85,1.4300003,14.742271,2.0,48.0,0.40131213928222653,False,REGULAR,USD
META,2027-06-17,call,2026-01-21T21:40:25.045361+00:00,META270617C01300000,2026-01-21 19:51:33+00:00,1300.0,10.5,9.8,10.2,1.1999998,12.903224,1.0,34.0,0.4018614501953125,False,REGULAR,USD
META,2027-06-17,call,2026-01-21T21:40:25.045361+00:00,META270617C01320000,2026-01-21 20:03:05+00:00,1320.0,9.79,9.2,9.6,0.17000008,1.7671525,2.0,49.0,0.40248705429077153,False,REGULAR,USD
META,2027-06-17,call,2026-01-21T21:40:25.045361+00:00,META270617C01340000,2026-01-21 20:02:45+00:00,1340.0,9.21,8.65,9.0,1.1099997,13.703699,2.0,47.0,0.40273119247436523,False,REGULAR,USD
META,2027-06-17,call,2026-01-21T21:40:25.045361+00:00,META270617C01360000,2026-01-21 20:02:39+00:00,1360.0,8.67,8.15,8.5,1.0300002,13.481679,13.0,95.0,0.4035399002075196,False,REGULAR,USD
META,2027-06-17,call,2026-01-21T21:40:25.045361+00:00,META270617C01380000,2026-01-21 20:33:12+00:00,1380.0,7.99,7.65,8.0,0.78999996,10.972222,5.0,73.0,0.404028176574707,False,REGULAR,USD
META,2027-06-17,call,2026-01-21T21:40:25.045361+00:00,META270617C01400000,2026-01-21 20:01:37+00:00,1400.0,7.69,7.2,7.55,0.88999987,13.088233,2.0,256.0,0.4046690393066406,False,REGULAR,USD
META,2027-06-17,call,2026-01-21T21:40:25.045361+00:00,META270617C01420000,2026-01-21 16:26:52+00:00,1420.0,7.3,6.8,7.1,1.0100002,16.057238,9.0,738.0,0.4050199879455566,False,REGULAR,USD
META,2027-06-17,put,2026-01-21T21:40:25.045361+00:00,META270617P00005000,2025-11-25 20:41:58+00:00,5.0,0.06,0.0,0.09,0.0,0.0,3.0,3.0,1.4257841210937499,False,REGULAR,USD
META,2027-06-17,put,2026-01-21T21:40:25.045361+00:00,META270617P00010000,2025-11-06 20:30:01+00:00,10.0,0.1,0.0,0.09,0.0,0.0,,1.0,1.1875040625,False,REGULAR,USD
META,2027-06-17,put,2026-01-21T21:40:25.045361+00:00,META270617P00020000,2026-01-21 14:44:03+00:00,20.0,0.01,0.0,0.12,-0.12,-92.30769,1.0,1.0,0.9941406835937501,False,REGULAR,USD
META,2027-06-17,put,2026-01-21T21:40:25.045361+00:00,META270617P00045000,2025-12-12 18:09:49+00:00,45.0,0.11,0.0,0.16,0.0,0.0,2.0,7.0,0.7656273437500001,False,REGULAR,USD
META,2027-06-17,put,2026-01-21T21:40:25.045361+00:00,META270617P00050000,2025-12-18 14:30:06+00:00,50.0,0.11,0.0,0.17,0.0,0.0,1.0,6.0,0.73633076171875,False,REGULAR,USD
META,2027-06-17,put,2026-01-21T21:40:25.045361+00:00,META270617P00260000,2026-01-21 20:04:22+00:00,260.0,3.84,3.75,4.0,-0.06000018,-1.5384661,1.0,139.0,0.43469803588867195,False,REGULAR,USD
META,2027-06-17,put,2026-01-21T21:40:25.045361+00:00,META270617P00280000,2026-01-14 18:30:59+00:00,280.0,5.1,4.85,5.15,0.0,0.0,2.0,28.0,0.4230099203491211,False,REGULAR,USD
META,2027-06-17,put,2026-01-21T21:40:25.045361+00:00,META270617P00300000,2026-01-21 20:01:33+00:00,300.0,6.38,6.25,6.55,0.3800001,6.3333354,1.0,52.0,0.41226784027099606,False,REGULAR,USD
META,2027-06-17,put,2026-01-21T21:40:25.045361+00:00,META270617P00310000,2026-01-20 19:37:33+00:00,310.0,7.58,7.1,7.4,0.0,0.0,2.0,12.0,0.4078428356933594,False,REGULAR,USD
META,2027-06-17,put,2026-01-21T21:40:25.045361+00:00,META270617P00320000,2025-12-23 19:56:20+00:00,320.0,6.9,8.0,8.3,0.0,0.0,3.0,34.0,0.4031736929321289,False,REGULAR,USD
META,2027-06-17,put,2026-01-21T21:40:25.045361+00:00,META270617P00330000,2026-01-21 19:25:45+00:00,330.0,9.5,9.0,9.3,-0.21000004,-2.1627192,2.0,7.0,0.39885549880981447,False,REGULAR,USD
META,2027-06-17,put,2026-01-21T21:40:25.045361+00:00,META270617P00340000,2026-01-15 16:15:48+00:00,340.0,9.8,10.05,10.4,0.0,0.0,1.0,83.0,0.39481196014404296,False,REGULAR,USD
META,2027-06-17,put,2026-01-21T21:40:25.045361+00:00,META270617P00350000,2025-12-24 16:39:51+00:00,350.0,9.35,11.2,11.55,0.0,0.0,3.0,41.0,0.3904479901123047,False,REGULAR,USD
META,2027-06-17,put,2026-01-21T21:40:25.045361+00:00,META270617P00360000,2026-01-20 15:42:13+00:00,360.0,12.6,12.5,12.85,0.0,0.0,1.0,25.0,0.38672488281249995,False,REGULAR,USD
META,2027-06-17,put,2026-01-21T21:40:25.045361+00:00,META270617P00370000,2026-01-20 20:48:01+00:00,370.0,14.95,13.9,14.25,0.0,0.0,3.0,61.0,0.3830475514221191,False,REGULAR,USD
META,2027-06-17,put,2026-01-21T21:40:25.045361+00:00,META270617P00380000,2026-01-16 20:24:08+00:00,380.0,14.45,15.4,15.75,0.0,0.0,1.0,14.0,0.3794159959411621,False,REGULAR,USD
META,2027-06-17,put,2026-01-21T21:40:25.045361+00:00,META270617P00390000,2025-12-24 17:48:01+00:00,390.0,13.95,17.0,17.4,0.0,0.0,1.0,36.0,0.37616590637207037,False,REGULAR,USD
META,2027-06-17,put,2026-01-21T21:40:25.045361+00:00,META270617P00400000,2026-01-21 15:34:56+00:00,400.0,19.1,18.75,19.2,-0.11999893,-0.6243441,1.0,77.0,0.37319047225952146,False,REGULAR,USD
META,2027-06-17,put,2026-01-21T21:40:25.045361+00:00,META270617P00410000,2026-01-13 18:57:11+00:00,410.0,19.59,20.6,21.05,0.0,0.0,2.0,108.0,0.369772537689209,False,REGULAR,USD
META,2027-06-17,put,2026-01-21T21:40:25.045361+00:00,META270617P00420000,2026-01-20 20:00:40+00:00,420.0,23.9,22.6,23.1,0.0,0.0,2.0,323.0,0.36690391403198247,False,REGULAR,USD
META,2027-06-17,put,2026-01-21T21:40:25.045361+00:00,META270617P00430000,2026-01-20 20:01:22+00:00,430.0,26.17,24.75,25.25,0.0,0.0,2.0,192.0,0.36389796264648444,False,REGULAR,USD
META,2027-06-17,put,2026-01-21T21:40:25.045361+00:00,META270617P00440000,2026-01-21 20:49:30+00:00,440.0,27.3,27.05,27.55,1.7999992,7.0588207,3.0,64.0,0.3610293389892578,False,REGULAR,USD
META,2027-06-17,put,2026-01-21T21:40:25.045361+00:00,META270617P00450000,2026-01-21 20:49:30+00:00,450.0,29.7,29.45,30.0,-1.2999992,-4.193546,2.0,280.0,0.3582751551055908,False,REGULAR,USD
META,2027-06-17,put,2026-01-21T21:40:25.045361+00:00,META270617P00460000,2026-01-21 20:38:59+00:00,460.0,32.29,32.1,32.6,-0.7099991,-2.1515124,2.0,160.0,0.35559726440429684,False,REGULAR,USD
META,2027-06-17,put,2026-01-21T21:40:25.045361+00:00,META270617P00470000,2026-01-20 20:05:25+00:00,470.0,36.8,34.8,35.35,0.0,0.0,5.0,92.0,0.35298803756713865,False,REGULAR,USD
META,2027-06-17,put,2026-01-21T21:40:25.045361+00:00,META270617P00480000,2026-01-21 15:42:28+00:00,480.0,38.05,37.7,38.3,-1.9500008,-4.875002,2.0,300.0,0.3506458368682861,False,REGULAR,USD
META,2027-06-17,put,2026-01-21T21:40:25.045361+00:00,META270617P00490000,2026-01-21 20:21:49+00:00,490.0,40.97,40.7,41.35,-1.7799988,-4.1637397,3.0,250.0,0.348090015258789,False,REGULAR,USD
META,2027-06-17,put,2026-01-21T21:40:25.045361+00:00,META270617P00500000,2026-01-21 20:49:54+00:00,500.0,44.08,43.95,44.6,-2.039997,-4.4232373,16.0,633.0,0.34577833183288564,False,REGULAR,USD
META,2027-06-17,put,2026-01-21T21:40:25.045361+00:00,META270617P00520000,2026-01-21 20:39:08+00:00,520.0,51.04,50.9,51.55,-2.2599983,-4.240147,3.0,437.0,0.3411244477081299,False,REGULAR,USD
META,2027-06-17,put,2026-01-21T21:40:25.045361+00:00,META270617P00540000,2026-01-21 19:04:50+00:00,540.0,60.69,58.4,59.1,1.2999992,2.1889195,5.0,597.0,0.3364171583557129,False,REGULAR,USD
META,2027-06-17,put,2026-01-21T21:40:25.045361+00:00,META270617P00560000,2026-01-21 16:27:16+00:00,560.0,67.63,66.6,67.4,-2.0100021,-2.8862753,7.0,496.0,0.33219051605224614,False,REGULAR,USD
META,2027-06-17,put,2026-01-21T21:40:25.045361+00:00,META270617P00580000,2026-01-21 16:27:16+00:00,580.0,76.63,75.5,76.3,-2.6700058,-3.3669682,4.0,1030.0,0.32783417533874504,False,REGULAR,USD
META,2027-06-17,put,2026-01-21T21:40:25.045361+00:00,META270617P00600000,2026-01-21 16:32:21+00:00,600.0,86.09,85.0,85.9,-2.4100037,-2.723168,1.0,822.0,0.3237067141723632,False,REGULAR,USD
META,2027-06-17,put,2026-01-21T21:40:25.045361+00:00,META270617P00620000,2026-01-21 16:32:21+00:00,620.0,96.36,95.2,96.1,-3.0299988,-3.0485952,51.0,517.0,0.31945718391418454,True,REGULAR,USD
META,2027-06-17,put,2026-01-21T21:40:25.045361+00:00,META270617P00640000,2026-01-21 19:09:48+00:00,640.0,108.99,106.0,106.95,-0.26000214,-0.23798822,10.0,1222.0,0.3152763175201415,True,REGULAR,USD
META,2027-06-17,put,2026-01-21T21:40:25.045361+00:00,META270617P00660000,2026-01-21 15:10:46+00:00,660.0,122.77,117.4,118.45,0.6800003,0.5569664,1.0,506.0,0.3111870029449463,True,REGULAR,USD
META,2027-06-17,put,2026-01-21T21:40:25.045361+00:00,META270617P00680000,2026-01-16 19:21:54+00:00,680.0,123.65,129.45,130.55,0.0,0.0,4.0,183.0,0.30705954177856437,True,REGULAR,USD
META,2027-06-17,put,2026-01-21T21:40:25.045361+00:00,META270617P00700000,2026-01-20 20:23:30+00:00,700.0,147.97,142.05,143.2,0.0,0.0,2.0,207.0,0.3027642356109619,True,REGULAR,USD
META,2027-06-17,put,2026-01-21T21:40:25.045361+00:00,META270617P00720000,2026-01-14 18:47:20+00:00,720.0,154.7,155.25,156.45,0.0,0.0,12.0,329.0,0.2985223346710205,True,REGULAR,USD
META,2027-06-17,put,2026-01-21T21:40:25.045361+00:00,META270617P00740000,2026-01-20 15:39:12+00:00,740.0,171.28,168.95,170.2,0.0,0.0,1.0,127.0,0.29403629554748534,True,REGULAR,USD
META,2027-06-17,put,2026-01-21T21:40:25.045361+00:00,META270617P00760000,2026-01-16 18:05:28+00:00,760.0,175.4,183.2,184.5,0.0,0.0,15.0,381.0,0.2895349977874755,True,REGULAR,USD
META,2027-06-17,put,2026-01-21T21:40:25.045361+00:00,META270617P00780000,2025-12-26 20:47:29+00:00,780.0,168.75,197.95,199.3,0.0,0.0,3.0,116.0,0.28490400161743157,True,REGULAR,USD
META,2027-06-17,put,2026-01-21T21:40:25.045361+00:00,META270617P00800000,2026-01-21 15:35:06+00:00,800.0,215.86,212.9,215.6,0.6199951,0.28804827,1.0,68.0,0.2844080959320068,True,REGULAR,USD
META,2027-06-17,put,2026-01-21T21:40:25.045361+00:00,META270617P00820000,2026-01-21 19:27:39+00:00,820.0,232.45,228.75,231.35,29.09999,14.310297,10.0,24.0,0.2797770997619628,True,REGULAR,USD
META,2027-06-17,put,2026-01-21T21:40:25.045361+00:00,META270617P00840000,2025-12-09 15:13:59+00:00,840.0,220.5,244.9,247.5,0.0,0.0,2.0,50.0,0.27485618949890134,True,REGULAR,USD
META,2027-06-17,put,2026-01-21T21:40:25.045361+00:00,META270617P00860000,2026-01-14 20:19:27+00:00,860.0,259.48,261.55,264.35,0.0,0.0,2.0,51.0,0.27123989265441895,True,REGULAR,USD
META,2027-06-17,put,2026-01-21T21:40:25.045361+00:00,META270617P00880000,2025-12-04 15:05:00+00:00,880.0,246.0,242.65,246.3,0.0,0.0,10.0,12.0,1.0000000000000003e-05,True,REGULAR,USD
META,2027-06-17,put,2026-01-21T21:40:25.045361+00:00,META270617P00900000,2026-01-20 15:33:24+00:00,900.0,298.48,296.1,298.9,0.0,0.0,1.0,74.0,0.26245091804504395,True,REGULAR,USD
META,2027-06-17,put,2026-01-21T21:40:25.045361+00:00,META270617P00920000,2025-12-04 15:04:15+00:00,920.0,278.0,275.45,279.25,0.0,0.0,37.0,48.0,1.0000000000000003e-05,True,REGULAR,USD
META,2027-06-17,put,2026-01-21T21:40:25.045361+00:00,META270617P00940000,2025-12-05 17:53:54+00:00,940.0,288.45,332.0,335.05,0.0,0.0,37.0,35.0,0.2553785400390626,True,REGULAR,USD
META,2027-06-17,put,2026-01-21T21:40:25.045361+00:00,META270617P00960000,2026-01-14 19:53:16+00:00,960.0,347.05,350.4,353.5,0.0,0.0,37.0,42.0,0.25157913955688477,True,REGULAR,USD
META,2027-06-17,put,2026-01-21T21:40:25.045361+00:00,META270617P00980000,2025-11-24 16:12:00+00:00,980.0,372.1,326.85,331.4,0.0,0.0,1.0,4.0,1.0000000000000003e-05,True,REGULAR,USD
META,2027-06-17,put,2026-01-21T21:40:25.045361+00:00,META270617P01000000,2025-11-20 19:58:16+00:00,1000.0,413.4,344.75,349.45,0.0,0.0,5.0,49.0,1.0000000000000003e-05,True,REGULAR,USD
META,2027-06-17,put,2026-01-21T21:40:25.045361+00:00,META270617P01020000,2025-11-24 17:48:56+00:00,1020.0,404.3,363.85,366.3,0.0,0.0,1.0,50.0,1.0000000000000003e-05,True,REGULAR,USD
META,2027-06-17,put,2026-01-21T21:40:25.045361+00:00,META270617P01040000,2025-11-07 19:13:56+00:00,1040.0,428.05,381.85,386.35,0.0,0.0,10.0,9.0,1.0000000000000003e-05,True,REGULAR,USD
META,2027-06-17,put,2026-01-21T21:40:25.045361+00:00,META270617P01060000,2025-11-05 20:15:28+00:00,1060.0,423.85,400.6,405.3,0.0,0.0,1.0,0.0,1.0000000000000003e-05,True,REGULAR,USD
META,2027-06-17,put,2026-01-21T21:40:25.045361+00:00,META270617P01080000,2025-11-05 20:16:04+00:00,1080.0,442.25,419.25,424.45,0.0,0.0,1.0,0.0,1.0000000000000003e-05,True,REGULAR,USD
META,2027-06-17,put,2026-01-21T21:40:25.045361+00:00,META270617P01100000,2025-10-09 19:12:51+00:00,1100.0,377.43,475.0,484.0,0.0,0.0,14.0,8.0,1.0000000000000003e-05,True,REGULAR,USD
META,2027-06-17,put,2026-01-21T21:40:25.045361+00:00,META270617P01120000,2025-10-09 19:18:30+00:00,1120.0,396.07,494.0,503.0,0.0,0.0,6.0,76.0,1.0000000000000003e-05,True,REGULAR,USD
META,2027-06-17,put,2026-01-21T21:40:25.045361+00:00,META270617P01140000,2025-10-23 14:38:25+00:00,1140.0,405.7,499.0,509.0,0.0,0.0,2.0,0.0,1.0000000000000003e-05,True,REGULAR,USD
META,2027-06-17,put,2026-01-21T21:40:25.045361+00:00,META270617P01160000,2025-09-23 14:40:45+00:00,1160.0,397.2,0.0,0.0,0.0,0.0,,10.0,1.0000000000000003e-05,True,REGULAR,USD
META,2027-06-17,put,2026-01-21T21:40:25.045361+00:00,META270617P01180000,2025-07-09 19:05:25+00:00,1180.0,446.49,434.75,442.0,0.0,0.0,,2.0,1.0000000000000003e-05,True,REGULAR,USD
META,2027-06-17,put,2026-01-21T21:40:25.045361+00:00,META270617P01200000,2025-10-03 19:14:07+00:00,1200.0,486.48,573.0,583.0,0.0,0.0,2.0,0.0,1.0000000000000003e-05,True,REGULAR,USD
META,2027-06-17,put,2026-01-21T21:40:25.045361+00:00,META270617P01220000,2025-08-13 17:21:04+00:00,1220.0,437.48,471.75,481.0,0.0,0.0,4.0,0.0,1.0000000000000003e-05,True,REGULAR,USD
META,2027-06-17,put,2026-01-21T21:40:25.045361+00:00,META270617P01240000,2025-08-14 13:36:04+00:00,1240.0,464.53,491.25,501.0,0.0,0.0,15.0,0.0,1.0000000000000003e-05,True,REGULAR,USD
META,2027-06-17,put,2026-01-21T21:40:25.045361+00:00,META270617P01260000,2025-08-13 17:06:12+00:00,1260.0,477.99,511.0,521.0,0.0,0.0,,0.0,1.0000000000000003e-05,True,REGULAR,USD
META,2027-06-17,put,2026-01-21T21:40:25.045361+00:00,META270617P01280000,2025-07-09 19:05:25+00:00,1280.0,544.72,531.0,541.0,0.0,0.0,,0.0,1.0000000000000003e-05,True,REGULAR,USD
META,2027-06-17,put,2026-01-21T21:40:25.045361+00:00,META270617P01300000,2025-10-03 19:14:07+00:00,1300.0,586.18,673.0,683.0,0.0,0.0,2.0,0.0,1.0000000000000003e-05,True,REGULAR,USD
META,2027-06-17,put,2026-01-21T21:40:25.045361+00:00,META270617P01320000,2025-11-21 15:35:34+00:00,1320.0,734.75,657.0,664.95,0.0,0.0,1.0,0.0,1.0000000000000003e-05,True,REGULAR,USD
META,2027-06-17,put,2026-01-21T21:40:25.045361+00:00,META270617P01340000,2025-10-21 15:54:19+00:00,1340.0,608.98,699.0,709.0,0.0,0.0,2.0,0.0,1.0000000000000003e-05,True,REGULAR,USD
META,2027-06-17,put,2026-01-21T21:40:25.045361+00:00,META270617P01360000,2025-08-13 17:06:12+00:00,1360.0,578.01,611.0,621.0,0.0,0.0,2.0,0.0,1.0000000000000003e-05,True,REGULAR,USD
META,2027-06-17,put,2026-01-21T21:40:25.045361+00:00,META270617P01380000,2025-07-30 14:17:47+00:00,1380.0,677.77,631.0,641.0,0.0,0.0,,0.0,1.0000000000000003e-05,True,REGULAR,USD
META,2027-06-17,put,2026-01-21T21:40:25.045361+00:00,META270617P01400000,2025-08-12 16:13:54+00:00,1400.0,611.15,651.0,661.0,0.0,0.0,,0.0,1.0000000000000003e-05,True,REGULAR,USD
META,2027-06-17,put,2026-01-21T21:40:25.045361+00:00,META270617P01420000,2025-11-20 17:20:32+00:00,1420.0,833.25,756.95,764.9,0.0,0.0,,0.0,1.0000000000000003e-05,True,REGULAR,USD
ABNB,2026-09-18,call,2026-01-21T21:40:26.410162+00:00,ABNB260918C00060000,2025-11-07 15:30:57+00:00,60.0,61.15,77.95,80.85,0.0,0.0,4.0,3.0,0.993164130859375,True,REGULAR,USD
ABNB,2026-09-18,call,2026-01-21T21:40:26.410162+00:00,ABNB260918C00070000,2025-11-11 16:11:44+00:00,70.0,55.92,68.5,72.0,0.0,0.0,2.0,6.0,0.881287808227539,True,REGULAR,USD
ABNB,2026-09-18,call,2026-01-21T21:40:26.410162+00:00,ABNB260918C00075000,2025-11-07 16:14:33+00:00,75.0,47.4,63.7,66.4,0.0,0.0,2.0,1.0,0.7994404821777343,True,REGULAR,USD
ABNB,2026-09-18,call,2026-01-21T21:40:26.410162+00:00,ABNB260918C00080000,2025-12-18 15:42:25+00:00,80.0,57.65,54.75,58.35,0.0,0.0,1.0,21.0,0.5568891967773439,True,REGULAR,USD
ABNB,2026-09-18,call,2026-01-21T21:40:26.410162+00:00,ABNB260918C00085000,2026-01-08 18:28:16+00:00,85.0,56.0,51.25,53.85,0.0,0.0,1.0,4.0,0.5567060931396486,True,REGULAR,USD
ABNB,2026-09-18,call,2026-01-21T21:40:26.410162+00:00,ABNB260918C00090000,2025-12-18 17:11:10+00:00,90.0,48.81,46.85,49.35,0.0,0.0,5.0,45.0,0.5289353747558594,True,REGULAR,USD
ABNB,2026-09-18,call,2026-01-21T21:40:26.410162+00:00,ABNB260918C00095000,2025-11-20 18:50:04+00:00,95.0,26.2,45.7,48.35,0.0,0.0,6.0,26.0,0.625125819091797,True,REGULAR,USD
ABNB,2026-09-18,call,2026-01-21T21:40:26.410162+00:00,ABNB260918C00100000,2026-01-08 19:34:19+00:00,100.0,43.6,37.8,41.3,0.0,0.0,1.0,58.0,0.5419967675781252,True,REGULAR,USD
ABNB,2026-09-18,call,2026-01-21T21:40:26.410162+00:00,ABNB260918C00105000,2025-12-31 20:56:23+00:00,105.0,37.3,34.4,36.8,0.0,0.0,2.0,19.0,0.5026294854736328,True,REGULAR,USD
ABNB,2026-09-18,call,2026-01-21T21:40:26.410162+00:00,ABNB260918C00110000,2026-01-14 17:43:51+00:00,110.0,31.3,30.6,32.9,0.0,0.0,1.0,67.0,0.4804739453125,True,REGULAR,USD
ABNB,2026-09-18,call,2026-01-21T21:40:26.410162+00:00,ABNB260918C00115000,2026-01-14 17:45:56+00:00,115.0,27.65,27.05,29.45,0.0,0.0,3.0,62.0,0.46771772521972654,True,REGULAR,USD
ABNB,2026-09-18,call,2026-01-21T21:40:26.410162+00:00,ABNB260918C00120000,2026-01-14 17:43:51+00:00,120.0,24.25,24.05,26.6,0.0,0.0,1.0,302.0,0.46631393066406257,True,REGULAR,USD
ABNB,2026-09-18,call,2026-01-21T21:40:26.410162+00:00,ABNB260918C00125000,2026-01-15 20:06:36+00:00,125.0,21.52,21.2,22.6,0.0,0.0,1.0,276.0,0.431219066772461,True,REGULAR,USD
ABNB,2026-09-18,call,2026-01-21T21:40:26.410162+00:00,ABNB260918C00130000,2026-01-21 17:35:20+00:00,130.0,19.01,18.4,19.75,1.7800007,10.330822,1.0,532.0,0.42090422851562503,True,REGULAR,USD
ABNB,2026-09-18,call,2026-01-21T21:40:26.410162+00:00,ABNB260918C00135000,2026-01-20 19:02:18+00:00,135.0,14.75,15.85,16.8,0.0,0.0,10.0,374.0,0.40360093475341796,False,REGULAR,USD
ABNB,2026-09-18,call,2026-01-21T21:40:26.410162+00:00,ABNB260918C00140000,2026-01-20 19:54:23+00:00,140.0,12.21,13.45,14.85,0.0,0.0,19.0,223.0,0.4048521429443359,False,REGULAR,USD
ABNB,2026-09-18,call,2026-01-21T21:40:26.410162+00:00,ABNB260918C00145000,2026-01-21 19:48:07+00:00,145.0,12.4,11.1,13.6,1.6999998,15.887849,3.0,161.0,0.41748629394531245,False,REGULAR,USD
ABNB,2026-09-18,call,2026-01-21T21:40:26.410162+00:00,ABNB260918C00150000,2026-01-21 16:00:07+00:00,150.0,10.4,9.55,11.0,1.5999994,18.18181,4.0,1203.0,0.3942931665039063,False,REGULAR,USD
ABNB,2026-09-18,call,2026-01-21T21:40:26.410162+00:00,ABNB260918C00155000,2026-01-21 18:51:45+00:00,155.0,8.45,8.0,8.95,0.52,6.5573773,8.0,106.0,0.3789124609375,False,REGULAR,USD
ABNB,2026-09-18,call,2026-01-21T21:40:26.410162+00:00,ABNB260918C00160000,2026-01-21 18:44:39+00:00,160.0,7.1,6.8,8.1,0.7999997,12.698407,4.0,1725.0,0.3884643673706054,False,REGULAR,USD
ABNB,2026-09-18,call,2026-01-21T21:40:26.410162+00:00,ABNB260918C00165000,2026-01-21 18:28:03+00:00,165.0,5.95,5.45,6.3,-0.6500001,-9.848486,11.0,707.0,0.36963520996093746,False,REGULAR,USD
ABNB,2026-09-18,call,2026-01-21T21:40:26.410162+00:00,ABNB260918C00170000,2026-01-20 19:02:11+00:00,170.0,4.35,4.55,5.25,0.0,0.0,7.0,171.0,0.3657900335693359,False,REGULAR,USD
ABNB,2026-09-18,call,2026-01-21T21:40:26.410162+00:00,ABNB260918C00175000,2026-01-21 17:23:29+00:00,175.0,4.2,3.55,4.25,0.5999999,16.666664,2.0,157.0,0.35907623352050777,False,REGULAR,USD
ABNB,2026-09-18,call,2026-01-21T21:40:26.410162+00:00,ABNB260918C00180000,2026-01-21 18:51:45+00:00,180.0,3.35,3.0,3.65,0.40999985,13.945573,5.0,178.0,0.3610293389892578,False,REGULAR,USD
ABNB,2026-09-18,call,2026-01-21T21:40:26.410162+00:00,ABNB260918C00185000,2026-01-21 19:28:35+00:00,185.0,2.6,2.4,3.85,0.2099998,8.786603,1.0,414.0,0.3880066082763671,False,REGULAR,USD
ABNB,2026-09-18,call,2026-01-21T21:40:26.410162+00:00,ABNB260918C00190000,2026-01-20 19:41:36+00:00,190.0,1.92,1.92,2.57,0.0,0.0,2.0,72.0,0.359808648071289,False,REGULAR,USD
ABNB,2026-09-18,call,2026-01-21T21:40:26.410162+00:00,ABNB260918C00195000,2026-01-20 17:51:39+00:00,195.0,2.07,1.7,2.05,0.0,0.0,1.0,22.0,0.35474278076171867,False,REGULAR,USD
ABNB,2026-09-18,call,2026-01-21T21:40:26.410162+00:00,ABNB260918C00200000,2026-01-21 17:29:22+00:00,200.0,1.5,1.36,1.66,0.15999997,11.940295,51.0,53.0,0.3518741571044921,False,REGULAR,USD
ABNB,2026-09-18,call,2026-01-21T21:40:26.410162+00:00,ABNB260918C00210000,2026-01-15 15:17:21+00:00,210.0,1.2,0.89,1.14,0.0,0.0,1.0,37.0,0.35108070800781244,False,REGULAR,USD
ABNB,2026-09-18,put,2026-01-21T21:40:26.410162+00:00,ABNB260918P00060000,2026-01-21 19:29:39+00:00,60.0,0.3,0.0,0.8,0.19000001,172.7273,1.0,132.0,0.5163622583007812,False,REGULAR,USD
ABNB,2026-09-18,put,2026-01-21T21:40:26.410162+00:00,ABNB260918P00065000,2025-11-26 16:13:21+00:00,65.0,0.99,0.21,0.67,0.0,0.0,1.0,45.0,0.51562984375,False,REGULAR,USD
ABNB,2026-09-18,put,2026-01-21T21:40:26.410162+00:00,ABNB260918P00070000,2025-12-15 20:00:29+00:00,70.0,0.7,0.48,0.99,0.0,0.0,1.0,16.0,0.5080615600585938,False,REGULAR,USD
ABNB,2026-09-18,put,2026-01-21T21:40:26.410162+00:00,ABNB260918P00075000,2026-01-15 14:36:59+00:00,75.0,0.75,0.63,1.26,0.0,0.0,1.0,191.0,0.48730981445312505,False,REGULAR,USD
ABNB,2026-09-18,put,2026-01-21T21:40:26.410162+00:00,ABNB260918P00080000,2026-01-16 16:45:14+00:00,80.0,1.2,0.93,1.37,0.0,0.0,3.0,44.0,0.4506890869140625,False,REGULAR,USD
ABNB,2026-09-18,put,2026-01-21T21:40:26.410162+00:00,ABNB260918P00085000,2026-01-21 17:45:48+00:00,85.0,1.56,1.29,2.06,0.19999993,14.705876,23.0,116.0,0.4534966760253906,False,REGULAR,USD
ABNB,2026-09-18,put,2026-01-21T21:40:26.410162+00:00,ABNB260918P00090000,2026-01-12 16:47:49+00:00,90.0,1.6,1.8,2.2,0.0,0.0,10.0,105.0,0.4162656030273437,False,REGULAR,USD
ABNB,2026-09-18,put,2026-01-21T21:40:26.410162+00:00,ABNB260918P00095000,2026-01-14 19:54:23+00:00,95.0,2.8,2.22,3.1,0.0,0.0,2.0,104.0,0.4163876721191406,False,REGULAR,USD
ABNB,2026-09-18,put,2026-01-21T21:40:26.410162+00:00,ABNB260918P00100000,2026-01-20 20:38:38+00:00,100.0,3.6,3.05,3.45,0.0,0.0,5.0,1318.0,0.385626260986328,False,REGULAR,USD
ABNB,2026-09-18,put,2026-01-21T21:40:26.410162+00:00,ABNB260918P00105000,2026-01-20 20:38:25+00:00,105.0,4.65,3.9,4.35,0.0,0.0,1.0,113.0,0.37390762817382805,False,REGULAR,USD
ABNB,2026-09-18,put,2026-01-21T21:40:26.410162+00:00,ABNB260918P00110000,2026-01-21 17:44:54+00:00,110.0,5.15,5.0,6.7,-0.6999998,-11.96581,10.0,415.0,0.4024717956542969,False,REGULAR,USD
ABNB,2026-09-18,put,2026-01-21T21:40:26.410162+00:00,ABNB260918P00115000,2026-01-20 19:02:11+00:00,115.0,7.25,6.3,6.85,0.0,0.0,10.0,141.0,0.35584140258789054,False,REGULAR,USD
ABNB,2026-09-18,put,2026-01-21T21:40:26.410162+00:00,ABNB260918P00120000,2026-01-20 17:34:11+00:00,120.0,8.75,7.8,8.5,0.0,0.0,5.0,314.0,0.34894449890136714,False,REGULAR,USD
ABNB,2026-09-18,put,2026-01-21T21:40:26.410162+00:00,ABNB260918P00125000,2026-01-15 17:13:15+00:00,125.0,10.35,9.45,11.4,0.0,0.0,3.0,229.0,0.36694968994140625,False,REGULAR,USD
ABNB,2026-09-18,put,2026-01-21T21:40:26.410162+00:00,ABNB260918P00130000,2026-01-21 18:39:24+00:00,130.0,12.5,11.45,14.2,-0.47000027,-3.623749,192.0,183.0,0.374456939086914,False,REGULAR,USD
ABNB,2026-09-18,put,2026-01-21T21:40:26.410162+00:00,ABNB260918P00135000,2026-01-12 16:57:53+00:00,135.0,12.6,13.85,14.9,0.0,0.0,29.0,102.0,0.32688051055908207,True,REGULAR,USD
ABNB,2026-09-18,put,2026-01-21T21:40:26.410162+00:00,ABNB260918P00140000,2026-01-07 16:50:01+00:00,140.0,14.9,16.5,18.15,0.0,0.0,12.0,123.0,0.3332281033325196,True,REGULAR,USD
ABNB,2026-09-18,put,2026-01-21T21:40:26.410162+00:00,ABNB260918P00145000,2026-01-16 15:21:59+00:00,145.0,21.7,19.35,21.35,0.0,0.0,1.0,67.0,0.332587240600586,True,REGULAR,USD
ABNB,2026-09-18,put,2026-01-21T21:40:26.410162+00:00,ABNB260918P00150000,2026-01-14 17:57:37+00:00,150.0,24.5,22.55,24.35,0.0,0.0,1.0,216.0,0.32150947052001955,True,REGULAR,USD
ABNB,2026-09-18,put,2026-01-21T21:40:26.410162+00:00,ABNB260918P00155000,2025-10-16 19:25:57+00:00,155.0,37.0,40.6,42.85,0.0,0.0,1.0,7.0,0.6458470474243164,True,REGULAR,USD
ABNB,2026-09-18,put,2026-01-21T21:40:26.410162+00:00,ABNB260918P00160000,2025-10-06 15:28:56+00:00,160.0,41.63,39.8,42.9,0.0,0.0,2.0,28.0,0.5535322967529297,True,REGULAR,USD
ABNB,2026-09-18,put,2026-01-21T21:40:26.410162+00:00,ABNB260918P00170000,2025-06-09 19:55:46+00:00,170.0,38.6,0.0,0.0,0.0,0.0,1.0,0.0,1.0000000000000003e-05,True,REGULAR,USD
ABNB,2026-09-18,put,2026-01-21T21:40:26.410162+00:00,ABNB260918P00175000,2025-07-28 19:40:35+00:00,175.0,38.2,51.7,52.35,0.0,0.0,1.0,6.0,0.5332688275146484,True,REGULAR,USD
ABNB,2026-09-18,put,2026-01-21T21:40:26.410162+00:00,ABNB260918P00180000,2025-06-06 17:39:22+00:00,180.0,45.35,46.25,48.25,0.0,0.0,33.0,33.0,0.2930978894042968,True,REGULAR,USD
ABNB,2027-12-17,call,2026-01-21T21:40:26.591716+00:00,ABNB271217C00060000,2025-11-14 20:01:42+00:00,60.0,70.0,81.5,84.4,0.0,0.0,,1.0,0.7037383142089844,True,REGULAR,USD
ABNB,2027-12-17,call,2026-01-21T21:40:26.591716+00:00,ABNB271217C00065000,2026-01-06 16:40:40+00:00,65.0,78.25,73.0,78.0,0.0,0.0,1.0,3.0,0.5722699023437501,True,REGULAR,USD
ABNB,2027-12-17,call,2026-01-21T21:40:26.591716+00:00,ABNB271217C00070000,2026-01-08 18:28:22+00:00,70.0,74.84,70.0,73.5,0.0,0.0,1.0,20.0,0.5623823059082032,True,REGULAR,USD
ABNB,2027-12-17,call,2026-01-21T21:40:26.591716+00:00,ABNB271217C00075000,2025-12-03 14:38:06+00:00,75.0,55.25,69.5,72.75,0.0,0.0,1.0,16.0,0.6293372027587891,True,REGULAR,USD
ABNB,2027-12-17,call,2026-01-21T21:40:26.591716+00:00,ABNB271217C00080000,2026-01-13 15:51:19+00:00,80.0,67.35,61.5,66.0,0.0,0.0,1.0,93.0,0.5239915765380858,True,REGULAR,USD
ABNB,2027-12-17,call,2026-01-21T21:40:26.591716+00:00,ABNB271217C00085000,2025-10-28 19:18:37+00:00,85.0,56.44,46.7,50.0,0.0,0.0,1.0,34.0,0.24036404174804685,True,REGULAR,USD
ABNB,2027-12-17,call,2026-01-21T21:40:26.591716+00:00,ABNB271217C00090000,2025-12-18 14:31:11+00:00,90.0,56.7,54.0,59.0,0.0,0.0,1.0,56.0,0.550358500366211,True,REGULAR,USD
ABNB,2027-12-17,call,2026-01-21T21:40:26.591716+00:00,ABNB271217C00095000,2025-10-29 16:31:53+00:00,95.0,49.2,40.0,42.5,0.0,0.0,3.0,18.0,0.2657544128417969,True,REGULAR,USD
ABNB,2027-12-17,call,2026-01-21T21:40:26.591716+00:00,ABNB271217C00100000,2026-01-13 16:15:49+00:00,100.0,52.7,47.5,52.0,0.0,0.0,1.0,63.0,0.5190477783203125,True,REGULAR,USD
ABNB,2027-12-17,call,2026-01-21T21:40:26.591716+00:00,ABNB271217C00105000,2026-01-12 14:31:12+00:00,105.0,50.47,44.0,49.0,0.0,0.0,2.0,16.0,0.5107775973510743,True,REGULAR,USD
ABNB,2027-12-17,call,2026-01-21T21:40:26.591716+00:00,ABNB271217C00110000,2025-12-29 19:06:43+00:00,110.0,45.0,41.0,46.0,0.0,0.0,1.0,15.0,0.5010425872802735,True,REGULAR,USD
ABNB,2027-12-17,call,2026-01-21T21:40:26.591716+00:00,ABNB271217C00115000,2025-12-02 15:31:12+00:00,115.0,30.35,41.0,43.8,0.0,0.0,10.0,16.0,0.5027210372924805,True,REGULAR,USD
ABNB,2027-12-17,call,2026-01-21T21:40:26.591716+00:00,ABNB271217C00120000,2026-01-13 18:49:18+00:00,120.0,41.5,36.2,39.4,0.0,0.0,10.0,67.0,0.4686027261352539,True,REGULAR,USD
ABNB,2027-12-17,call,2026-01-21T21:40:26.591716+00:00,ABNB271217C00125000,2026-01-16 16:35:11+00:00,125.0,33.19,33.95,37.25,0.0,0.0,32.0,57.0,0.46820600158691406,True,REGULAR,USD
ABNB,2027-12-17,call,2026-01-21T21:40:26.591716+00:00,ABNB271217C00130000,2026-01-21 16:03:00+00:00,130.0,33.88,31.25,34.0,2.7800007,8.938909,1.0,122.0,0.45017029327392577,True,REGULAR,USD
ABNB,2027-12-17,call,2026-01-21T21:40:26.591716+00:00,ABNB271217C00135000,2026-01-20 18:22:35+00:00,135.0,28.27,29.2,32.3,0.0,0.0,1.0,74.0,0.45322202056884764,False,REGULAR,USD
ABNB,2027-12-17,call,2026-01-21T21:40:26.591716+00:00,ABNB271217C00140000,2026-01-15 16:21:58+00:00,140.0,27.56,26.7,30.05,0.0,0.0,2.0,101.0,0.44693546234130854,False,REGULAR,USD
ABNB,2027-12-17,call,2026-01-21T21:40:26.591716+00:00,ABNB271217C00145000,2026-01-15 14:39:29+00:00,145.0,26.38,24.0,28.5,0.0,0.0,1.0,60.0,0.4489801196289062,False,REGULAR,USD
ABNB,2027-12-17,call,2026-01-21T21:40:26.591716+00:00,ABNB271217C00150000,2026-01-14 16:52:40+00:00,150.0,23.5,22.0,26.5,0.0,0.0,1.0,149.0,0.4434564932250976,False,REGULAR,USD
ABNB,2027-12-17,call,2026-01-21T21:40:26.591716+00:00,ABNB271217C00155000,2026-01-06 20:07:50+00:00,155.0,23.55,20.0,25.0,0.0,0.0,2.0,28.0,0.44351752777099607,False,REGULAR,USD
ABNB,2027-12-17,call,2026-01-21T21:40:26.591716+00:00,ABNB271217C00160000,2026-01-16 16:39:01+00:00,160.0,19.4,19.05,22.1,0.0,0.0,2.0,220.0,0.42331509307861326,False,REGULAR,USD
ABNB,2027-12-17,call,2026-01-21T21:40:26.591716+00:00,ABNB271217C00165000,2026-01-02 14:41:22+00:00,165.0,18.95,16.5,21.5,0.0,0.0,1.0,79.0,0.4332026895141602,False,REGULAR,USD
ABNB,2027-12-17,call,2026-01-21T21:40:26.591716+00:00,ABNB271217C00170000,2025-12-10 19:13:36+00:00,170.0,14.67,16.45,20.0,0.0,0.0,40.0,269.0,0.4297542376708985,False,REGULAR,USD
ABNB,2027-12-17,call,2026-01-21T21:40:26.591716+00:00,ABNB271217C00175000,2026-01-15 14:39:29+00:00,175.0,16.38,13.5,18.5,0.0,0.0,1.0,118.0,0.42517664672851563,False,REGULAR,USD
ABNB,2027-12-17,call,2026-01-21T21:40:26.591716+00:00,ABNB271217C00180000,2026-01-12 17:06:43+00:00,180.0,16.4,12.0,16.95,0.0,0.0,1.0,97.0,0.41879853668212885,False,REGULAR,USD
ABNB,2027-12-17,call,2026-01-21T21:40:26.591716+00:00,ABNB271217C00185000,2026-01-12 16:42:27+00:00,185.0,15.19,11.0,14.9,0.0,0.0,14.0,43.0,0.40418076293945315,False,REGULAR,USD
ABNB,2027-12-17,call,2026-01-21T21:40:26.591716+00:00,ABNB271217C00190000,2026-01-12 16:00:33+00:00,190.0,13.84,10.05,13.3,0.0,0.0,17.0,74.0,0.3945983392333985,False,REGULAR,USD
ABNB,2027-12-17,call,2026-01-21T21:40:26.591716+00:00,ABNB271217C00195000,2025-08-06 14:58:39+00:00,195.0,12.0,8.9,10.0,0.0,0.0,100.0,244.0,0.35764192169189457,False,REGULAR,USD
ABNB,2027-12-17,call,2026-01-21T21:40:26.591716+00:00,ABNB271217C00200000,2026-01-20 19:45:07+00:00,200.0,9.7,9.75,11.05,0.0,0.0,100.0,399.0,0.38577884735107415,False,REGULAR,USD
ABNB,2027-12-17,call,2026-01-21T21:40:26.591716+00:00,ABNB271217C00210000,2026-01-13 20:57:14+00:00,210.0,9.9,8.05,11.0,0.0,0.0,1.0,908.0,0.40750714569091795,False,REGULAR,USD
ABNB,2027-12-17,put,2026-01-21T21:40:26.591716+00:00,ABNB271217P00060000,2026-01-20 14:37:38+00:00,60.0,2.0,1.47,2.15,0.0,0.0,2.0,6.0,0.4317683776855469,False,REGULAR,USD
ABNB,2027-12-17,put,2026-01-21T21:40:26.591716+00:00,ABNB271217P00065000,2026-01-09 14:41:47+00:00,65.0,2.06,0.98,3.8,0.0,0.0,1.0,9.0,0.4650932397460938,False,REGULAR,USD
ABNB,2027-12-17,put,2026-01-21T21:40:26.591716+00:00,ABNB271217P00070000,2026-01-08 20:16:12+00:00,70.0,2.65,0.5,4.85,0.0,0.0,1.0,16.0,0.4619804779052735,False,REGULAR,USD
ABNB,2027-12-17,put,2026-01-21T21:40:26.591716+00:00,ABNB271217P00075000,2026-01-07 16:35:31+00:00,75.0,3.52,1.05,6.0,0.0,0.0,1.0,18.0,0.4574639215087891,False,REGULAR,USD
ABNB,2027-12-17,put,2026-01-21T21:40:26.591716+00:00,ABNB271217P00080000,2026-01-14 17:55:38+00:00,80.0,4.95,2.0,6.95,0.0,0.0,113.0,159.0,0.44421942504882805,False,REGULAR,USD
ABNB,2027-12-17,put,2026-01-21T21:40:26.591716+00:00,ABNB271217P00085000,2026-01-13 20:52:32+00:00,85.0,4.95,3.0,8.0,0.0,0.0,1.0,34.0,0.4317683776855469,False,REGULAR,USD
ABNB,2027-12-17,put,2026-01-21T21:40:26.591716+00:00,ABNB271217P00090000,2026-01-14 17:18:07+00:00,90.0,6.75,6.3,8.65,0.0,0.0,1.0,22.0,0.4088804229736328,False,REGULAR,USD
ABNB,2027-12-17,put,2026-01-21T21:40:26.591716+00:00,ABNB271217P00095000,2026-01-08 20:35:19+00:00,95.0,7.2,6.4,9.8,0.0,0.0,1.0,40.0,0.3961242028808594,False,REGULAR,USD
ABNB,2027-12-17,put,2026-01-21T21:40:26.591716+00:00,ABNB271217P00100000,2026-01-16 19:10:43+00:00,100.0,9.4,7.0,11.0,0.0,0.0,23.0,367.0,0.3828797064208984,False,REGULAR,USD
ABNB,2027-12-17,put,2026-01-21T21:40:26.591716+00:00,ABNB271217P00105000,2026-01-09 14:39:11+00:00,105.0,9.39,8.5,13.5,0.0,0.0,1.0,613.0,0.39111937011718745,False,REGULAR,USD
ABNB,2027-12-17,put,2026-01-21T21:40:26.591716+00:00,ABNB271217P00110000,2026-01-14 16:52:20+00:00,110.0,12.5,10.95,15.0,0.0,0.0,1.0,159.0,0.3789124609375,False,REGULAR,USD
ABNB,2027-12-17,put,2026-01-21T21:40:26.591716+00:00,ABNB271217P00115000,2025-11-25 17:12:18+00:00,115.0,20.3,12.55,14.55,0.0,0.0,6.0,24.0,0.3343877597045898,False,REGULAR,USD
ABNB,2027-12-17,put,2026-01-21T21:40:26.591716+00:00,ABNB271217P00120000,2026-01-14 19:07:38+00:00,120.0,17.3,15.1,17.85,0.0,0.0,73.0,269.0,0.3479374288940429,False,REGULAR,USD
ABNB,2027-12-17,put,2026-01-21T21:40:26.591716+00:00,ABNB271217P00125000,2026-01-12 17:14:34+00:00,125.0,16.83,17.05,19.15,0.0,0.0,2.0,177.0,0.3287115469360351,False,REGULAR,USD
ABNB,2027-12-17,put,2026-01-21T21:40:26.591716+00:00,ABNB271217P00130000,2026-01-15 17:28:22+00:00,130.0,20.97,19.55,21.9,0.0,0.0,8.0,237.0,0.32877258148193356,False,REGULAR,USD
ABNB,2027-12-17,put,2026-01-21T21:40:26.591716+00:00,ABNB271217P00135000,2026-01-20 16:59:03+00:00,135.0,24.06,22.0,25.5,0.0,0.0,6.0,201.0,0.338324487915039,True,REGULAR,USD
ABNB,2027-12-17,put,2026-01-21T21:40:26.591716+00:00,ABNB271217P00140000,2026-01-15 16:21:58+00:00,140.0,25.81,23.5,28.5,0.0,0.0,2.0,121.0,0.3372563833618164,True,REGULAR,USD
ABNB,2027-12-17,put,2026-01-21T21:40:26.591716+00:00,ABNB271217P00145000,2026-01-16 18:59:53+00:00,145.0,29.6,26.0,31.0,0.0,0.0,1.0,23.0,0.32739930419921875,True,REGULAR,USD
ABNB,2027-12-17,put,2026-01-21T21:40:26.591716+00:00,ABNB271217P00150000,2026-01-12 16:57:53+00:00,150.0,29.03,29.0,34.0,0.0,0.0,58.0,104.0,0.3225470578002929,True,REGULAR,USD
ABNB,2027-12-17,put,2026-01-21T21:40:26.591716+00:00,ABNB271217P00155000,2025-05-19 14:36:27+00:00,155.0,36.18,37.0,38.45,0.0,0.0,,3.0,0.33563896789550784,True,REGULAR,USD
ABNB,2027-12-17,put,2026-01-21T21:40:26.591716+00:00,ABNB271217P00160000,2025-06-06 18:29:08+00:00,160.0,37.2,37.45,39.9,0.0,0.0,30.0,30.0,0.30585410949707037,True,REGULAR,USD
ABNB,2027-12-17,put,2026-01-21T21:40:26.591716+00:00,ABNB271217P00165000,2025-10-10 16:05:39+00:00,165.0,51.73,52.7,56.5,0.0,0.0,,1.0,0.48242705078125003,True,REGULAR,USD
ABNB,2027-12-17,put,2026-01-21T21:40:26.591716+00:00,ABNB271217P00190000,2025-08-11 16:16:04+00:00,190.0,70.55,66.8,68.65,0.0,0.0,,1.0,0.37958384094238284,True,REGULAR,USD
PEP,2026-09-18,call,2026-01-21T21:40:27.889337+00:00,PEP260918C00070000,2025-12-04 19:19:22+00:00,70.0,76.85,67.95,71.75,0.0,0.0,10.0,0.0,1.0000000000000003e-05,True,REGULAR,USD
PEP,2026-09-18,call,2026-01-21T21:40:27.889337+00:00,PEP260918C00080000,2025-07-28 15:02:42+00:00,80.0,62.66,60.6,61.7,0.0,0.0,10.0,5.0,1.0000000000000003e-05,True,REGULAR,USD
PEP,2026-09-18,call,2026-01-21T21:40:27.889337+00:00,PEP260918C00085000,2025-07-17 14:03:39+00:00,85.0,60.0,55.95,57.2,0.0,0.0,3.0,2.0,1.0000000000000003e-05,True,REGULAR,USD
PEP,2026-09-18,call,2026-01-21T21:40:27.889337+00:00,PEP260918C00090000,2025-09-18 14:46:15+00:00,90.0,52.12,62.45,66.8,0.0,0.0,1.0,1.0,0.739138350830078,True,REGULAR,USD
PEP,2026-09-18,call,2026-01-21T21:40:27.889337+00:00,PEP260918C00095000,2025-12-12 15:59:18+00:00,95.0,55.4,50.7,54.45,0.0,0.0,1.0,13.0,0.4635063415527344,True,REGULAR,USD
PEP,2026-09-18,call,2026-01-21T21:40:27.889337+00:00,PEP260918C00100000,2025-12-15 15:21:46+00:00,100.0,51.4,45.7,49.55,0.0,0.0,3.0,7.0,0.4259700958251954,True,REGULAR,USD
PEP,2026-09-18,call,2026-01-21T21:40:27.889337+00:00,PEP260918C00105000,2025-10-29 14:34:00+00:00,105.0,41.85,42.8,45.25,0.0,0.0,3.0,25.0,0.4149228430175781,True,REGULAR,USD
PEP,2026-09-18,call,2026-01-21T21:40:27.889337+00:00,PEP260918C00110000,2025-12-11 20:11:47+00:00,110.0,40.98,36.35,39.75,0.0,0.0,1.0,28.0,0.35358312438964834,True,REGULAR,USD
PEP,2026-09-18,call,2026-01-21T21:40:27.889337+00:00,PEP260918C00115000,2025-12-04 15:06:50+00:00,115.0,34.62,25.05,28.7,0.0,0.0,1.0,27.0,1.0000000000000003e-05,True,REGULAR,USD
PEP,2026-09-18,call,2026-01-21T21:40:27.889337+00:00,PEP260918C00120000,2026-01-13 20:41:32+00:00,120.0,25.88,28.0,29.8,0.0,0.0,1.0,191.0,0.27808339111328123,True,REGULAR,USD
PEP,2026-09-18,call,2026-01-21T21:40:27.889337+00:00,PEP260918C00125000,2026-01-15 14:43:17+00:00,125.0,24.2,23.8,25.65,0.0,0.0,1.0,67.0,0.2666699310302735,True,REGULAR,USD
PEP,2026-09-18,call,2026-01-21T21:40:27.889337+00:00,PEP260918C00130000,2026-01-14 19:08:43+00:00,130.0,20.0,20.55,21.75,0.0,0.0,1.0,132.0,0.256843369140625,True,REGULAR,USD
PEP,2026-09-18,call,2026-01-21T21:40:27.889337+00:00,PEP260918C00135000,2026-01-20 15:02:50+00:00,135.0,15.75,16.8,19.15,0.0,0.0,1.0,576.0,0.27225459197998036,True,REGULAR,USD
PEP,2026-09-18,call,2026-01-21T21:40:27.889337+00:00,PEP260918C00140000,2026-01-21 18:16:26+00:00,140.0,13.92,13.0,15.8,0.020000458,0.14388819,5.0,1415.0,0.26148199462890626,True,REGULAR,USD
PEP,2026-09-18,call,2026-01-21T21:40:27.889337+00:00,PEP260918C00145000,2026-01-20 20:56:02+00:00,145.0,12.01,10.55,12.15,0.0,0.0,10.0,415.0,0.23834990173339843,True,REGULAR,USD
PEP,2026-09-18,call,2026-01-21T21:40:27.889337+00:00,PEP260918C00150000,2026-01-21 20:02:01+00:00,150.0,8.4,7.6,11.0,-0.3000002,-3.4482782,4.0,629.0,0.2616040637207031,False,REGULAR,USD
PEP,2026-09-18,call,2026-01-21T21:40:27.889337+00:00,PEP260918C00155000,2026-01-21 19:26:08+00:00,155.0,6.47,5.5,8.0,-0.13000011,-1.9696988,3.0,517.0,0.23892972991943356,False,REGULAR,USD
PEP,2026-09-18,call,2026-01-21T21:40:27.889337+00:00,PEP260918C00160000,2026-01-21 17:31:41+00:00,160.0,4.8,4.5,5.2,-0.25,-4.950495,24.0,1060.0,0.21210504699707028,False,REGULAR,USD
PEP,2026-09-18,call,2026-01-21T21:40:27.889337+00:00,PEP260918C00165000,2026-01-21 20:12:34+00:00,165.0,3.75,3.15,3.85,-0.1500001,-3.8461561,169.0,876.0,0.20948056152343747,False,REGULAR,USD
PEP,2026-09-18,call,2026-01-21T21:40:27.889337+00:00,PEP260918C00170000,2026-01-20 17:02:23+00:00,170.0,2.6,2.42,2.83,0.0,0.0,3.0,730.0,0.20813780151367184,False,REGULAR,USD
PEP,2026-09-18,call,2026-01-21T21:40:27.889337+00:00,PEP260918C00175000,2026-01-20 18:15:01+00:00,175.0,1.99,1.7,2.22,0.24000001,13.714286,34.0,1712.0,0.21265435791015624,False,REGULAR,USD
PEP,2026-09-18,call,2026-01-21T21:40:27.889337+00:00,PEP260918C00180000,2026-01-20 18:13:26+00:00,180.0,1.44,1.28,1.53,0.0,0.0,5.0,276.0,0.2087481469726562,False,REGULAR,USD
PEP,2026-09-18,call,2026-01-21T21:40:27.889337+00:00,PEP260918C00185000,2026-01-16 16:05:40+00:00,185.0,1.24,0.41,1.89,0.0,0.0,20.0,204.0,0.24182887084960938,False,REGULAR,USD
PEP,2026-09-18,call,2026-01-21T21:40:27.889337+00:00,PEP260918C00190000,2026-01-08 20:34:50+00:00,190.0,0.6,0.64,1.28,0.0,0.0,1.0,94.0,0.23438265625,False,REGULAR,USD
PEP,2026-09-18,call,2026-01-21T21:40:27.889337+00:00,PEP260918C00195000,2026-01-21 20:29:50+00:00,195.0,0.69,0.46,1.09,-0.120000005,-14.814815,1.0,30.0,0.24158473266601563,False,REGULAR,USD
PEP,2026-09-18,call,2026-01-21T21:40:27.889337+00:00,PEP260918C00200000,2026-01-06 14:47:16+00:00,200.0,0.38,0.33,0.82,0.0,0.0,1.0,21.0,0.24146266357421875,False,REGULAR,USD
PEP,2026-09-18,call,2026-01-21T21:40:27.889337+00:00,PEP260918C00210000,2025-12-24 17:33:57+00:00,210.0,0.38,0.05,0.78,0.0,0.0,3.0,372.0,0.26709717285156254,False,REGULAR,USD
PEP,2026-09-18,call,2026-01-21T21:40:27.889337+00:00,PEP260918C00220000,2025-11-07 19:49:03+00:00,220.0,0.55,0.0,2.24,0.0,0.0,3.0,150.0,0.37140521179199215,False,REGULAR,USD
PEP,2026-09-18,put,2026-01-21T21:40:27.889337+00:00,PEP260918P00065000,2025-12-31 15:58:29+00:00,65.0,0.1,0.0,0.65,0.0,0.0,10.0,25.0,0.5617719604492188,False,REGULAR,USD
PEP,2026-09-18,put,2026-01-21T21:40:27.889337+00:00,PEP260918P00070000,2025-11-21 14:41:51+00:00,70.0,0.4,0.0,0.85,0.0,0.0,1.0,9.0,0.5432174584960938,False,REGULAR,USD
PEP,2026-09-18,put,2026-01-21T21:40:27.889337+00:00,PEP260918P00075000,2025-10-01 19:58:20+00:00,75.0,0.46,0.0,0.89,0.0,0.0,1.0,8.0,0.5031787963867188,False,REGULAR,USD
PEP,2026-09-18,put,2026-01-21T21:40:27.889337+00:00,PEP260918P00080000,2025-09-29 18:35:53+00:00,80.0,0.71,0.0,2.68,0.0,0.0,2.0,8.0,0.5043994873046875,False,REGULAR,USD
PEP,2026-09-18,put,2026-01-21T21:40:27.889337+00:00,PEP260918P00085000,2025-12-02 15:46:09+00:00,85.0,0.6,0.0,0.74,0.0,0.0,1.0,9.0,0.4056455920410156,False,REGULAR,USD
PEP,2026-09-18,put,2026-01-21T21:40:27.889337+00:00,PEP260918P00090000,2025-11-19 14:30:16+00:00,90.0,0.73,0.3,1.0,0.0,0.0,1.0,19.0,0.3936828210449219,False,REGULAR,USD
PEP,2026-09-18,put,2026-01-21T21:40:27.889337+00:00,PEP260918P00095000,2026-01-09 19:23:09+00:00,95.0,0.71,0.01,1.33,0.0,0.0,1.0,67.0,0.3820862573242187,False,REGULAR,USD
PEP,2026-09-18,put,2026-01-21T21:40:27.889337+00:00,PEP260918P00100000,2025-12-30 15:37:27+00:00,100.0,0.87,0.0,0.86,0.0,0.0,2.0,121.0,0.3112861840820312,False,REGULAR,USD
PEP,2026-09-18,put,2026-01-21T21:40:27.889337+00:00,PEP260918P00105000,2026-01-12 19:03:30+00:00,105.0,1.45,0.03,1.52,0.0,0.0,46.0,508.0,0.32117378051757806,False,REGULAR,USD
PEP,2026-09-18,put,2026-01-21T21:40:27.889337+00:00,PEP260918P00110000,2026-01-16 18:03:29+00:00,110.0,1.24,0.67,1.57,0.0,0.0,1.0,478.0,0.28882547119140617,False,REGULAR,USD
PEP,2026-09-18,put,2026-01-21T21:40:27.889337+00:00,PEP260918P00115000,2026-01-20 20:51:59+00:00,115.0,1.78,1.58,2.14,0.0,0.0,2.0,436.0,0.280158565673828,False,REGULAR,USD
PEP,2026-09-18,put,2026-01-21T21:40:27.889337+00:00,PEP260918P00120000,2026-01-21 17:48:00+00:00,120.0,2.5,1.69,2.37,0.65,35.135136,1.0,416.0,0.2534254345703125,False,REGULAR,USD
PEP,2026-09-18,put,2026-01-21T21:40:27.889337+00:00,PEP260918P00125000,2026-01-21 14:49:44+00:00,125.0,3.32,2.9,3.2,-0.19000006,-5.413107,1.0,1065.0,0.24506370178222658,False,REGULAR,USD
PEP,2026-09-18,put,2026-01-21T21:40:27.889337+00:00,PEP260918P00130000,2026-01-21 20:56:03+00:00,130.0,4.3,4.05,4.3,0.01999998,0.46728924,3.0,1975.0,0.23792265991210934,False,REGULAR,USD
PEP,2026-09-18,put,2026-01-21T21:40:27.889337+00:00,PEP260918P00135000,2026-01-20 20:08:19+00:00,135.0,5.57,4.8,5.7,0.0,0.0,1.0,856.0,0.23151403259277342,False,REGULAR,USD
PEP,2026-09-18,put,2026-01-21T21:40:27.889337+00:00,PEP260918P00140000,2026-01-21 20:51:53+00:00,140.0,7.25,7.25,7.9,-0.099999905,-1.3605429,20.0,3660.0,0.23590851989746092,False,REGULAR,USD
PEP,2026-09-18,put,2026-01-21T21:40:27.889337+00:00,PEP260918P00145000,2026-01-20 20:56:02+00:00,145.0,9.46,9.3,10.4,0.0,0.0,3.0,526.0,0.23834990173339843,False,REGULAR,USD
PEP,2026-09-18,put,2026-01-21T21:40:27.889337+00:00,PEP260918P00150000,2026-01-16 14:31:13+00:00,150.0,11.7,11.65,13.2,0.0,0.0,1.0,281.0,0.23954007537841793,True,REGULAR,USD
PEP,2026-09-18,put,2026-01-21T21:40:27.889337+00:00,PEP260918P00155000,2026-01-09 20:19:57+00:00,155.0,19.6,13.9,16.05,0.0,0.0,2.0,328.0,0.23465731170654297,True,REGULAR,USD
PEP,2026-09-18,put,2026-01-21T21:40:27.889337+00:00,PEP260918P00160000,2025-12-18 20:55:01+00:00,160.0,16.51,17.25,19.35,0.0,0.0,1.0,260.0,0.23249058532714845,True,REGULAR,USD
PEP,2026-09-18,put,2026-01-21T21:40:27.889337+00:00,PEP260918P00165000,2025-12-18 20:55:01+00:00,165.0,19.5,21.0,22.25,0.0,0.0,1.0,4.0,0.21326470336914063,True,REGULAR,USD
PEP,2026-09-18,put,2026-01-21T21:40:27.889337+00:00,PEP260918P00170000,2025-12-09 16:22:02+00:00,170.0,27.45,23.95,26.55,0.0,0.0,2.0,4.0,0.22132126342773437,True,REGULAR,USD
PEP,2026-09-18,put,2026-01-21T21:40:27.889337+00:00,PEP260918P00175000,2025-10-06 17:28:20+00:00,175.0,36.12,33.0,36.75,0.0,0.0,2.0,2.0,0.3753724572753906,True,REGULAR,USD
PEP,2026-09-18,put,2026-01-21T21:40:27.889337+00:00,PEP260918P00180000,2025-12-15 16:14:40+00:00,180.0,31.0,33.0,35.85,0.0,0.0,1.0,107.0,0.24646749633789064,True,REGULAR,USD
PEP,2026-09-18,put,2026-01-21T21:40:27.889337+00:00,PEP260918P00185000,2025-09-10 17:19:48+00:00,185.0,42.9,36.3,38.2,0.0,0.0,,1.0,1.0000000000000003e-05,True,REGULAR,USD
PEP,2026-09-18,put,2026-01-21T21:40:27.889337+00:00,PEP260918P00195000,2025-09-18 14:12:01+00:00,195.0,54.0,41.6,44.2,0.0,0.0,1.0,0.0,1.0000000000000003e-05,True,REGULAR,USD
PEP,2026-09-18,put,2026-01-21T21:40:27.889337+00:00,PEP260918P00220000,2025-09-02 13:31:28+00:00,220.0,64.4,75.75,79.45,0.0,0.0,,0.0,0.5046436254882812,True,REGULAR,USD
PEP,2028-01-21,call,2026-01-21T21:40:28.067767+00:00,PEP280121C00070000,2026-01-16 19:33:08+00:00,70.0,76.5,74.5,79.5,0.0,0.0,2.0,2.0,0.41040628662109374,True,REGULAR,USD
PEP,2028-01-21,call,2026-01-21T21:40:28.067767+00:00,PEP280121C00075000,2025-10-10 13:41:22+00:00,75.0,72.5,68.5,73.0,0.0,0.0,2.0,4.0,0.3104317004394531,True,REGULAR,USD
PEP,2028-01-21,call,2026-01-21T21:40:28.067767+00:00,PEP280121C00080000,2025-12-19 20:31:36+00:00,80.0,69.22,65.0,68.5,0.0,0.0,1.0,2.0,0.30847859497070307,True,REGULAR,USD
PEP,2028-01-21,call,2026-01-21T21:40:28.067767+00:00,PEP280121C00090000,2026-01-06 20:48:15+00:00,90.0,50.55,55.6,59.0,0.0,0.0,3.0,8.0,0.27637442382812494,True,REGULAR,USD
PEP,2028-01-21,call,2026-01-21T21:40:28.067767+00:00,PEP280121C00095000,2026-01-09 17:19:07+00:00,95.0,47.3,51.0,53.6,0.0,0.0,1.0,1.0,0.23853300537109373,True,REGULAR,USD
PEP,2028-01-21,call,2026-01-21T21:40:28.067767+00:00,PEP280121C00100000,2026-01-21 20:42:27+00:00,100.0,50.04,47.6,49.7,1.0400009,2.1224508,11.0,28.0,0.2483595672607422,True,REGULAR,USD
PEP,2028-01-21,call,2026-01-21T21:40:28.067767+00:00,PEP280121C00105000,2026-01-20 18:35:43+00:00,105.0,43.98,42.0,45.45,0.0,0.0,1.0,8.0,0.24268335449218748,True,REGULAR,USD
PEP,2028-01-21,call,2026-01-21T21:40:28.067767+00:00,PEP280121C00110000,2026-01-21 20:26:05+00:00,110.0,40.22,38.55,41.5,-0.0399971,-0.099347,1.0,19.0,0.24054714538574218,True,REGULAR,USD
PEP,2028-01-21,call,2026-01-21T21:40:28.067767+00:00,PEP280121C00115000,2026-01-16 15:05:58+00:00,115.0,36.74,34.5,37.9,0.0,0.0,1.0,10.0,0.24134059448242187,True,REGULAR,USD
PEP,2028-01-21,call,2026-01-21T21:40:28.067767+00:00,PEP280121C00120000,2026-01-15 20:57:28+00:00,120.0,33.45,31.2,34.1,0.0,0.0,10.0,41.0,0.2352371398925781,True,REGULAR,USD
PEP,2028-01-21,call,2026-01-21T21:40:28.067767+00:00,PEP280121C00125000,2026-01-16 16:33:25+00:00,125.0,29.5,27.5,30.55,0.0,0.0,1.0,55.0,0.23050696258544923,True,REGULAR,USD
PEP,2028-01-21,call,2026-01-21T21:40:28.067767+00:00,PEP280121C00130000,2026-01-21 19:37:18+00:00,130.0,26.0,25.5,28.0,0.0,0.0,1.0,223.0,0.23715972808837887,True,REGULAR,USD
PEP,2028-01-21,call,2026-01-21T21:40:28.067767+00:00,PEP280121C00135000,2026-01-20 19:30:46+00:00,135.0,23.04,22.0,25.0,0.0,0.0,1.0,90.0,0.23413851806640623,True,REGULAR,USD
PEP,2028-01-21,call,2026-01-21T21:40:28.067767+00:00,PEP280121C00140000,2026-01-15 15:33:55+00:00,140.0,20.55,19.2,21.95,0.0,0.0,1.0,109.0,0.22797402893066404,True,REGULAR,USD
PEP,2028-01-21,call,2026-01-21T21:40:28.067767+00:00,PEP280121C00145000,2026-01-21 18:01:16+00:00,145.0,17.65,16.45,19.15,-0.07999992,-0.45121223,2.0,182.0,0.2225724716186523,True,REGULAR,USD
PEP,2028-01-21,call,2026-01-21T21:40:28.067767+00:00,PEP280121C00150000,2026-01-20 18:58:49+00:00,150.0,15.41,13.6,17.0,0.0,0.0,17.0,116.0,0.22263350616455074,False,REGULAR,USD
PEP,2028-01-21,call,2026-01-21T21:40:28.067767+00:00,PEP280121C00155000,2026-01-21 18:34:12+00:00,155.0,13.4,12.45,14.6,0.14999962,1.1320726,2.0,99.0,0.21721669021606443,False,REGULAR,USD
PEP,2028-01-21,call,2026-01-21T21:40:28.067767+00:00,PEP280121C00160000,2026-01-21 14:56:30+00:00,160.0,11.2,9.8,12.6,-1.3000002,-10.400002,1.0,145.0,0.2142107388305664,False,REGULAR,USD
PEP,2028-01-21,call,2026-01-21T21:40:28.067767+00:00,PEP280121C00165000,2026-01-21 18:52:23+00:00,165.0,9.73,8.75,10.85,-0.34000015,-3.376367,6.0,52.0,0.21192194335937498,False,REGULAR,USD
PEP,2028-01-21,call,2026-01-21T21:40:28.067767+00:00,PEP280121C00170000,2026-01-21 17:47:44+00:00,170.0,8.55,7.65,9.4,1.6600003,24.092894,7.0,389.0,0.21112849426269528,False,REGULAR,USD
PEP,2028-01-21,call,2026-01-21T21:40:28.067767+00:00,PEP280121C00175000,2026-01-21 14:54:50+00:00,175.0,6.7,6.2,8.2,0.059999943,0.9036136,5.0,79.0,0.2114641842651367,False,REGULAR,USD
PEP,2028-01-21,call,2026-01-21T21:40:28.067767+00:00,PEP280121C00180000,2026-01-21 20:54:10+00:00,180.0,6.0,6.0,7.1,-0.5999999,-9.090908,38.0,336.0,0.21122004608154293,False,REGULAR,USD
PEP,2028-01-21,call,2026-01-21T21:40:28.067767+00:00,PEP280121C00185000,2026-01-21 20:39:26+00:00,185.0,5.35,4.15,6.35,2.35,78.33333,2.0,158.0,0.21411918701171873,False,REGULAR,USD
PEP,2028-01-21,call,2026-01-21T21:40:28.067767+00:00,PEP280121C00190000,2026-01-13 19:30:07+00:00,190.0,4.5,3.4,4.6,0.0,0.0,50.0,78.0,0.19977606872558595,False,REGULAR,USD
PEP,2028-01-21,call,2026-01-21T21:40:28.067767+00:00,PEP280121C00195000,2025-10-09 17:32:32+00:00,195.0,4.86,2.5,7.5,0.0,0.0,1.0,2.0,0.2560041441345215,False,REGULAR,USD
PEP,2028-01-21,call,2026-01-21T21:40:28.067767+00:00,PEP280121C00200000,2026-01-21 16:58:53+00:00,200.0,3.34,2.83,3.5,0.28999996,9.508196,1.0,13.0,0.20282779602050777,False,REGULAR,USD
PEP,2028-01-21,call,2026-01-21T21:40:28.067767+00:00,PEP280121C00210000,2026-01-08 15:38:54+00:00,210.0,1.98,1.82,3.35,0.0,0.0,2.0,25.0,0.21976488250732418,False,REGULAR,USD
PEP,2028-01-21,call,2026-01-21T21:40:28.067767+00:00,PEP280121C00220000,2026-01-09 14:30:02+00:00,220.0,1.38,1.31,2.98,0.0,0.0,1.0,4.0,0.2301712725830078,False,REGULAR,USD
PEP,2028-01-21,call,2026-01-21T21:40:28.067767+00:00,PEP280121C00230000,2026-01-20 20:34:35+00:00,230.0,1.5,0.73,1.97,0.0,0.0,1.0,16.0,0.22217574707031246,False,REGULAR,USD
PEP,2028-01-21,put,2026-01-21T21:40:28.067767+00:00,PEP280121P00070000,2026-01-14 17:44:03+00:00,70.0,0.96,0.0,2.8,0.0,0.0,1.0,6.0,0.41260353027343744,False,REGULAR,USD
PEP,2028-01-21,put,2026-01-21T21:40:28.067767+00:00,PEP280121P00080000,2025-10-23 16:25:08+00:00,80.0,1.9,1.36,2.72,0.0,0.0,1.0,6.0,0.34717449707031245,False,REGULAR,USD
PEP,2028-01-21,put,2026-01-21T21:40:28.067767+00:00,PEP280121P00085000,2026-01-05 15:17:35+00:00,85.0,2.53,1.5,5.0,0.0,0.0,10.0,15.0,0.3869690209960937,False,REGULAR,USD
PEP,2028-01-21,put,2026-01-21T21:40:28.067767+00:00,PEP280121P00090000,2026-01-07 15:38:50+00:00,90.0,2.8,1.88,2.7,0.0,0.0,5.0,49.0,0.2915109912109374,False,REGULAR,USD
PEP,2028-01-21,put,2026-01-21T21:40:28.067767+00:00,PEP280121P00095000,2026-01-07 19:06:28+00:00,95.0,3.75,0.5,3.9,0.0,0.0,1.0,19.0,0.29929289581298824,False,REGULAR,USD
PEP,2028-01-21,put,2026-01-21T21:40:28.067767+00:00,PEP280121P00100000,2026-01-21 15:12:57+00:00,100.0,3.65,1.0,4.4,-0.5699997,-13.507102,1.0,343.0,0.2848582257080078,False,REGULAR,USD
PEP,2028-01-21,put,2026-01-21T21:40:28.067767+00:00,PEP280121P00105000,2026-01-09 15:22:28+00:00,105.0,5.0,3.65,4.7,0.0,0.0,1.0,70.0,0.26532717102050785,False,REGULAR,USD
PEP,2028-01-21,put,2026-01-21T21:40:28.067767+00:00,PEP280121P00110000,2026-01-20 15:28:20+00:00,110.0,7.05,4.5,5.7,0.0,0.0,2.0,33.0,0.25952888916015626,False,REGULAR,USD
PEP,2028-01-21,put,2026-01-21T21:40:28.067767+00:00,PEP280121P00115000,2026-01-16 19:56:38+00:00,115.0,6.23,5.5,7.8,0.0,0.0,1.0,83.0,0.2703014865112304,False,REGULAR,USD
PEP,2028-01-21,put,2026-01-21T21:40:28.067767+00:00,PEP280121P00120000,2026-01-21 15:20:01+00:00,120.0,7.8,6.8,8.5,0.20000029,2.6315827,1.0,169.0,0.25391371093750004,False,REGULAR,USD
PEP,2028-01-21,put,2026-01-21T21:40:28.067767+00:00,PEP280121P00125000,2026-01-15 18:04:08+00:00,125.0,9.15,8.0,10.0,0.0,0.0,1.0,137.0,0.2485426708984375,False,REGULAR,USD
PEP,2028-01-21,put,2026-01-21T21:40:28.067767+00:00,PEP280121P00130000,2026-01-13 19:39:56+00:00,130.0,11.81,9.6,11.65,0.0,0.0,2.0,90.0,0.24292749267578123,False,REGULAR,USD
PEP,2028-01-21,put,2026-01-21T21:40:28.067767+00:00,PEP280121P00135000,2026-01-20 19:30:46+00:00,135.0,12.99,11.5,13.9,0.0,0.0,1.0,78.0,0.24292749267578123,False,REGULAR,USD
PEP,2028-01-21,put,2026-01-21T21:40:28.067767+00:00,PEP280121P00140000,2026-01-21 20:55:37+00:00,140.0,14.1,13.4,15.5,0.10000038,0.7142884,3.0,104.0,0.23200230895996093,False,REGULAR,USD
PEP,2028-01-21,put,2026-01-21T21:40:28.067767+00:00,PEP280121P00145000,2026-01-16 19:56:38+00:00,145.0,16.69,14.5,18.5,0.0,0.0,1.0,99.0,0.23633576171874998,False,REGULAR,USD
PEP,2028-01-21,put,2026-01-21T21:40:28.067767+00:00,PEP280121P00150000,2026-01-14 16:28:01+00:00,150.0,19.67,17.15,20.5,0.0,0.0,10.0,153.0,0.2259141130065918,True,REGULAR,USD
PEP,2028-01-21,put,2026-01-21T21:40:28.067767+00:00,PEP280121P00155000,2025-12-30 15:14:06+00:00,155.0,23.02,19.9,22.45,0.0,0.0,1.0,22.0,0.21263909927368163,True,REGULAR,USD
PEP,2028-01-21,put,2026-01-21T21:40:28.067767+00:00,PEP280121P00160000,2026-01-05 20:05:49+00:00,160.0,28.41,22.65,25.3,0.0,0.0,11.0,10.0,0.20778685287475585,True,REGULAR,USD
PEP,2028-01-21,put,2026-01-21T21:40:28.067767+00:00,PEP280121P00165000,2025-12-08 18:35:09+00:00,165.0,28.95,25.8,28.1,0.0,0.0,2.0,5.0,0.19974555145263673,True,REGULAR,USD
PEP,2028-01-21,put,2026-01-21T21:40:28.067767+00:00,PEP280121P00175000,2025-10-13 15:49:37+00:00,175.0,34.1,35.75,38.75,0.0,0.0,,20.0,0.24173731903076173,True,REGULAR,USD
PEP,2028-01-21,put,2026-01-21T21:40:28.067767+00:00,PEP280121P00190000,2026-01-07 18:46:07+00:00,190.0,54.17,44.35,47.05,0.0,0.0,1.0,2.0,0.18689777954101564,True,REGULAR,USD
PEP,2028-01-21,put,2026-01-21T21:40:28.067767+00:00,PEP280121P00200000,2026-01-20 20:41:03+00:00,200.0,54.31,54.0,56.6,0.0,0.0,2.0,2.0,0.2006000350952148,True,REGULAR,USD
PEP,2028-01-21,put,2026-01-21T21:40:28.067767+00:00,PEP280121P00210000,2025-10-29 14:22:20+00:00,210.0,65.0,61.0,65.5,0.0,0.0,3.0,3.0,0.19693796234130856,True,REGULAR,USD
PEP,2028-01-21,put,2026-01-21T21:40:28.067767+00:00,PEP280121P00220000,2026-01-05 20:41:26+00:00,220.0,80.0,71.5,75.0,0.0,0.0,1.0,1.0,0.20142400146484374,True,REGULAR,USD
PEP,2028-01-21,put,2026-01-21T21:40:28.067767+00:00,PEP280121P00230000,2025-12-12 19:24:45+00:00,230.0,80.24,81.0,86.0,0.0,0.0,,0.0,0.24246973358154295,True,REGULAR,USD
MNST,2026-09-18,call,2026-01-21T21:40:29.560019+00:00,MNST260918C00030000,2025-09-12 19:59:23+00:00,30.0,36.12,38.8,43.5,0.0,0.0,4.0,6.0,1.0000000000000003e-05,True,REGULAR,USD
MNST,2026-09-18,call,2026-01-21T21:40:29.560019+00:00,MNST260918C00035000,2025-10-08 15:32:41+00:00,35.0,35.4,35.2,38.3,0.0,0.0,6.0,14.0,1.0000000000000003e-05,True,REGULAR,USD
MNST,2026-09-18,call,2026-01-21T21:40:29.560019+00:00,MNST260918C00040000,2025-10-20 13:31:53+00:00,40.0,32.7,34.0,38.9,0.0,0.0,1.0,9.0,1.0000000000000003e-05,True,REGULAR,USD
MNST,2026-09-18,call,2026-01-21T21:40:29.560019+00:00,MNST260918C00045000,2025-10-03 18:57:45+00:00,45.0,25.17,25.2,29.0,0.0,0.0,1.0,4.0,1.0000000000000003e-05,True,REGULAR,USD
MNST,2026-09-18,call,2026-01-21T21:40:29.560019+00:00,MNST260918C00050000,2025-10-08 15:32:41+00:00,50.0,21.9,20.6,24.7,0.0,0.0,4.0,12.0,1.0000000000000003e-05,True,REGULAR,USD
MNST,2026-09-18,call,2026-01-21T21:40:29.560019+00:00,MNST260918C00052500,2025-10-08 15:32:41+00:00,52.5,19.8,18.5,22.5,0.0,0.0,4.0,79.0,1.0000000000000003e-05,True,REGULAR,USD
MNST,2026-09-18,call,2026-01-21T21:40:29.560019+00:00,MNST260918C00055000,2025-09-15 18:49:50+00:00,55.0,14.3,15.0,20.0,0.0,0.0,5.0,63.0,1.0000000000000003e-05,True,REGULAR,USD
MNST,2026-09-18,call,2026-01-21T21:40:29.560019+00:00,MNST260918C00057500,2025-09-29 19:23:30+00:00,57.5,14.3,11.7,16.4,0.0,0.0,1.0,48.0,1.0000000000000003e-05,True,REGULAR,USD
MNST,2026-09-18,call,2026-01-21T21:40:29.560019+00:00,MNST260918C00060000,2025-12-22 20:31:46+00:00,60.0,20.48,22.2,26.4,0.0,0.0,3.0,113.0,0.5671430004882813,True,REGULAR,USD
MNST,2026-09-18,call,2026-01-21T21:40:29.560019+00:00,MNST260918C00062500,2026-01-20 20:24:22+00:00,62.5,22.0,20.3,22.7,0.0,0.0,1.0,37.0,0.4545952978515625,True,REGULAR,USD
MNST,2026-09-18,call,2026-01-21T21:40:29.560019+00:00,MNST260918C00065000,2026-01-13 17:37:53+00:00,65.0,17.3,18.4,22.0,0.0,0.0,1.0,192.0,0.5065967309570312,True,REGULAR,USD
MNST,2026-09-18,call,2026-01-21T21:40:29.560019+00:00,MNST260918C00067500,2025-12-26 16:08:39+00:00,67.5,14.43,16.5,18.5,0.0,0.0,1.0,95.0,0.41235939208984373,True,REGULAR,USD
MNST,2026-09-18,call,2026-01-21T21:40:29.560019+00:00,MNST260918C00070000,2026-01-20 16:50:01+00:00,70.0,15.0,14.5,16.6,0.0,0.0,1.0,133.0,0.39789420471191406,True,REGULAR,USD
MNST,2026-09-18,call,2026-01-21T21:40:29.560019+00:00,MNST260918C00072500,2026-01-20 17:14:42+00:00,72.5,13.5,12.8,14.6,0.0,0.0,6.0,75.0,0.37628797546386716,True,REGULAR,USD
MNST,2026-09-18,call,2026-01-21T21:40:29.560019+00:00,MNST260918C00075000,2025-12-22 16:33:45+00:00,75.0,9.4,10.2,14.5,0.0,0.0,8.0,88.0,0.4310969976806641,True,REGULAR,USD
MNST,2026-09-18,call,2026-01-21T21:40:29.560019+00:00,MNST260918C00077500,2026-01-14 14:30:06+00:00,77.5,8.53,9.6,11.2,0.0,0.0,1.0,19.0,0.3502262243652343,True,REGULAR,USD
MNST,2026-09-18,call,2026-01-21T21:40:29.560019+00:00,MNST260918C00080000,2026-01-16 18:49:50+00:00,80.0,6.96,7.7,9.3,0.0,0.0,2.0,15.0,0.3244696459960937,True,REGULAR,USD
MNST,2026-09-18,call,2026-01-21T21:40:29.560019+00:00,MNST260918C00085000,2026-01-20 17:16:59+00:00,85.0,5.7,5.8,7.0,0.0,0.0,3.0,29.0,0.31909860595703116,False,REGULAR,USD
MNST,2026-09-18,call,2026-01-21T21:40:29.560019+00:00,MNST260918C00090000,2026-01-21 18:52:12+00:00,90.0,4.4,2.65,6.5,-0.01999998,-0.45248824,6.0,65.0,0.3665834826660156,False,REGULAR,USD
MNST,2026-09-18,call,2026-01-21T21:40:29.560019+00:00,MNST260918C00095000,2026-01-20 20:59:03+00:00,95.0,3.1,2.55,3.4,0.0,0.0,10.0,20.0,0.2970041003417968,False,REGULAR,USD
MNST,2026-09-18,call,2026-01-21T21:40:29.560019+00:00,MNST260918C00100000,2026-01-20 20:59:04+00:00,100.0,2.0,0.55,2.25,0.0,0.0,4.0,315.0,0.2885813330078124,False,REGULAR,USD
MNST,2026-09-18,call,2026-01-21T21:40:29.560019+00:00,MNST260918C00110000,2026-01-20 16:19:42+00:00,110.0,0.5,0.55,1.1,0.0,0.0,1.0,8.0,0.29114478393554677,False,REGULAR,USD
MNST,2026-09-18,put,2026-01-21T21:40:29.560019+00:00,MNST260918P00030000,2025-08-22 13:30:02+00:00,30.0,0.3,0.0,1.5,0.0,0.0,5.0,5.0,0.7827170166015626,False,REGULAR,USD
MNST,2026-09-18,put,2026-01-21T21:40:29.560019+00:00,MNST260918P00035000,2025-10-27 14:51:32+00:00,35.0,0.35,0.0,0.55,0.0,0.0,2.0,78.0,0.5542036767578126,False,REGULAR,USD
MNST,2026-09-18,put,2026-01-21T21:40:29.560019+00:00,MNST260918P00040000,2025-11-25 20:50:12+00:00,40.0,0.35,0.0,0.45,0.0,0.0,1.0,4.0,0.5205126074218749,False,REGULAR,USD
MNST,2026-09-18,put,2026-01-21T21:40:29.560019+00:00,MNST260918P00045000,2025-12-01 15:49:10+00:00,45.0,0.5,0.05,0.8,0.0,0.0,1.0,129.0,0.5046436254882812,False,REGULAR,USD
MNST,2026-09-18,put,2026-01-21T21:40:29.560019+00:00,MNST260918P00050000,2026-01-20 20:51:33+00:00,50.0,0.46,0.3,0.85,0.0,0.0,1.0,24.0,0.43579665771484377,False,REGULAR,USD
MNST,2026-09-18,put,2026-01-21T21:40:29.560019+00:00,MNST260918P00052500,2025-12-03 15:03:47+00:00,52.5,0.9,0.45,1.25,0.0,0.0,2.0,7.0,0.44385321777343745,False,REGULAR,USD
MNST,2026-09-18,put,2026-01-21T21:40:29.560019+00:00,MNST260918P00055000,2025-09-16 14:40:58+00:00,55.0,2.32,0.5,2.2,0.0,0.0,1.0,70.0,0.4875539526367188,False,REGULAR,USD
MNST,2026-09-18,put,2026-01-21T21:40:29.560019+00:00,MNST260918P00057500,2026-01-06 17:51:55+00:00,57.5,1.32,0.05,3.0,0.0,0.0,4.0,23.0,0.5026905200195313,False,REGULAR,USD
MNST,2026-09-18,put,2026-01-21T21:40:29.560019+00:00,MNST260918P00060000,2025-12-31 18:54:21+00:00,60.0,1.45,0.0,3.2,0.0,0.0,3.0,165.0,0.4731497998046875,False,REGULAR,USD
MNST,2026-09-18,put,2026-01-21T21:40:29.560019+00:00,MNST260918P00062500,2026-01-16 18:53:27+00:00,62.5,1.72,0.15,3.5,0.0,0.0,2.0,292.0,0.4491632232666015,False,REGULAR,USD
MNST,2026-09-18,put,2026-01-21T21:40:29.560019+00:00,MNST260918P00065000,2026-01-20 18:45:08+00:00,65.0,1.88,0.5,2.25,0.0,0.0,12.0,54.0,0.3365544860839844,False,REGULAR,USD
MNST,2026-09-18,put,2026-01-21T21:40:29.560019+00:00,MNST260918P00067500,2026-01-21 20:40:06+00:00,67.5,2.2,0.35,2.95,-0.18000007,-7.563028,5.0,623.0,0.3384465570068359,False,REGULAR,USD
MNST,2026-09-18,put,2026-01-21T21:40:29.560019+00:00,MNST260918P00070000,2025-12-12 14:43:09+00:00,70.0,4.47,2.1,3.3,0.0,0.0,1.0,60.0,0.317389638671875,False,REGULAR,USD
MNST,2026-09-18,put,2026-01-21T21:40:29.560019+00:00,MNST260918P00072500,2025-12-03 16:49:40+00:00,72.5,5.0,3.7,5.6,0.0,0.0,3.0,19.0,0.38086556640624997,False,REGULAR,USD
MNST,2026-09-18,put,2026-01-21T21:40:29.560019+00:00,MNST260918P00075000,2025-12-02 14:58:55+00:00,75.0,6.1,5.4,6.1,0.0,0.0,1.0,2.0,0.35681795532226557,False,REGULAR,USD
MNST,2026-09-18,put,2026-01-21T21:40:29.560019+00:00,MNST260918P00077500,2026-01-14 19:46:04+00:00,77.5,5.8,4.5,5.2,0.0,0.0,1.0,7.0,0.2745433874511719,False,REGULAR,USD
MNST,2026-09-18,put,2026-01-21T21:40:29.560019+00:00,MNST260918P00080000,2026-01-21 20:33:35+00:00,80.0,5.9,4.2,7.1,0.119999886,2.0761225,5.0,109.0,0.30152065673828127,False,REGULAR,USD
MNST,2026-09-18,put,2026-01-21T21:40:29.560019+00:00,MNST260918P00085000,2026-01-06 17:42:48+00:00,85.0,11.36,6.2,10.3,0.0,0.0,,3.0,0.3154975677490234,True,REGULAR,USD
MNST,2026-09-18,put,2026-01-21T21:40:29.560019+00:00,MNST260918P00090000,2025-09-12 13:31:38+00:00,90.0,26.1,18.5,23.0,0.0,0.0,,0.0,0.5888102642822266,True,REGULAR,USD
MNST,2026-09-18,put,2026-01-21T21:40:29.560019+00:00,MNST260918P00095000,2026-01-09 17:23:41+00:00,95.0,17.9,12.6,15.1,0.0,0.0,,1.0,0.21900195068359374,True,REGULAR,USD
MNST,2026-09-18,put,2026-01-21T21:40:29.560019+00:00,MNST260918P00100000,2025-11-07 14:30:32+00:00,100.0,29.7,22.3,26.4,0.0,0.0,1.0,0.0,0.5324753784179688,True,REGULAR,USD
MNST,2028-01-21,call,2026-01-21T21:40:29.640598+00:00,MNST280121C00035000,2025-12-31 17:02:59+00:00,35.0,45.6,47.5,52.5,0.0,0.0,3.0,4.0,0.5881388842773438,True,REGULAR,USD
MNST,2028-01-21,call,2026-01-21T21:40:29.640598+00:00,MNST280121C00045000,2025-12-22 18:51:51+00:00,45.0,37.15,39.0,44.0,0.0,0.0,,2.0,0.512272943725586,True,REGULAR,USD
MNST,2028-01-21,call,2026-01-21T21:40:29.640598+00:00,MNST280121C00050000,2026-01-20 15:25:52+00:00,50.0,34.8,35.0,38.1,0.0,0.0,1.0,2.0,0.5065967309570312,True,REGULAR,USD
MNST,2028-01-21,call,2026-01-21T21:40:29.640598+00:00,MNST280121C00057500,2025-12-19 17:03:44+00:00,57.5,26.2,29.0,34.0,0.0,0.0,1.0,1.0,0.5164232928466796,True,REGULAR,USD
MNST,2028-01-21,call,2026-01-21T21:40:29.640598+00:00,MNST280121C00060000,2025-12-16 14:56:30+00:00,60.0,23.6,27.0,32.0,0.0,0.0,1.0,13.0,0.49670913452148446,True,REGULAR,USD
MNST,2028-01-21,call,2026-01-21T21:40:29.640598+00:00,MNST280121C00062500,2025-12-22 14:30:01+00:00,62.5,23.2,25.0,30.0,0.0,0.0,1.0,2.0,0.4770254934692383,True,REGULAR,USD
MNST,2028-01-21,call,2026-01-21T21:40:29.640598+00:00,MNST280121C00065000,2025-12-15 17:01:25+00:00,65.0,19.86,23.5,28.5,0.0,0.0,1.0,9.0,0.470983073425293,True,REGULAR,USD
MNST,2028-01-21,call,2026-01-21T21:40:29.640598+00:00,MNST280121C00067500,2025-11-19 19:31:19+00:00,67.5,17.3,18.5,19.5,0.0,0.0,19.0,21.0,0.2645947564697265,True,REGULAR,USD
MNST,2028-01-21,call,2026-01-21T21:40:29.640598+00:00,MNST280121C00070000,2026-01-16 14:33:15+00:00,70.0,20.2,20.0,25.0,0.0,0.0,41.0,198.0,0.44312080322265623,True,REGULAR,USD
MNST,2028-01-21,call,2026-01-21T21:40:29.640598+00:00,MNST280121C00072500,2026-01-16 15:52:52+00:00,72.5,18.41,18.5,23.5,0.0,0.0,17.0,41.0,0.4346064840698243,True,REGULAR,USD
MNST,2028-01-21,call,2026-01-21T21:40:29.640598+00:00,MNST280121C00075000,2026-01-13 14:57:52+00:00,75.0,16.49,17.0,22.0,0.0,0.0,2.0,16.0,0.4252376812744141,True,REGULAR,USD
MNST,2028-01-21,call,2026-01-21T21:40:29.640598+00:00,MNST280121C00077500,2026-01-02 20:58:57+00:00,77.5,13.86,15.5,20.5,0.0,0.0,2.0,2.0,0.41501439483642577,True,REGULAR,USD
MNST,2028-01-21,call,2026-01-21T21:40:29.640598+00:00,MNST280121C00080000,2025-11-17 17:55:47+00:00,80.0,10.0,10.0,15.0,0.0,0.0,1.0,26.0,0.3133613586425781,True,REGULAR,USD
MNST,2028-01-21,call,2026-01-21T21:40:29.640598+00:00,MNST280121C00082500,2026-01-20 18:52:36+00:00,82.5,14.26,14.2,16.1,0.0,0.0,1.0,2.0,0.36093778717041014,False,REGULAR,USD
MNST,2028-01-21,call,2026-01-21T21:40:29.640598+00:00,MNST280121C00085000,2026-01-20 18:52:36+00:00,85.0,12.98,13.1,14.9,0.0,0.0,1.0,28.0,0.3554141607666015,False,REGULAR,USD
MNST,2028-01-21,call,2026-01-21T21:40:29.640598+00:00,MNST280121C00090000,2026-01-12 17:25:11+00:00,90.0,9.4,9.5,14.5,0.0,0.0,1.0,30.0,0.3846497082519531,False,REGULAR,USD
MNST,2028-01-21,call,2026-01-21T21:40:29.640598+00:00,MNST280121C00095000,2025-12-31 17:10:30+00:00,95.0,7.12,8.9,10.6,0.0,0.0,,7.0,0.3333196551513672,False,REGULAR,USD
MNST,2028-01-21,call,2026-01-21T21:40:29.640598+00:00,MNST280121C00100000,2025-12-19 18:18:08+00:00,100.0,8.1,5.5,8.6,2.8200002,53.409096,13.0,87.0,0.31891550231933585,False,REGULAR,USD
MNST,2028-01-21,call,2026-01-21T21:40:29.640598+00:00,MNST280121C00115000,2026-01-06 14:30:05+00:00,115.0,2.65,2.0,7.0,0.0,0.0,,3.0,0.35416295257568353,False,REGULAR,USD
MNST,2028-01-21,put,2026-01-21T21:40:29.640598+00:00,MNST280121P00035000,2025-10-29 16:45:39+00:00,35.0,1.15,0.0,5.0,0.0,0.0,4.0,4.0,0.5313767565917968,False,REGULAR,USD
MNST,2028-01-21,put,2026-01-21T21:40:29.640598+00:00,MNST280121P00050000,2025-12-18 15:40:27+00:00,50.0,2.22,0.0,4.5,0.0,0.0,4.0,6.0,0.42981527221679694,False,REGULAR,USD
MNST,2028-01-21,put,2026-01-21T21:40:29.640598+00:00,MNST280121P00055000,2025-12-23 16:38:31+00:00,55.0,2.8,1.65,3.8,0.0,0.0,1.0,6.0,0.34479414978027345,False,REGULAR,USD
MNST,2028-01-21,put,2026-01-21T21:40:29.640598+00:00,MNST280121P00057500,2025-12-18 16:28:50+00:00,57.5,3.66,0.5,5.5,0.0,0.0,1.0,2.0,0.3767762518310547,False,REGULAR,USD
MNST,2028-01-21,put,2026-01-21T21:40:29.640598+00:00,MNST280121P00060000,2025-11-07 20:56:57+00:00,60.0,5.22,3.8,4.6,0.0,0.0,1.0,2.0,0.3193427441406249,False,REGULAR,USD
MNST,2028-01-21,put,2026-01-21T21:40:29.640598+00:00,MNST280121P00065000,2025-12-22 20:29:39+00:00,65.0,5.2,2.0,7.0,0.0,0.0,1.0,2.0,0.33661552062988287,False,REGULAR,USD
MNST,2028-01-21,put,2026-01-21T21:40:29.640598+00:00,MNST280121P00067500,2025-12-22 20:29:12+00:00,67.5,5.9,2.5,7.5,0.0,0.0,,1.0,0.3219061950683593,False,REGULAR,USD
MNST,2028-01-21,put,2026-01-21T21:40:29.640598+00:00,MNST280121P00070000,2025-12-19 14:51:20+00:00,70.0,7.07,3.5,8.5,0.0,0.0,3.0,1.0,0.31928170959472646,False,REGULAR,USD
MNST,2028-01-21,put,2026-01-21T21:40:29.640598+00:00,MNST280121P00072500,2025-12-22 20:29:12+00:00,72.5,7.6,4.0,9.0,0.0,0.0,1.0,3.0,0.30277186492919916,False,REGULAR,USD
MNST,2028-01-21,put,2026-01-21T21:40:29.640598+00:00,MNST280121P00075000,2025-12-22 20:29:14+00:00,75.0,8.6,5.0,10.0,0.0,0.0,1.0,26.0,0.29740082489013664,False,REGULAR,USD
MNST,2028-01-21,put,2026-01-21T21:40:29.640598+00:00,MNST280121P00077500,2026-01-12 17:30:16+00:00,77.5,9.6,6.0,11.0,0.0,0.0,,23.0,0.29053443847656246,False,REGULAR,USD
MNST,2028-01-21,put,2026-01-21T21:40:29.640598+00:00,MNST280121P00080000,2026-01-12 17:30:46+00:00,80.0,10.7,7.0,12.0,0.0,0.0,,49.0,0.2822947747802734,False,REGULAR,USD
MNST,2028-01-21,put,2026-01-21T21:40:29.640598+00:00,MNST280121P00082500,2025-12-22 20:30:49+00:00,82.5,12.0,8.0,13.0,0.0,0.0,,1.0,0.2727123510742187,True,REGULAR,USD
MNST,2028-01-21,put,2026-01-21T21:40:29.640598+00:00,MNST280121P00085000,2025-11-26 19:27:36+00:00,85.0,15.04,12.0,17.0,0.0,0.0,,6.0,0.32721620056152345,True,REGULAR,USD
MNST,2028-01-21,put,2026-01-21T21:40:29.640598+00:00,MNST280121P00090000,2025-12-26 15:28:20+00:00,90.0,16.2,12.0,17.0,0.0,0.0,1.0,1.0,0.25678233459472655,True,REGULAR,USD
MNST,2028-01-21,put,2026-01-21T21:40:29.640598+00:00,MNST280121P00105000,2025-12-26 15:29:46+00:00,105.0,27.98,24.4,27.0,0.0,0.0,1.0,1.0,0.22632609619140626,True,REGULAR,USD
NFLX,2026-08-21,call,2026-01-21T21:40:31.016811+00:00,NFLX260821C00000500,2026-01-05 15:06:32+00:00,0.5,91.72,82.95,87.0,0.0,0.0,3.0,7.0,3.6718758203125006,True,REGULAR,USD
NFLX,2026-08-21,call,2026-01-21T21:40:31.016811+00:00,NFLX260821C00001000,2026-01-13 17:44:01+00:00,1.0,88.89,82.45,86.4,0.0,0.0,,43.0,2.6718783203125005,True,REGULAR,USD
NFLX,2026-08-21,call,2026-01-21T21:40:31.016811+00:00,NFLX260821C00030000,2025-12-08 18:07:39+00:00,30.0,66.8,54.3,58.0,0.0,0.0,,3.0,0.8676771044921875,True,REGULAR,USD
NFLX,2026-08-21,call,2026-01-21T21:40:31.016811+00:00,NFLX260821C00040000,2025-12-08 20:54:56+00:00,40.0,59.0,44.65,48.2,0.0,0.0,1.0,2.0,0.6982452050781252,True,REGULAR,USD
NFLX,2026-08-21,call,2026-01-21T21:40:31.016811+00:00,NFLX260821C00045000,2025-12-22 18:30:14+00:00,45.0,49.95,39.85,43.55,0.0,0.0,1.0,33.0,0.641605146484375,True,REGULAR,USD
NFLX,2026-08-21,call,2026-01-21T21:40:31.016811+00:00,NFLX260821C00050000,2026-01-21 17:33:45+00:00,50.0,35.16,35.15,38.95,-6.619999,-15.844899,1.0,5.0,0.5920450952148439,True,REGULAR,USD
NFLX,2026-08-21,call,2026-01-21T21:40:31.016811+00:00,NFLX260821C00060000,2026-01-21 16:02:00+00:00,60.0,26.55,27.85,28.4,-4.800001,-15.311008,4.0,121.0,0.5113574255371094,True,REGULAR,USD
NFLX,2026-08-21,call,2026-01-21T21:40:31.016811+00:00,NFLX260821C00061000,2026-01-14 15:51:11+00:00,61.0,30.65,26.8,27.65,0.0,0.0,1.0,21.0,0.5014698291015626,True,REGULAR,USD
NFLX,2026-08-21,call,2026-01-21T21:40:31.016811+00:00,NFLX260821C00062000,2025-12-17 15:26:14+00:00,62.0,38.0,26.1,26.75,0.0,0.0,3.0,3.0,0.5189257092285156,True,REGULAR,USD
NFLX,2026-08-21,call,2026-01-21T21:40:31.016811+00:00,NFLX260821C00063000,2026-01-21 14:30:03+00:00,63.0,23.5,25.25,25.9,-6.5,-21.666666,1.0,123.0,0.5111132873535156,True,REGULAR,USD
NFLX,2026-08-21,call,2026-01-21T21:40:31.016811+00:00,NFLX260821C00064000,2026-01-21 17:47:16+00:00,64.0,22.92,24.45,25.05,-40.309998,-63.751385,1.0,,0.5029346582031251,True,REGULAR,USD
NFLX,2026-08-21,call,2026-01-21T21:40:31.016811+00:00,NFLX260821C00065000,2026-01-21 19:27:40+00:00,65.0,23.05,23.65,24.15,-9.0,-28.081123,11.0,78.0,0.49158223266601564,True,REGULAR,USD
NFLX,2026-08-21,call,2026-01-21T21:40:31.016811+00:00,NFLX260821C00066000,2026-01-12 16:19:16+00:00,66.0,28.05,22.8,23.45,0.0,0.0,1.0,27.0,0.4914601635742188,True,REGULAR,USD
NFLX,2026-08-21,call,2026-01-21T21:40:31.016811+00:00,NFLX260821C00067000,2026-01-02 19:10:33+00:00,67.0,28.0,22.0,22.65,0.0,0.0,5.0,5.0,0.48511257080078124,True,REGULAR,USD
NFLX,2026-08-21,call,2026-01-21T21:40:31.016811+00:00,NFLX260821C00069000,2026-01-05 17:23:48+00:00,69.0,27.1,20.5,21.05,0.0,0.0,5.0,5.0,0.47119669433593747,True,REGULAR,USD
NFLX,2026-08-21,call,2026-01-21T21:40:31.016811+00:00,NFLX260821C00070000,2026-01-21 14:54:27+00:00,70.0,18.92,19.8,20.25,-3.6100006,-16.023083,1.0,40.0,0.4637504797363281,True,REGULAR,USD
NFLX,2026-08-21,call,2026-01-21T21:40:31.016811+00:00,NFLX260821C00071000,2026-01-21 14:54:04+00:00,71.0,18.38,19.0,19.55,-5.2700005,-22.2833,2.0,3.0,0.46094289062500005,True,REGULAR,USD
NFLX,2026-08-21,call,2026-01-21T21:40:31.016811+00:00,NFLX260821C00072000,2026-01-06 18:31:07+00:00,72.0,23.45,18.25,18.8,0.0,0.0,,71.0,0.45508357421875,True,REGULAR,USD
NFLX,2026-08-21,call,2026-01-21T21:40:31.016811+00:00,NFLX260821C00073000,2026-01-21 19:39:35+00:00,73.0,17.1,17.55,18.15,-4.9699993,-22.519255,10.0,10.0,0.4534966760253906,True,REGULAR,USD
NFLX,2026-08-21,call,2026-01-21T21:40:31.016811+00:00,NFLX260821C00074000,2026-01-21 20:29:42+00:00,74.0,16.7,16.85,17.45,-4.619999,-21.669788,4.0,1.0,0.44910218872070307,True,REGULAR,USD
NFLX,2026-08-21,call,2026-01-21T21:40:31.016811+00:00,NFLX260821C00075000,2026-01-21 14:36:12+00:00,75.0,15.17,16.25,16.7,-5.58,-26.891565,1.0,67.0,0.4419001123046875,True,REGULAR,USD
NFLX,2026-08-21,call,2026-01-21T21:40:31.016811+00:00,NFLX260821C00076000,2026-01-15 20:54:24+00:00,76.0,18.7,15.55,16.1,0.0,0.0,20.0,42.0,0.44086252502441403,True,REGULAR,USD
NFLX,2026-08-21,call,2026-01-21T21:40:31.016811+00:00,NFLX260821C00077000,2026-01-21 17:21:09+00:00,77.0,13.73,14.9,15.45,-5.42,-28.302872,12.0,18.0,0.4371394177246094,True,REGULAR,USD
NFLX,2026-08-21,call,2026-01-21T21:40:31.016811+00:00,NFLX260821C00078000,2026-01-21 18:40:56+00:00,78.0,13.32,14.3,14.8,-4.0300007,-23.227669,4.0,12.0,0.43280596496582036,True,REGULAR,USD
NFLX,2026-08-21,call,2026-01-21T21:40:31.016811+00:00,NFLX260821C00079000,2026-01-21 15:50:18+00:00,79.0,13.0,13.7,14.2,-22.490002,-63.36997,23.0,20.0,0.4301204449462891,True,REGULAR,USD
NFLX,2026-08-21,call,2026-01-21T21:40:31.016811+00:00,NFLX260821C00080000,2026-01-21 20:24:36+00:00,80.0,13.12,13.15,13.55,-3.1099997,-19.162045,42.0,1034.0,0.424810439453125,True,REGULAR,USD
NFLX,2026-08-21,call,2026-01-21T21:40:31.016811+00:00,NFLX260821C00081000,2026-01-20 19:43:42+00:00,81.0,15.45,12.5,13.05,0.0,0.0,4.0,674.0,0.4251156121826172,True,REGULAR,USD
NFLX,2026-08-21,call,2026-01-21T21:40:31.016811+00:00,NFLX260821C00082000,2026-01-21 18:28:47+00:00,82.0,11.03,11.95,12.45,-4.3200006,-28.143326,16.0,18.0,0.42078215942382813,True,REGULAR,USD
NFLX,2026-08-21,call,2026-01-21T21:40:31.016811+00:00,NFLX260821C00083000,2026-01-21 20:19:31+00:00,83.0,11.2,11.4,11.95,-3.8500004,-25.581396,65.0,19.0,0.41992767578125,True,REGULAR,USD
NFLX,2026-08-21,call,2026-01-21T21:40:31.016811+00:00,NFLX260821C00084000,2026-01-21 20:58:16+00:00,84.0,11.16,11.1,11.3,-2.4800005,-18.06264,66.0,52.0,0.41260353027343744,True,REGULAR,USD
NFLX,2026-08-21,call,2026-01-21T21:40:31.016811+00:00,NFLX260821C00085000,2026-01-21 20:43:18+00:00,85.0,10.46,10.45,10.85,-2.6400003,-20.091326,658.0,150.0,0.41260353027343744,True,REGULAR,USD
NFLX,2026-08-21,call,2026-01-21T21:40:31.016811+00:00,NFLX260821C00086000,2026-01-21 20:38:34+00:00,86.0,9.9,9.9,10.4,-2.5900002,-20.73659,66.0,117.0,0.4120542193603516,False,REGULAR,USD
NFLX,2026-08-21,call,2026-01-21T21:40:31.016811+00:00,NFLX260821C00087000,2026-01-21 17:26:05+00:00,87.0,8.63,9.45,9.95,-3.75,-30.29079,51.0,82.0,0.41089456298828125,False,REGULAR,USD
NFLX,2026-08-21,call,2026-01-21T21:40:31.016811+00:00,NFLX260821C00088000,2026-01-21 20:46:03+00:00,88.0,9.0,9.0,9.5,-2.6499996,-22.746778,178.0,250.0,0.4092466302490234,False,REGULAR,USD
NFLX,2026-08-21,call,2026-01-21T21:40:31.016811+00:00,NFLX260821C00089000,2026-01-21 18:53:21+00:00,89.0,7.92,8.55,9.05,-3.2799997,-29.285711,34.0,174.0,0.40704938659667966,False,REGULAR,USD
NFLX,2026-08-21,call,2026-01-21T21:40:31.016811+00:00,NFLX260821C00090000,2026-01-21 20:56:55+00:00,90.0,8.5,8.2,8.5,-2.5100002,-22.797459,131.0,679.0,0.40051869018554687,False,REGULAR,USD
NFLX,2026-08-21,call,2026-01-21T21:40:31.016811+00:00,NFLX260821C00091000,2026-01-21 18:55:50+00:00,91.0,7.27,7.75,8.2,-2.9199996,-28.655542,8.0,149.0,0.4030211065673829,False,REGULAR,USD
NFLX,2026-08-21,call,2026-01-21T21:40:31.016811+00:00,NFLX260821C00092000,2026-01-21 17:01:59+00:00,92.0,6.8,7.35,7.8,-3.3999996,-33.333332,6.0,91.0,0.4011900701904296,False,REGULAR,USD
NFLX,2026-08-21,call,2026-01-21T21:40:31.016811+00:00,NFLX260821C00093000,2026-01-21 18:07:34+00:00,93.0,6.3,6.95,7.45,-3.25,-34.031414,13.0,277.0,0.4007628283691406,False,REGULAR,USD
NFLX,2026-08-21,call,2026-01-21T21:40:31.016811+00:00,NFLX260821C00094000,2026-01-21 18:37:46+00:00,94.0,6.13,6.6,7.1,-3.0199995,-33.00546,12.0,95.0,0.39978627563476565,False,REGULAR,USD
NFLX,2026-08-21,call,2026-01-21T21:40:31.016811+00:00,NFLX260821C00095000,2026-01-21 20:01:10+00:00,95.0,6.3,6.3,6.7,-2.3199997,-26.91415,182.0,911.0,0.39642937561035163,False,REGULAR,USD
NFLX,2026-08-21,call,2026-01-21T21:40:31.016811+00:00,NFLX260821C00096000,2026-01-21 19:42:55+00:00,96.0,5.95,5.95,6.4,-2.62,-30.571764,14.0,327.0,0.39649041015625003,False,REGULAR,USD
NFLX,2026-08-21,call,2026-01-21T21:40:31.016811+00:00,NFLX260821C00097000,2026-01-21 20:44:03+00:00,97.0,5.7,5.65,6.05,-2.4000006,-29.629635,58.0,94.0,0.3940490283203125,False,REGULAR,USD
NFLX,2026-08-21,call,2026-01-21T21:40:31.016811+00:00,NFLX260821C00098000,2026-01-21 20:55:56+00:00,98.0,5.5,5.45,5.7,-2.1999998,-28.387094,31.0,56.0,0.39111937011718745,False,REGULAR,USD
NFLX,2026-08-21,call,2026-01-21T21:40:31.016811+00:00,NFLX260821C00099000,2026-01-21 15:40:22+00:00,99.0,4.6,5.05,5.55,-3.4299998,-42.714817,11.0,197.0,0.3957579956054688,False,REGULAR,USD
NFLX,2026-08-21,call,2026-01-21T21:40:31.016811+00:00,NFLX260821C00100000,2026-01-21 20:59:43+00:00,100.0,5.06,4.95,5.15,-1.8400002,-26.136366,732.0,3786.0,0.38977661010742193,False,REGULAR,USD
NFLX,2026-08-21,call,2026-01-21T21:40:31.016811+00:00,NFLX260821C00101000,2026-01-21 15:25:50+00:00,101.0,4.55,4.55,4.9,-2.1799998,-32.392273,2.0,50.0,0.3895324719238281,False,REGULAR,USD
NFLX,2026-08-21,call,2026-01-21T21:40:31.016811+00:00,NFLX260821C00102000,2026-01-21 15:50:18+00:00,102.0,4.2,4.3,4.65,-2.2200003,-34.579445,15.0,124.0,0.38873902282714845,False,REGULAR,USD
NFLX,2026-08-21,call,2026-01-21T21:40:31.016811+00:00,NFLX260821C00103000,2026-01-21 18:33:43+00:00,103.0,3.6,4.05,4.4,-3.65,-50.344826,12.0,79.0,0.38757936645507807,False,REGULAR,USD
NFLX,2026-08-21,call,2026-01-21T21:40:31.016811+00:00,NFLX260821C00104000,2026-01-21 20:49:24+00:00,104.0,4.0,3.85,4.15,-2.25,-36.0,36.0,322.0,0.38587039916992183,False,REGULAR,USD
NFLX,2026-08-21,call,2026-01-21T21:40:31.016811+00:00,NFLX260821C00105000,2026-01-21 20:44:25+00:00,105.0,3.75,3.65,4.0,-1.8000002,-32.432434,85.0,304.0,0.38825074645996094,False,REGULAR,USD
NFLX,2026-08-21,call,2026-01-21T21:40:31.016811+00:00,NFLX260821C00106000,2026-01-21 18:22:17+00:00,106.0,3.2,3.45,3.85,-2.3500001,-42.342342,4.0,40.0,0.3902648864746094,False,REGULAR,USD
NFLX,2026-08-21,call,2026-01-21T21:40:31.016811+00:00,NFLX260821C00107000,2026-01-21 16:39:52+00:00,107.0,2.98,3.25,3.7,-2.77,-48.173912,2.0,80.0,0.39197385375976557,False,REGULAR,USD
NFLX,2026-08-21,call,2026-01-21T21:40:31.016811+00:00,NFLX260821C00108000,2026-01-21 20:16:21+00:00,108.0,3.1,3.05,3.45,-1.7000003,-35.41667,9.0,266.0,0.3885559191894531,False,REGULAR,USD
NFLX,2026-08-21,call,2026-01-21T21:40:31.016811+00:00,NFLX260821C00109000,2026-01-21 17:43:48+00:00,109.0,2.68,2.91,3.35,-2.0800002,-43.69748,11.0,1143.0,0.3919128192138671,False,REGULAR,USD
NFLX,2026-08-21,call,2026-01-21T21:40:31.016811+00:00,NFLX260821C00110000,2026-01-21 20:58:30+00:00,110.0,2.95,2.89,2.99,-1.4799998,-33.408577,3031.0,104200.0,0.38220832641601554,False,REGULAR,USD
NFLX,2026-08-21,call,2026-01-21T21:40:31.016811+00:00,NFLX260821C00111000,2026-01-21 14:59:55+00:00,111.0,2.89,2.6,2.85,-1.4100001,-32.7907,24.0,164.0,0.38281867187499996,False,REGULAR,USD
NFLX,2026-08-21,call,2026-01-21T21:40:31.016811+00:00,NFLX260821C00112000,2026-01-21 16:18:27+00:00,112.0,2.42,2.45,2.86,-1.6300001,-40.246914,18.0,508.0,0.39075316284179684,False,REGULAR,USD
NFLX,2026-08-21,call,2026-01-21T21:40:31.016811+00:00,NFLX260821C00114000,2026-01-21 16:20:10+00:00,114.0,2.09,2.2,2.58,-1.8600001,-47.08861,6.0,519.0,0.39063109375,False,REGULAR,USD
NFLX,2026-08-21,call,2026-01-21T21:40:31.016811+00:00,NFLX260821C00115000,2026-01-21 19:51:00+00:00,115.0,2.19,2.11,2.41,-1.46,-40.0,265.0,508.0,0.3883117810058594,False,REGULAR,USD
NFLX,2026-08-21,call,2026-01-21T21:40:31.016811+00:00,NFLX260821C00116000,2026-01-21 18:31:06+00:00,116.0,1.86,1.96,2.34,-1.59,-46.086956,10.0,218.0,0.39124143920898435,False,REGULAR,USD
NFLX,2026-08-21,call,2026-01-21T21:40:31.016811+00:00,NFLX260821C00118000,2026-01-21 18:12:00+00:00,118.0,1.68,1.8,2.0,-1.42,-45.806454,6.0,260.0,0.3845276391601562,False,REGULAR,USD
NFLX,2026-08-21,call,2026-01-21T21:40:31.016811+00:00,NFLX260821C00120000,2026-01-21 20:49:29+00:00,120.0,1.69,1.59,1.89,-1.1299999,-40.07092,418.0,2148.0,0.39038695556640624,False,REGULAR,USD
NFLX,2026-08-21,call,2026-01-21T21:40:31.016811+00:00,NFLX260821C00122000,2026-01-21 18:50:08+00:00,122.0,1.4,1.46,1.66,-1.33,-48.71795,37.0,572.0,0.3874572973632812,False,REGULAR,USD
NFLX,2026-08-21,call,2026-01-21T21:40:31.016811+00:00,NFLX260821C00124000,2026-01-21 19:19:10+00:00,124.0,1.3,1.25,1.6,-1.06,-44.915253,3.0,1477.0,0.39502558105468755,False,REGULAR,USD
NFLX,2026-08-21,call,2026-01-21T21:40:31.016811+00:00,NFLX260821C00125000,2026-01-21 19:13:07+00:00,125.0,1.22,1.21,1.5,-1.02,-45.535713,72.0,515.0,0.393560751953125,False,REGULAR,USD
NFLX,2026-08-21,call,2026-01-21T21:40:31.016811+00:00,NFLX260821C00126000,2026-01-21 16:43:22+00:00,126.0,1.1,1.11,1.47,-1.2299999,-52.7897,39.0,628.0,0.3969786865234375,False,REGULAR,USD
NFLX,2026-08-21,call,2026-01-21T21:40:31.016811+00:00,NFLX260821C00128000,2026-01-21 14:46:40+00:00,128.0,1.17,1.05,1.32,-0.83000004,-41.500004,3.0,616.0,0.39649041015625003,False,REGULAR,USD
NFLX,2026-08-21,call,2026-01-21T21:40:31.016811+00:00,NFLX260821C00130000,2026-01-21 20:59:40+00:00,130.0,1.07,1.01,1.09,-0.7299999,-40.555553,1817.0,79033.0,0.3880676428222656,False,REGULAR,USD
NFLX,2026-08-21,call,2026-01-21T21:40:31.016811+00:00,NFLX260821C00132000,2026-01-21 18:37:05+00:00,132.0,0.85,0.8,1.06,-0.78,-47.85276,10.0,655.0,0.39539178833007815,False,REGULAR,USD
NFLX,2026-08-21,call,2026-01-21T21:40:31.016811+00:00,NFLX260821C00134000,2026-01-21 14:52:21+00:00,134.0,0.85,0.71,1.06,-0.78999996,-48.17073,1.0,151.0,0.4050352465820312,False,REGULAR,USD
NFLX,2026-08-21,call,2026-01-21T21:40:31.016811+00:00,NFLX260821C00135000,2026-01-21 20:49:45+00:00,135.0,0.8,0.76,0.96,-0.66,-45.20548,21.0,750.0,0.40064075927734377,False,REGULAR,USD
NFLX,2026-08-21,call,2026-01-21T21:40:31.016811+00:00,NFLX260821C00136000,2026-01-21 14:56:50+00:00,136.0,0.81,0.65,0.98,-0.60999995,-42.957745,2.0,155.0,0.407232490234375,False,REGULAR,USD
NFLX,2026-08-21,call,2026-01-21T21:40:31.016811+00:00,NFLX260821C00138000,2026-01-08 18:23:44+00:00,138.0,1.25,0.57,0.75,0.0,0.0,3.0,161.0,0.39282833740234374,False,REGULAR,USD
NFLX,2026-08-21,call,2026-01-21T21:40:31.016811+00:00,NFLX260821C00140000,2026-01-21 19:51:57+00:00,140.0,0.64,0.52,0.82,-0.53999996,-45.76271,76.0,11924.0,0.40918559570312496,False,REGULAR,USD
NFLX,2026-08-21,call,2026-01-21T21:40:31.016811+00:00,NFLX260821C00142000,2026-01-14 19:23:26+00:00,142.0,0.57,0.44,0.78,-0.60999995,-51.694916,2.0,56.0,0.41358008300781246,False,REGULAR,USD
NFLX,2026-08-21,call,2026-01-21T21:40:31.016811+00:00,NFLX260821C00144000,2026-01-14 20:59:23+00:00,144.0,1.0,0.49,0.6,0.0,0.0,4.0,232.0,0.40039662109375,False,REGULAR,USD
NFLX,2026-08-21,call,2026-01-21T21:40:31.016811+00:00,NFLX260821C00145000,2026-01-21 16:08:13+00:00,145.0,0.51,0.44,0.68,-0.31,-37.80488,5.0,21.0,0.41431249755859373,False,REGULAR,USD
NFLX,2026-08-21,call,2026-01-21T21:40:31.016811+00:00,NFLX260821C00146000,2025-12-26 17:43:45+00:00,146.0,1.33,0.36,0.7,0.0,0.0,1.0,226.0,0.42090422851562503,False,REGULAR,USD
NFLX,2026-08-21,call,2026-01-21T21:40:31.016811+00:00,NFLX260821C00148000,2026-01-20 14:57:18+00:00,148.0,0.87,0.31,0.67,0.0,0.0,10.0,100.0,0.4250545776367188,False,REGULAR,USD
NFLX,2026-08-21,call,2026-01-21T21:40:31.016811+00:00,NFLX260821C00150000,2026-01-21 16:09:43+00:00,150.0,0.46,0.35,0.65,-0.30999997,-40.25974,491.0,868.0,0.4304256176757813,False,REGULAR,USD
NFLX,2026-08-21,call,2026-01-21T21:40:31.016811+00:00,NFLX260821C00152000,2026-01-21 17:14:39+00:00,152.0,0.41,0.24,1.44,-0.23999998,-36.923077,4.0,759.0,0.518681571044922,False,REGULAR,USD
NFLX,2026-08-21,call,2026-01-21T21:40:31.016811+00:00,NFLX260821C00154000,2026-01-08 16:26:01+00:00,154.0,0.64,0.21,1.63,0.0,0.0,4.0,131.0,0.5426071130371095,False,REGULAR,USD
NFLX,2026-08-21,call,2026-01-21T21:40:31.016811+00:00,NFLX260821C00155000,2026-01-21 15:55:46+00:00,155.0,0.35,0.22,1.39,-0.41,-53.94737,3.0,246.0,0.5266160620117188,False,REGULAR,USD
NFLX,2026-08-21,call,2026-01-21T21:40:31.016811+00:00,NFLX260821C00156000,2026-01-12 17:01:16+00:00,156.0,0.58,0.19,1.57,0.0,0.0,1.0,45.0,0.5459029785156251,False,REGULAR,USD
NFLX,2026-08-21,call,2026-01-21T21:40:31.016811+00:00,NFLX260821C00158000,2026-01-21 14:30:00+00:00,158.0,0.36,0.28,1.29,-0.22999996,-38.983047,5.0,19.0,0.5295457202148439,False,REGULAR,USD
NFLX,2026-08-21,call,2026-01-21T21:40:31.016811+00:00,NFLX260821C00160000,2026-01-20 20:57:10+00:00,160.0,0.38,0.17,1.09,-0.17000002,-30.909094,1.0,466.0,0.5179491564941407,False,REGULAR,USD
NFLX,2026-08-21,call,2026-01-21T21:40:31.016811+00:00,NFLX260821C00162000,2025-12-24 14:30:09+00:00,162.0,0.67,0.12,1.3,0.0,0.0,5.0,8.0,0.5456588403320313,False,REGULAR,USD
NFLX,2026-08-21,call,2026-01-21T21:40:31.016811+00:00,NFLX260821C00164000,2025-12-26 15:58:56+00:00,164.0,0.65,0.11,1.39,0.0,0.0,1.0,130.0,0.561527822265625,False,REGULAR,USD
NFLX,2026-08-21,call,2026-01-21T21:40:31.016811+00:00,NFLX260821C00165000,2025-12-05 19:36:53+00:00,165.0,1.16,0.12,1.19,0.0,0.0,1.0,21.0,0.5463912548828126,False,REGULAR,USD
NFLX,2026-08-21,call,2026-01-21T21:40:31.016811+00:00,NFLX260821C00166000,2025-10-31 16:36:12+00:00,166.0,2.55,1.4,1.92,0.0,0.0,,20.0,0.5922892333984376,False,REGULAR,USD
NFLX,2026-08-21,call,2026-01-21T21:40:31.016811+00:00,NFLX260821C00168000,2026-01-13 20:50:28+00:00,168.0,0.45,0.08,1.32,0.0,0.0,1.0,2.0,0.5014698291015626,False,REGULAR,USD
NFLX,2026-08-21,call,2026-01-21T21:40:31.016811+00:00,NFLX260821C00170000,2026-01-12 16:32:36+00:00,170.0,0.43,0.09,1.11,0.0,0.0,1.0,87.0,0.5559126440429689,False,REGULAR,USD
NFLX,2026-08-21,call,2026-01-21T21:40:31.016811+00:00,NFLX260821C00172000,2025-11-18 14:53:51+00:00,172.0,1.89,0.08,0.51,0.0,0.0,,117.0,0.48633326171875,False,REGULAR,USD
NFLX,2026-08-21,call,2026-01-21T21:40:31.016811+00:00,NFLX260821C00174000,2026-01-16 16:50:13+00:00,174.0,0.4,0.04,1.24,0.0,0.0,9.0,321.0,0.5124560473632812,False,REGULAR,USD
NFLX,2026-08-21,call,2026-01-21T21:40:31.016811+00:00,NFLX260821C00175000,2026-01-16 16:49:12+00:00,175.0,0.34,0.06,0.6,0.0,0.0,9.0,119.0,0.5097705273437501,False,REGULAR,USD
NFLX,2026-08-21,call,2026-01-21T21:40:31.016811+00:00,NFLX260821C00176000,2026-01-08 20:35:22+00:00,176.0,0.27,0.03,1.21,0.0,0.0,4.0,235.0,0.5158739819335938,False,REGULAR,USD
NFLX,2026-08-21,call,2026-01-21T21:40:31.016811+00:00,NFLX260821C00178000,2025-12-11 15:02:28+00:00,178.0,0.53,0.02,1.19,0.0,0.0,71.0,76.0,0.5197801928710937,False,REGULAR,USD
NFLX,2026-08-21,call,2026-01-21T21:40:31.016811+00:00,NFLX260821C00180000,2025-12-29 16:13:36+00:00,180.0,0.45,0.04,1.0,0.0,0.0,2.0,281.0,0.5122119091796875,False,REGULAR,USD
NFLX,2026-08-21,call,2026-01-21T21:40:31.016811+00:00,NFLX260821C00182000,2025-10-31 19:28:18+00:00,182.0,1.58,0.79,1.05,0.0,0.0,,50.0,0.5739788696289063,False,REGULAR,USD
NFLX,2026-08-21,call,2026-01-21T21:40:31.016811+00:00,NFLX260821C00184000,2026-01-13 15:00:47+00:00,184.0,0.28,0.0,1.04,-0.06999999,-19.999998,27.0,120.0,0.5239305419921875,False,REGULAR,USD
NFLX,2026-08-21,call,2026-01-21T21:40:31.016811+00:00,NFLX260821C00186000,2026-01-21 15:20:01+00:00,186.0,0.16,0.0,0.35,-0.15,-48.3871,32.0,770.0,0.4973194799804688,False,REGULAR,USD
NFLX,2026-08-21,call,2026-01-21T21:40:31.016811+00:00,NFLX260821C00600000,2025-09-09 16:22:02+00:00,600.0,692.19,0.0,0.0,0.0,0.0,,1.0,0.500005,False,REGULAR,USD
NFLX,2026-08-21,call,2026-01-21T21:40:31.016811+00:00,NFLX260821C00610000,2025-09-08 13:39:49+00:00,610.0,665.16,0.0,0.0,0.0,0.0,2.0,2.0,0.500005,False,REGULAR,USD
NFLX,2026-08-21,call,2026-01-21T21:40:31.016811+00:00,NFLX260821C00630000,2025-09-15 14:13:05+00:00,630.0,591.25,599.0,607.95,0.0,0.0,,12.0,0.0,False,REGULAR,USD
NFLX,2026-08-21,call,2026-01-21T21:40:31.016811+00:00,NFLX260821C00640000,2025-08-15 19:55:30+00:00,640.0,632.27,598.0,605.8,0.0,0.0,,0.0,0.0,False,REGULAR,USD
NFLX,2026-08-21,call,2026-01-21T21:40:31.016811+00:00,NFLX260821C00660000,2025-09-24 15:25:38+00:00,660.0,573.02,465.0,474.0,0.0,0.0,1.0,2.0,0.0,False,REGULAR,USD
NFLX,2026-08-21,call,2026-01-21T21:40:31.016811+00:00,NFLX260821C00690000,2025-08-15 16:32:45+00:00,690.0,585.88,553.0,560.85,0.0,0.0,,0.0,0.0,False,REGULAR,USD
NFLX,2026-08-21,call,2026-01-21T21:40:31.016811+00:00,NFLX260821C00750000,2025-10-28 14:00:18+00:00,750.0,409.5,403.25,409.95,0.0,0.0,,3.0,0.0,False,REGULAR,USD
NFLX,2026-08-21,call,2026-01-21T21:40:31.016811+00:00,NFLX260821C00790000,2025-10-24 19:57:51+00:00,790.0,354.88,369.65,374.25,0.0,0.0,2.0,2.0,0.0,False,REGULAR,USD
NFLX,2026-08-21,call,2026-01-21T21:40:31.016811+00:00,NFLX260821C00800000,2025-10-23 15:03:42+00:00,800.0,362.0,361.3,366.35,0.0,0.0,1.0,2.0,0.0,False,REGULAR,USD
NFLX,2026-08-21,call,2026-01-21T21:40:31.016811+00:00,NFLX260821C00810000,2025-11-12 20:22:53+00:00,810.0,401.0,353.3,357.95,0.0,0.0,10.0,61.0,0.0,False,REGULAR,USD
NFLX,2026-08-21,call,2026-01-21T21:40:31.016811+00:00,NFLX260821C00840000,2025-10-31 16:35:13+00:00,840.0,345.5,329.1,334.3,0.0,0.0,1.0,1.0,0.0,False,REGULAR,USD
NFLX,2026-08-21,call,2026-01-21T21:40:31.016811+00:00,NFLX260821C00850000,2025-10-30 17:40:54+00:00,850.0,310.78,321.15,326.45,0.0,0.0,1.0,4.0,0.0,False,REGULAR,USD
NFLX,2026-08-21,call,2026-01-21T21:40:31.016811+00:00,NFLX260821C00870000,2025-10-01 14:51:43+00:00,870.0,373.22,297.7,305.85,0.0,0.0,1.0,2.0,0.0,False,REGULAR,USD
NFLX,2026-08-21,call,2026-01-21T21:40:31.016811+00:00,NFLX260821C00880000,2025-10-22 19:55:00+00:00,880.0,306.45,298.55,303.55,0.0,0.0,1.0,2.0,0.0,False,REGULAR,USD
NFLX,2026-08-21,call,2026-01-21T21:40:31.016811+00:00,NFLX260821C00890000,2025-10-22 13:48:13+00:00,890.0,326.5,291.05,296.1,0.0,0.0,,1.0,0.0,False,REGULAR,USD
NFLX,2026-08-21,call,2026-01-21T21:40:31.016811+00:00,NFLX260821C00900000,2025-11-10 14:44:35+00:00,900.0,295.41,283.7,288.75,0.0,0.0,1.0,5.0,0.0,False,REGULAR,USD
NFLX,2026-08-21,call,2026-01-21T21:40:31.016811+00:00,NFLX260821C00940000,2025-10-31 18:00:45+00:00,940.0,266.67,255.2,259.5,0.0,0.0,10.0,5.0,0.0,False,REGULAR,USD
NFLX,2026-08-21,call,2026-01-21T21:40:31.016811+00:00,NFLX260821C00950000,2025-11-04 15:42:31+00:00,950.0,246.22,247.65,255.05,0.0,0.0,1.0,2.0,0.0,False,REGULAR,USD
NFLX,2026-08-21,call,2026-01-21T21:40:31.016811+00:00,NFLX260821C00960000,2025-10-13 13:50:48+00:00,960.0,339.73,240.9,248.3,0.0,0.0,2.0,4.0,0.0,False,REGULAR,USD
NFLX,2026-08-21,call,2026-01-21T21:40:31.016811+00:00,NFLX260821C00970000,2025-10-01 16:13:41+00:00,970.0,291.88,229.4,235.4,0.0,0.0,2.0,3.0,0.0,False,REGULAR,USD
NFLX,2026-08-21,call,2026-01-21T21:40:31.016811+00:00,NFLX260821C00980000,2025-10-14 19:51:24+00:00,980.0,321.3,227.75,235.35,0.0,0.0,,1.0,0.0,False,REGULAR,USD
NFLX,2026-08-21,call,2026-01-21T21:40:31.016811+00:00,NFLX260821C00990000,2025-10-22 15:19:07+00:00,990.0,229.25,220.55,228.75,0.0,0.0,1.0,2.0,0.0,False,REGULAR,USD
NFLX,2026-08-21,call,2026-01-21T21:40:31.016811+00:00,NFLX260821C01000000,2025-11-10 20:12:24+00:00,1000.0,224.45,215.75,221.0,0.0,0.0,1.0,21.0,0.0,False,REGULAR,USD
NFLX,2026-08-21,call,2026-01-21T21:40:31.016811+00:00,NFLX260821C01010000,2025-11-03 15:48:41+00:00,1010.0,206.2,209.55,214.95,0.0,0.0,,1.0,0.0,False,REGULAR,USD
NFLX,2026-08-21,call,2026-01-21T21:40:31.016811+00:00,NFLX260821C01020000,2025-11-03 16:26:32+00:00,1020.0,191.0,203.45,208.8,0.0,0.0,1.0,4.0,0.0,False,REGULAR,USD
NFLX,2026-08-21,call,2026-01-21T21:40:31.016811+00:00,NFLX260821C01030000,2025-11-14 15:38:14+00:00,1030.0,204.25,197.5,202.9,13.050003,6.825315,1.0,3.0,0.0,False,REGULAR,USD
NFLX,2026-08-21,call,2026-01-21T21:40:31.016811+00:00,NFLX260821C01050000,2025-11-14 16:45:59+00:00,1050.0,189.97,185.75,190.6,-11.080002,-5.511068,1.0,9.0,0.0,False,REGULAR,USD
NFLX,2026-08-21,call,2026-01-21T21:40:31.016811+00:00,NFLX260821C01060000,2025-11-14 16:07:02+00:00,1060.0,186.55,180.15,185.85,14.5,8.427782,2.0,1.0,0.0,False,REGULAR,USD
NFLX,2026-08-21,call,2026-01-21T21:40:31.016811+00:00,NFLX260821C01070000,2025-11-11 17:03:43+00:00,1070.0,183.15,174.7,180.4,0.0,0.0,4.0,4.0,0.0,False,REGULAR,USD
NFLX,2026-08-21,call,2026-01-21T21:40:31.016811+00:00,NFLX260821C01080000,2025-10-31 13:31:55+00:00,1080.0,172.0,170.45,175.1,0.0,0.0,1.0,1.0,0.0,False,REGULAR,USD
NFLX,2026-08-21,call,2026-01-21T21:40:31.016811+00:00,NFLX260821C01090000,2025-11-03 16:25:53+00:00,1090.0,155.0,165.65,169.9,0.0,0.0,2.0,6.0,0.0,False,REGULAR,USD
NFLX,2026-08-21,call,2026-01-21T21:40:31.016811+00:00,NFLX260821C01100000,2025-11-14 14:57:45+00:00,1100.0,170.75,159.1,164.8,-18.429993,-9.742041,1.0,86.0,0.0,False,REGULAR,USD
NFLX,2026-08-21,call,2026-01-21T21:40:31.016811+00:00,NFLX260821C01110000,2025-11-07 16:02:53+00:00,1110.0,148.54,154.15,159.95,0.0,0.0,1.0,8.0,0.0,False,REGULAR,USD
NFLX,2026-08-21,call,2026-01-21T21:40:31.016811+00:00,NFLX260821C01120000,2025-11-14 18:56:54+00:00,1120.0,157.63,149.1,155.2,-1.9700012,-1.2343366,1.0,48.0,0.0,False,REGULAR,USD
NFLX,2026-08-21,call,2026-01-21T21:40:31.016811+00:00,NFLX260821C01140000,2025-11-12 20:16:15+00:00,1140.0,172.5,140.4,145.8,0.0,0.0,1.0,50.0,0.0,False,REGULAR,USD
NFLX,2026-08-21,call,2026-01-21T21:40:31.016811+00:00,NFLX260821C01160000,2025-11-12 20:50:01+00:00,1160.0,162.8,131.05,136.85,0.0,0.0,4.0,19.0,0.0,False,REGULAR,USD
NFLX,2026-08-21,call,2026-01-21T21:40:31.016811+00:00,NFLX260821C01180000,2025-11-07 16:44:25+00:00,1180.0,118.5,122.4,128.35,0.0,0.0,1.0,23.0,0.0,False,REGULAR,USD
NFLX,2026-08-21,call,2026-01-21T21:40:31.016811+00:00,NFLX260821C01200000,2025-11-14 19:48:08+00:00,1200.0,123.7,114.25,120.3,-11.930008,-8.795995,21.0,54.0,0.0,False,REGULAR,USD
NFLX,2026-08-21,call,2026-01-21T21:40:31.016811+00:00,NFLX260821C01220000,2025-11-12 19:00:00+00:00,1220.0,131.0,107.3,112.65,0.0,0.0,5.0,54.0,0.0,False,REGULAR,USD
NFLX,2026-08-21,call,2026-01-21T21:40:31.016811+00:00,NFLX260821C01240000,2025-11-12 15:02:04+00:00,1240.0,112.0,99.5,105.4,0.0,0.0,1.0,47.0,0.0,False,REGULAR,USD
NFLX,2026-08-21,call,2026-01-21T21:40:31.016811+00:00,NFLX260821C01250000,2025-11-14 17:48:18+00:00,1250.0,101.34,97.1,101.95,-6.1200027,-5.6951447,1.0,26.0,0.0,False,REGULAR,USD
NFLX,2026-08-21,call,2026-01-21T21:40:31.016811+00:00,NFLX260821C01260000,2025-11-14 19:26:15+00:00,1260.0,100.5,92.4,98.55,-1.449997,-1.4222628,2.0,46.0,0.0,False,REGULAR,USD
NFLX,2026-08-21,call,2026-01-21T21:40:31.016811+00:00,NFLX260821C01280000,2025-11-14 16:33:39+00:00,1280.0,90.35,85.6,92.25,-4.6500015,-4.894738,3.0,62.0,0.0,False,REGULAR,USD
NFLX,2026-08-21,call,2026-01-21T21:40:31.016811+00:00,NFLX260821C01300000,2025-11-14 17:48:18+00:00,1300.0,85.19,80.25,86.2,-16.809998,-16.480389,1.0,37.0,7.045899630126954,False,REGULAR,USD
NFLX,2026-08-21,call,2026-01-21T21:40:31.016811+00:00,NFLX260821C01320000,2025-11-14 18:22:39+00:00,1320.0,80.5,74.95,80.5,12.5,18.382353,1.0,12.0,5.814944137573242,False,REGULAR,USD
NFLX,2026-08-21,call,2026-01-21T21:40:31.016811+00:00,NFLX260821C01340000,2025-11-14 15:43:10+00:00,1340.0,74.8,69.65,75.6,-1.199997,-1.5789435,2.0,14.0,5.2517124197387695,False,REGULAR,USD
NFLX,2026-08-21,call,2026-01-21T21:40:31.016811+00:00,NFLX260821C01350000,2025-11-14 19:48:08+00:00,1350.0,73.4,67.15,73.1,-2.159996,-2.8586502,21.0,25.0,5.041263464050292,False,REGULAR,USD
NFLX,2026-08-21,call,2026-01-21T21:40:31.016811+00:00,NFLX260821C01360000,2025-11-14 15:52:07+00:00,1360.0,69.63,65.0,70.65,-0.6700058,-0.9530665,2.0,15.0,4.870853520812988,False,REGULAR,USD
NFLX,2026-08-21,call,2026-01-21T21:40:31.016811+00:00,NFLX260821C01380000,2025-11-07 19:04:47+00:00,1380.0,58.85,60.5,65.7,0.0,0.0,2.0,16.0,4.567997454071045,False,REGULAR,USD
NFLX,2026-08-21,call,2026-01-21T21:40:31.016811+00:00,NFLX260821C01400000,2025-11-14 17:48:18+00:00,1400.0,60.12,56.75,61.65,-9.460003,-13.595864,1.0,41.0,4.3527877621459945,False,REGULAR,USD
NFLX,2026-08-21,call,2026-01-21T21:40:31.016811+00:00,NFLX260821C01420000,2025-11-07 19:04:40+00:00,1420.0,51.05,51.6,57.7,0.0,0.0,2.0,5.0,4.127080036468506,False,REGULAR,USD
NFLX,2026-08-21,call,2026-01-21T21:40:31.016811+00:00,NFLX260821C01440000,2025-11-03 14:52:03+00:00,1440.0,53.55,48.35,53.8,0.0,0.0,2.0,24.0,3.96557625793457,False,REGULAR,USD
NFLX,2026-08-21,call,2026-01-21T21:40:31.016811+00:00,NFLX260821C01460000,2025-11-14 20:37:27+00:00,1460.0,48.47,44.7,50.1,-10.73,-18.125,2.0,23.0,3.809448718566895,False,REGULAR,USD
NFLX,2026-08-21,call,2026-01-21T21:40:31.016811+00:00,NFLX260821C01480000,2025-10-31 13:42:43+00:00,1480.0,42.95,42.05,46.5,0.0,0.0,1.0,9.0,3.6837166110229496,False,REGULAR,USD
NFLX,2026-08-21,call,2026-01-21T21:40:31.016811+00:00,NFLX260821C01500000,2025-11-14 15:39:01+00:00,1500.0,42.02,39.1,43.7,-9.98,-19.192307,1.0,34.0,3.5724497993469235,False,REGULAR,USD
NFLX,2026-08-21,call,2026-01-21T21:40:31.016811+00:00,NFLX260821C01520000,2025-10-31 14:20:48+00:00,1520.0,40.5,36.95,41.0,0.0,0.0,2.0,76.0,3.4817517839050294,False,REGULAR,USD
NFLX,2026-08-21,call,2026-01-21T21:40:31.016811+00:00,NFLX260821C01550000,2025-11-14 19:51:00+00:00,1550.0,36.45,33.55,36.9,4.5,14.084506,2.0,3.0,3.344117850646972,False,REGULAR,USD
NFLX,2026-08-21,call,2026-01-21T21:40:31.016811+00:00,NFLX260821C01580000,2025-10-22 17:00:09+00:00,1580.0,30.0,28.75,33.6,0.0,0.0,,1.0,3.1969014218139646,False,REGULAR,USD
NFLX,2026-08-21,call,2026-01-21T21:40:31.016811+00:00,NFLX260821C01600000,2025-11-12 17:41:10+00:00,1600.0,35.0,26.75,31.4,0.0,0.0,1.0,36.0,3.1221945773315425,False,REGULAR,USD
NFLX,2026-08-21,call,2026-01-21T21:40:31.016811+00:00,NFLX260821C01620000,2025-10-24 18:51:08+00:00,1620.0,23.7,24.85,29.65,0.0,0.0,10.0,0.0,3.0577416134643554,False,REGULAR,USD
NFLX,2026-08-21,call,2026-01-21T21:40:31.016811+00:00,NFLX260821C01640000,2025-10-31 16:02:30+00:00,1640.0,27.33,23.2,27.4,0.0,0.0,2.0,13.0,2.988039639282227,False,REGULAR,USD
NFLX,2026-08-21,call,2026-01-21T21:40:31.016811+00:00,NFLX260821C01650000,2025-10-29 15:51:41+00:00,1650.0,22.03,22.4,26.45,0.0,0.0,1.0,2.0,2.9567897174072266,False,REGULAR,USD
NFLX,2026-08-21,call,2026-01-21T21:40:31.016811+00:00,NFLX260821C01660000,2025-10-31 16:36:12+00:00,1660.0,25.5,21.65,25.65,0.0,0.0,1.0,2.0,2.929323965759277,False,REGULAR,USD
NFLX,2026-08-21,call,2026-01-21T21:40:31.016811+00:00,NFLX260821C01700000,2025-11-04 16:44:34+00:00,1700.0,20.15,18.8,22.7,0.0,0.0,1.0,8.0,2.82525928451538,False,REGULAR,USD
NFLX,2026-08-21,call,2026-01-21T21:40:31.016811+00:00,NFLX260821C01720000,2025-09-04 17:04:33+00:00,1720.0,45.9,21.15,30.7,0.0,0.0,,12.0,3.0347924520874026,False,REGULAR,USD
NFLX,2026-08-21,call,2026-01-21T21:40:31.016811+00:00,NFLX260821C01740000,2025-10-27 15:26:50+00:00,1740.0,15.65,16.3,20.15,0.0,0.0,2.0,32.0,2.732791253967285,False,REGULAR,USD
NFLX,2026-08-21,call,2026-01-21T21:40:31.016811+00:00,NFLX260821C01750000,2025-11-04 16:44:34+00:00,1750.0,17.15,16.15,19.45,0.0,0.0,1.0,11.0,2.717654573059082,False,REGULAR,USD
NFLX,2026-08-21,call,2026-01-21T21:40:31.016811+00:00,NFLX260821C01760000,2025-11-03 16:09:08+00:00,1760.0,17.85,15.6,18.9,0.0,0.0,5.0,27.0,2.6971468118286137,False,REGULAR,USD
NFLX,2026-08-21,call,2026-01-21T21:40:31.016811+00:00,NFLX260821C01780000,2025-10-28 17:20:50+00:00,1780.0,14.21,14.65,17.75,0.0,0.0,2.0,2.0,2.6575350944519047,False,REGULAR,USD
NFLX,2026-08-21,call,2026-01-21T21:40:31.016811+00:00,NFLX260821C01800000,2025-10-28 17:20:50+00:00,1800.0,13.28,13.3,16.75,0.0,0.0,2.0,4.0,2.6113315966796877,False,REGULAR,USD
NFLX,2026-08-21,call,2026-01-21T21:40:31.016811+00:00,NFLX260821C01820000,2025-10-31 19:28:18+00:00,1820.0,15.8,12.4,15.8,0.0,0.0,5.0,5.0,2.575015769500732,False,REGULAR,USD
NFLX,2026-08-21,call,2026-01-21T21:40:31.016811+00:00,NFLX260821C01840000,2025-11-14 18:53:49+00:00,1840.0,13.37,11.6,14.65,-0.9300003,-6.5034986,2.0,12.0,2.535281982116699,False,REGULAR,USD
NFLX,2026-08-21,call,2026-01-21T21:40:31.016811+00:00,NFLX260821C01860000,2025-11-14 16:59:01+00:00,1860.0,12.5,12.1,14.15,-1.5,-10.714286,1.0,70.0,2.5402258174133294,False,REGULAR,USD
NFLX,2026-08-21,put,2026-01-21T21:40:31.016811+00:00,NFLX260821P00010000,2025-11-10 20:43:55+00:00,10.0,0.01,,1.19,0.0,0.0,,0.0,1.9453127734375002,False,REGULAR,USD
NFLX,2026-08-21,put,2026-01-21T21:40:31.016811+00:00,NFLX260821P00020000,2025-11-10 17:55:41+00:00,20.0,0.01,,1.35,0.0,0.0,,0.0,1.3378939355468746,False,REGULAR,USD
NFLX,2026-08-21,put,2026-01-21T21:40:31.016811+00:00,NFLX260821P00030000,2026-01-21 14:30:01+00:00,30.0,0.09,0.02,0.09,0.020000003,28.571432,4.0,15.0,0.5664105859375,False,REGULAR,USD
NFLX,2026-08-21,put,2026-01-21T21:40:31.016811+00:00,NFLX260821P00035000,2026-01-20 17:36:57+00:00,35.0,0.15,0.03,0.66,0.0,0.0,2.0,37.0,0.637698935546875,False,REGULAR,USD
NFLX,2026-08-21,put,2026-01-21T21:40:31.016811+00:00,NFLX260821P00040000,2026-01-21 19:58:15+00:00,40.0,0.22,0.05,0.55,0.0,0.0,1.0,21.0,0.5376022802734376,False,REGULAR,USD
NFLX,2026-08-21,put,2026-01-21T21:40:31.016811+00:00,NFLX260821P00045000,2026-01-21 20:20:17+00:00,45.0,0.32,0.17,1.07,-0.030000001,-8.571428,4.0,458.0,0.5336960693359375,False,REGULAR,USD
NFLX,2026-08-21,put,2026-01-21T21:40:31.016811+00:00,NFLX260821P00050000,2026-01-21 19:54:10+00:00,50.0,0.45,0.35,1.1,-0.18,-28.571428,3.0,40.0,0.5256395092773438,False,REGULAR,USD
NFLX,2026-08-21,put,2026-01-21T21:40:31.016811+00:00,NFLX260821P00055000,2026-01-21 19:58:15+00:00,55.0,0.83,0.73,0.99,-0.09000003,-9.782613,14.0,111.0,0.436529072265625,False,REGULAR,USD
NFLX,2026-08-21,put,2026-01-21T21:40:31.016811+00:00,NFLX260821P00056000,2026-01-21 14:32:15+00:00,56.0,1.07,0.8,1.06,0.0200001,1.9047716,10.0,222.0,0.4299373413085938,False,REGULAR,USD
NFLX,2026-08-21,put,2026-01-21T21:40:31.016811+00:00,NFLX260821P00058000,2026-01-20 20:55:00+00:00,58.0,1.2,1.0,1.25,0.0,0.0,2.0,136.0,0.4206600903320313,False,REGULAR,USD
NFLX,2026-08-21,put,2026-01-21T21:40:31.016811+00:00,NFLX260821P00060000,2026-01-21 18:24:24+00:00,60.0,1.41,1.1,1.46,0.00999999,0.714285,33.0,702.0,0.41089456298828125,False,REGULAR,USD
NFLX,2026-08-21,put,2026-01-21T21:40:31.016811+00:00,NFLX260821P00061000,2025-11-25 20:16:54+00:00,61.0,0.99,1.18,1.24,0.0,0.0,2.0,2.0,0.37720349365234374,False,REGULAR,USD
NFLX,2026-08-21,put,2026-01-21T21:40:31.016811+00:00,NFLX260821P00062000,2026-01-14 20:45:53+00:00,62.0,1.57,1.46,1.7,0.0,0.0,2.0,18.0,0.4014952429199219,False,REGULAR,USD
NFLX,2026-08-21,put,2026-01-21T21:40:31.016811+00:00,NFLX260821P00063000,2026-01-21 19:24:00+00:00,63.0,1.77,1.52,1.79,0.62,53.913044,6.0,7.0,0.39380489013671877,False,REGULAR,USD
NFLX,2026-08-21,put,2026-01-21T21:40:31.016811+00:00,NFLX260821P00064000,2026-01-21 15:37:05+00:00,64.0,1.94,1.61,1.99,0.110000014,6.01093,60.0,11.0,0.393560751953125,False,REGULAR,USD
NFLX,2026-08-21,put,2026-01-21T21:40:31.016811+00:00,NFLX260821P00065000,2026-01-21 19:25:42+00:00,65.0,2.14,1.8,2.1,0.06000018,2.8846242,142.0,172.0,0.38635867553710934,False,REGULAR,USD
NFLX,2026-08-21,put,2026-01-21T21:40:31.016811+00:00,NFLX260821P00066000,2026-01-21 18:32:36+00:00,66.0,2.35,2.09,2.31,0.24000001,11.374408,6.0,126.0,0.3852600537109374,False,REGULAR,USD
NFLX,2026-08-21,put,2026-01-21T21:40:31.016811+00:00,NFLX260821P00067000,2026-01-21 15:29:35+00:00,67.0,2.48,2.27,2.49,0.48000002,24.0,3.0,27.0,0.38147591186523433,False,REGULAR,USD
NFLX,2026-08-21,put,2026-01-21T21:40:31.016811+00:00,NFLX260821P00068000,2026-01-21 17:37:20+00:00,68.0,2.83,2.33,2.71,0.26999998,10.546874,1.0,127.0,0.3794007373046875,False,REGULAR,USD
NFLX,2026-08-21,put,2026-01-21T21:40:31.016811+00:00,NFLX260821P00069000,2026-01-21 19:15:12+00:00,69.0,3.1,2.68,2.89,0.6899998,28.630697,22.0,264.0,0.3743348699951171,False,REGULAR,USD
NFLX,2026-08-21,put,2026-01-21T21:40:31.016811+00:00,NFLX260821P00070000,2026-01-21 19:22:03+00:00,70.0,3.17,2.79,3.15,0.05000019,1.6025703,281.0,2005.0,0.3731141790771484,False,REGULAR,USD
NFLX,2026-08-21,put,2026-01-21T21:40:31.016811+00:00,NFLX260821P00071000,2026-01-21 20:23:18+00:00,71.0,3.34,3.0,3.45,0.13999987,4.3749957,554.0,250.0,0.37317521362304684,False,REGULAR,USD
NFLX,2026-08-21,put,2026-01-21T21:40:31.016811+00:00,NFLX260821P00072000,2026-01-21 19:52:07+00:00,72.0,3.59,3.4,3.7,-0.01999998,-0.5540161,56.0,433.0,0.3698793481445312,False,REGULAR,USD
NFLX,2026-08-21,put,2026-01-21T21:40:31.016811+00:00,NFLX260821P00073000,2026-01-21 20:42:49+00:00,73.0,3.83,3.5,3.95,0.8299999,27.946125,48024.0,32.0,0.3658510681152344,False,REGULAR,USD
NFLX,2026-08-21,put,2026-01-21T21:40:31.016811+00:00,NFLX260821P00074000,2026-01-20 16:45:48+00:00,74.0,4.6,3.8,4.25,0.5999999,14.999998,1.0,200.0,0.36365382446289063,False,REGULAR,USD
NFLX,2026-08-21,put,2026-01-21T21:40:31.016811+00:00,NFLX260821P00075000,2026-01-21 19:15:36+00:00,75.0,4.65,4.15,4.55,0.1500001,3.3333354,89.0,790.0,0.360785200805664,False,REGULAR,USD
NFLX,2026-08-21,put,2026-01-21T21:40:31.016811+00:00,NFLX260821P00076000,2026-01-20 17:13:53+00:00,76.0,5.74,4.4,4.9,1.2399998,27.55555,8.0,127.0,0.35950347534179683,False,REGULAR,USD
NFLX,2026-08-21,put,2026-01-21T21:40:31.016811+00:00,NFLX260821P00077000,2026-01-21 20:23:18+00:00,77.0,5.16,4.75,5.25,0.35999966,7.4999924,405.0,97.0,0.35742830078125,False,REGULAR,USD
NFLX,2026-08-21,put,2026-01-21T21:40:31.016811+00:00,NFLX260821P00078000,2026-01-21 17:00:36+00:00,78.0,5.95,5.25,5.6,0.7999997,15.533975,4.0,224.0,0.35468174621582027,False,REGULAR,USD
NFLX,2026-08-21,put,2026-01-21T21:40:31.016811+00:00,NFLX260821P00079000,2026-01-21 16:51:38+00:00,79.0,6.5,5.65,6.0,0.98,17.753624,218.0,393.0,0.3534000207519531,False,REGULAR,USD
NFLX,2026-08-21,put,2026-01-21T21:40:31.016811+00:00,NFLX260821P00080000,2026-01-21 20:51:49+00:00,80.0,6.1,5.9,6.35,-0.4000001,-6.153847,405.0,3533.0,0.34931070617675775,False,REGULAR,USD
NFLX,2026-08-21,put,2026-01-21T21:40:31.016811+00:00,NFLX260821P00081000,2026-01-21 16:41:01+00:00,81.0,7.35,6.45,6.8,0.9000001,13.95349,10.0,289.0,0.34870036071777344,False,REGULAR,USD
NFLX,2026-08-21,put,2026-01-21T21:40:31.016811+00:00,NFLX260821P00082000,2026-01-21 20:16:17+00:00,82.0,7.2,6.75,7.25,0.19999981,2.85714,110.0,44.0,0.3473576007080078,False,REGULAR,USD
NFLX,2026-08-21,put,2026-01-21T21:40:31.016811+00:00,NFLX260821P00083000,2026-01-21 20:40:02+00:00,83.0,7.5,7.15,7.7,0.25,3.4482758,58.0,348.0,0.34528242614746096,False,REGULAR,USD
NFLX,2026-08-21,put,2026-01-21T21:40:31.016811+00:00,NFLX260821P00084000,2026-01-21 15:20:44+00:00,84.0,8.25,7.65,8.15,0.5500002,7.14286,95.0,242.0,0.3425969061279296,False,REGULAR,USD
NFLX,2026-08-21,put,2026-01-21T21:40:31.016811+00:00,NFLX260821P00085000,2026-01-21 20:57:15+00:00,85.0,8.25,8.25,8.6,-0.05000019,-0.6024119,55.0,1310.0,0.33924000610351557,False,REGULAR,USD
NFLX,2026-08-21,put,2026-01-21T21:40:31.016811+00:00,NFLX260821P00086000,2026-01-21 16:26:51+00:00,86.0,9.85,8.75,9.15,1.25,14.5348835,8.0,1798.0,0.3390569024658203,True,REGULAR,USD
NFLX,2026-08-21,put,2026-01-21T21:40:31.016811+00:00,NFLX260821P00087000,2026-01-21 20:54:40+00:00,87.0,9.57,9.25,9.65,0.2699995,2.9032204,6.0,524.0,0.3363103479003906,True,REGULAR,USD
NFLX,2026-08-21,put,2026-01-21T21:40:31.016811+00:00,NFLX260821P00088000,2026-01-21 14:30:36+00:00,88.0,11.54,9.8,10.2,1.4899998,14.825868,5.0,236.0,0.33484551879882807,True,REGULAR,USD
NFLX,2026-08-21,put,2026-01-21T21:40:31.016811+00:00,NFLX260821P00089000,2026-01-14 17:55:00+00:00,89.0,10.15,10.25,10.75,0.0,0.0,13.0,261.0,0.33264827514648443,True,REGULAR,USD
NFLX,2026-08-21,put,2026-01-21T21:40:31.016811+00:00,NFLX260821P00090000,2026-01-21 19:07:46+00:00,90.0,11.8,10.85,11.3,0.6700001,6.019767,38.0,4968.0,0.3298406860351562,True,REGULAR,USD
NFLX,2026-08-21,put,2026-01-21T21:40:31.016811+00:00,NFLX260821P00091000,2026-01-21 17:13:38+00:00,91.0,12.8,11.4,11.95,2.5299997,24.634855,31.0,385.0,0.3302679278564453,True,REGULAR,USD
NFLX,2026-08-21,put,2026-01-21T21:40:31.016811+00:00,NFLX260821P00092000,2026-01-21 20:54:40+00:00,92.0,12.45,12.0,12.55,1.3000002,11.659195,8.0,222.0,0.32807068420410157,True,REGULAR,USD
NFLX,2026-08-21,put,2026-01-21T21:40:31.016811+00:00,NFLX260821P00093000,2026-01-14 16:06:46+00:00,93.0,12.13,12.6,13.15,0.0,0.0,20.0,158.0,0.3252630950927734,True,REGULAR,USD
NFLX,2026-08-21,put,2026-01-21T21:40:31.016811+00:00,NFLX260821P00094000,2026-01-13 20:47:50+00:00,94.0,11.7,13.25,13.8,0.0,0.0,30.0,555.0,0.3237372314453124,True,REGULAR,USD
NFLX,2026-08-21,put,2026-01-21T21:40:31.016811+00:00,NFLX260821P00095000,2026-01-21 18:55:33+00:00,95.0,15.27,13.95,14.35,1.5,10.893246,50.0,1108.0,0.3175117077636719,True,REGULAR,USD
NFLX,2026-08-21,put,2026-01-21T21:40:31.016811+00:00,NFLX260821P00096000,2026-01-12 14:30:03+00:00,96.0,13.12,14.55,15.15,0.0,0.0,10.0,495.0,0.32080757324218745,True,REGULAR,USD
NFLX,2026-08-21,put,2026-01-21T21:40:31.016811+00:00,NFLX260821P00097000,2026-01-21 16:23:07+00:00,97.0,16.86,15.25,15.85,4.5600004,37.073174,10.0,47.0,0.3194648132324218,True,REGULAR,USD
NFLX,2026-08-21,put,2026-01-21T21:40:31.016811+00:00,NFLX260821P00098000,2026-01-21 15:46:28+00:00,98.0,17.03,15.95,16.55,3.2300005,23.405802,1.0,149.0,0.317389638671875,True,REGULAR,USD
NFLX,2026-08-21,put,2026-01-21T21:40:31.016811+00:00,NFLX260821P00099000,2026-01-21 17:38:10+00:00,99.0,18.4,16.7,17.25,2.25,13.931889,20.0,358.0,0.3147041186523437,True,REGULAR,USD
NFLX,2026-08-21,put,2026-01-21T21:40:31.016811+00:00,NFLX260821P00100000,2026-01-21 20:59:27+00:00,100.0,17.65,17.45,17.95,0.94999886,5.688616,52.0,2352.0,0.31140825317382803,True,REGULAR,USD
NFLX,2026-08-21,put,2026-01-21T21:40:31.016811+00:00,NFLX260821P00101000,2026-01-07 19:09:21+00:00,101.0,15.65,18.15,18.7,0.0,0.0,4.0,204.0,0.309577216796875,True,REGULAR,USD
NFLX,2026-08-21,put,2026-01-21T21:40:31.016811+00:00,NFLX260821P00102000,2025-12-30 16:18:59+00:00,102.0,20.65,18.9,19.55,6.0299997,41.24487,1.0,186.0,0.3117744604492187,True,REGULAR,USD
NFLX,2026-08-21,put,2026-01-21T21:40:31.016811+00:00,NFLX260821P00103000,2026-01-21 15:03:46+00:00,103.0,21.05,19.65,20.3,2.0,10.498688,1.0,111.0,0.30878376770019533,True,REGULAR,USD
NFLX,2026-08-21,put,2026-01-21T21:40:31.016811+00:00,NFLX260821P00104000,2026-01-21 17:26:25+00:00,104.0,22.43,20.45,21.1,6.5300007,41.069187,2.0,79.0,0.30750204223632804,True,REGULAR,USD
NFLX,2026-08-21,put,2026-01-21T21:40:31.016811+00:00,NFLX260821P00105000,2026-01-21 20:48:00+00:00,105.0,21.83,21.3,21.85,1.4799995,7.272725,30.0,393.0,0.3031075549316406,True,REGULAR,USD
NFLX,2026-08-21,put,2026-01-21T21:40:31.016811+00:00,NFLX260821P00106000,2026-01-15 20:46:46+00:00,106.0,21.2,22.05,22.75,0.0,0.0,10.0,128.0,0.30585410949707037,True,REGULAR,USD
NFLX,2026-08-21,put,2026-01-21T21:40:31.016811+00:00,NFLX260821P00107000,2026-01-12 16:44:31+00:00,107.0,20.5,22.85,23.55,0.0,0.0,2.0,145.0,0.30274134765625,True,REGULAR,USD
NFLX,2026-08-21,put,2026-01-21T21:40:31.016811+00:00,NFLX260821P00108000,2026-01-21 19:05:42+00:00,108.0,25.32,23.7,24.4,2.1100006,9.090912,10.0,707.0,0.301764794921875,True,REGULAR,USD
NFLX,2026-08-21,put,2026-01-21T21:40:31.016811+00:00,NFLX260821P00109000,2025-12-29 20:14:50+00:00,109.0,19.1,24.55,25.25,0.0,0.0,2.0,82.0,0.3001778967285156,True,REGULAR,USD
NFLX,2026-08-21,put,2026-01-21T21:40:31.016811+00:00,NFLX260821P00110000,2026-01-21 20:48:00+00:00,110.0,26.05,25.5,26.05,1.5,6.1099796,55.0,303.0,0.29480685668945306,True,REGULAR,USD
NFLX,2026-08-21,put,2026-01-21T21:40:31.016811+00:00,NFLX260821P00111000,2025-12-08 15:26:23+00:00,111.0,20.02,26.3,27.0,0.0,0.0,100.0,551.0,0.29834686035156244,True,REGULAR,USD
NFLX,2026-08-21,put,2026-01-21T21:40:31.016811+00:00,NFLX260821P00112000,2026-01-21 20:53:19+00:00,112.0,27.5,27.15,27.9,4.0200005,17.120956,10.0,314.0,0.29834686035156244,True,REGULAR,USD
NFLX,2026-08-21,put,2026-01-21T21:40:31.016811+00:00,NFLX260821P00114000,2026-01-21 19:42:21+00:00,114.0,30.09,28.9,29.7,2.9899998,11.033209,10.0,842.0,0.2967599621582031,True,REGULAR,USD
NFLX,2026-08-21,put,2026-01-21T21:40:31.016811+00:00,NFLX260821P00115000,2026-01-05 15:32:33+00:00,115.0,25.28,29.9,30.55,0.0,0.0,50.0,51.0,0.29114478393554677,True,REGULAR,USD
NFLX,2026-08-21,put,2026-01-21T21:40:31.016811+00:00,NFLX260821P00116000,2026-01-14 14:30:03+00:00,116.0,26.85,30.75,31.55,0.0,0.0,30.0,340.0,0.2971261694335937,True,REGULAR,USD
NFLX,2026-08-21,put,2026-01-21T21:40:31.016811+00:00,NFLX260821P00118000,2026-01-21 19:04:23+00:00,118.0,34.34,32.55,33.4,9.690001,39.31035,20.0,215.0,0.2955392712402344,True,REGULAR,USD
NFLX,2026-08-21,put,2026-01-21T21:40:31.016811+00:00,NFLX260821P00120000,2026-01-16 15:03:18+00:00,120.0,33.04,34.55,35.25,0.0,0.0,15.0,321.0,0.29175512939453113,True,REGULAR,USD
NFLX,2026-08-21,put,2026-01-21T21:40:31.016811+00:00,NFLX260821P00122000,2025-12-08 17:27:48+00:00,122.0,28.52,34.9,38.75,0.0,0.0,5.0,271.0,0.4167538793945312,True,REGULAR,USD
NFLX,2026-08-21,put,2026-01-21T21:40:31.016811+00:00,NFLX260821P00124000,2025-12-10 20:37:22+00:00,124.0,32.08,36.95,40.7,0.0,0.0,200.0,473.0,0.42566492309570314,True,REGULAR,USD
NFLX,2026-08-21,put,2026-01-21T21:40:31.016811+00:00,NFLX260821P00125000,2026-01-07 14:32:40+00:00,125.0,34.1,37.95,41.65,0.0,0.0,10.0,152.0,0.42847251220703125,True,REGULAR,USD
NFLX,2026-08-21,put,2026-01-21T21:40:31.016811+00:00,NFLX260821P00126000,2025-12-15 05:01:52+00:00,126.0,14.3,,,0.0,0.0,,,0.0,True,REGULAR,USD
NFLX,2026-08-21,put,2026-01-21T21:40:31.016811+00:00,NFLX260821P00128000,2026-01-09 16:45:49+00:00,128.0,39.48,40.9,44.65,0.0,0.0,7.0,14.0,0.44556218505859374,True,REGULAR,USD
NFLX,2026-08-21,put,2026-01-21T21:40:31.016811+00:00,NFLX260821P00130000,2026-01-09 20:15:57+00:00,130.0,41.22,42.75,46.65,0.0,0.0,2.0,156.0,0.45667047241210945,True,REGULAR,USD
NFLX,2026-08-21,put,2026-01-21T21:40:31.016811+00:00,NFLX260821P00132000,2025-12-10 20:37:28+00:00,132.0,39.39,44.7,48.65,0.0,0.0,5.0,5.0,0.46753462158203124,True,REGULAR,USD
NFLX,2026-08-21,put,2026-01-21T21:40:31.016811+00:00,NFLX260821P00134000,2025-12-10 20:35:15+00:00,134.0,41.45,46.7,50.65,0.0,0.0,5.0,5.0,0.4781546325683594,True,REGULAR,USD
NFLX,2026-08-21,put,2026-01-21T21:40:31.016811+00:00,NFLX260821P00135000,2025-12-10 20:33:08+00:00,135.0,42.3,48.1,51.65,0.0,0.0,,4.0,0.48328153442382815,True,REGULAR,USD
NFLX,2026-08-21,put,2026-01-21T21:40:31.016811+00:00,NFLX260821P00136000,2025-12-05 19:50:34+00:00,136.0,36.32,49.1,52.65,0.0,0.0,10.0,5.0,0.4885305053710938,True,REGULAR,USD
NFLX,2026-08-21,put,2026-01-21T21:40:31.016811+00:00,NFLX260821P00140000,2025-12-15 05:01:53+00:00,140.0,26.33,,,0.0,0.0,,,0.0,True,REGULAR,USD
NFLX,2026-08-21,put,2026-01-21T21:40:31.016811+00:00,NFLX260821P00144000,2025-11-14 15:55:06+00:00,144.0,33.96,51.25,55.2,0.0,0.0,,0.0,1.0000000000000003e-05,True,REGULAR,USD
NFLX,2026-08-21,put,2026-01-21T21:40:31.016811+00:00,NFLX260821P00146000,2025-11-04 19:01:58+00:00,146.0,38.07,53.2,57.2,0.0,0.0,,0.0,1.0000000000000003e-05,True,REGULAR,USD
NFLX,2026-08-21,put,2026-01-21T21:40:31.016811+00:00,NFLX260821P00150000,2025-11-13 17:38:55+00:00,150.0,36.14,57.25,61.25,0.0,0.0,,0.0,1.0000000000000003e-05,True,REGULAR,USD
NFLX,2026-08-21,put,2026-01-21T21:40:31.016811+00:00,NFLX260821P00155000,2025-11-04 19:01:58+00:00,155.0,46.24,62.25,66.35,0.0,0.0,,0.0,1.0000000000000003e-05,True,REGULAR,USD
NFLX,2026-08-21,put,2026-01-21T21:40:31.016811+00:00,NFLX260821P00158000,2025-12-15 05:01:54+00:00,158.0,35.47,,,0.0,0.0,,,0.0,True,REGULAR,USD
NFLX,2026-08-21,put,2026-01-21T21:40:31.016811+00:00,NFLX260821P00175000,2025-12-08 14:37:51+00:00,175.0,76.85,87.8,91.65,0.0,0.0,30.0,0.0,0.6541782629394532,True,REGULAR,USD
NFLX,2026-08-21,put,2026-01-21T21:40:31.016811+00:00,NFLX260821P00176000,2025-11-14 14:30:08+00:00,176.0,62.65,83.8,87.45,0.0,0.0,,0.0,1.0000000000000003e-05,True,REGULAR,USD
NFLX,2026-08-21,put,2026-01-21T21:40:31.016811+00:00,NFLX260821P00178000,2025-11-14 14:30:08+00:00,178.0,64.65,85.5,89.45,0.0,0.0,,0.0,1.0000000000000003e-05,True,REGULAR,USD
NFLX,2026-08-21,put,2026-01-21T21:40:31.016811+00:00,NFLX260821P00180000,2025-12-05 17:47:43+00:00,180.0,80.26,92.8,96.65,0.0,0.0,30.0,0.0,0.6716341430664063,True,REGULAR,USD
NFLX,2026-08-21,put,2026-01-21T21:40:31.016811+00:00,NFLX260821P00184000,2025-12-05 17:10:17+00:00,184.0,84.0,96.85,100.65,0.0,0.0,1.0,0.0,0.6853058813476562,True,REGULAR,USD
NFLX,2026-08-21,put,2026-01-21T21:40:31.016811+00:00,NFLX260821P00560000,2025-11-14 17:20:12+00:00,560.0,4.76,3.65,5.6,-0.5899997,-11.028031,1.0,22.0,1.0000000000000003e-05,True,REGULAR,USD
NFLX,2026-08-21,put,2026-01-21T21:40:31.016811+00:00,NFLX260821P00580000,2025-11-10 15:10:29+00:00,580.0,5.56,4.45,5.7,0.0,0.0,6.0,13.0,1.0000000000000003e-05,True,REGULAR,USD
NFLX,2026-08-21,put,2026-01-21T21:40:31.016811+00:00,NFLX260821P00600000,2025-11-14 17:20:12+00:00,600.0,6.33,5.2,7.7,0.27999973,4.6280947,1.0,62.0,1.0000000000000003e-05,True,REGULAR,USD
NFLX,2026-08-21,put,2026-01-21T21:40:31.016811+00:00,NFLX260821P00620000,2025-10-27 14:38:34+00:00,620.0,7.81,6.1,8.7,0.0,0.0,1.0,1.0,1.0000000000000003e-05,True,REGULAR,USD
NFLX,2026-08-21,put,2026-01-21T21:40:31.016811+00:00,NFLX260821P00660000,2025-10-23 14:32:25+00:00,660.0,9.8,8.7,10.5,0.0,0.0,2.0,13.0,1.0000000000000003e-05,True,REGULAR,USD
NFLX,2026-08-21,put,2026-01-21T21:40:31.016811+00:00,NFLX260821P00670000,2025-11-05 20:23:03+00:00,670.0,11.42,9.4,11.75,0.0,0.0,,1.0,1.0000000000000003e-05,True,REGULAR,USD
NFLX,2026-08-21,put,2026-01-21T21:40:31.016811+00:00,NFLX260821P00680000,2025-11-07 20:43:37+00:00,680.0,11.15,9.95,12.6,0.0,0.0,1.0,12.0,1.0000000000000003e-05,True,REGULAR,USD
NFLX,2026-08-21,put,2026-01-21T21:40:31.016811+00:00,NFLX260821P00690000,2025-11-03 20:26:06+00:00,690.0,13.0,10.7,13.45,0.0,0.0,4.0,26.0,1.0000000000000003e-05,True,REGULAR,USD
NFLX,2026-08-21,put,2026-01-21T21:40:31.016811+00:00,NFLX260821P00700000,2025-11-05 17:10:09+00:00,700.0,13.95,11.75,13.5,0.0,0.0,30.0,34.0,1.0000000000000003e-05,True,REGULAR,USD
NFLX,2026-08-21,put,2026-01-21T21:40:31.016811+00:00,NFLX260821P00710000,2025-11-05 15:19:10+00:00,710.0,16.1,12.3,15.25,0.0,0.0,1.0,1.0,1.0000000000000003e-05,True,REGULAR,USD
NFLX,2026-08-21,put,2026-01-21T21:40:31.016811+00:00,NFLX260821P00720000,2025-10-31 17:04:59+00:00,720.0,13.75,13.35,16.25,0.0,0.0,4.0,26.0,1.0000000000000003e-05,True,REGULAR,USD
NFLX,2026-08-21,put,2026-01-21T21:40:31.016811+00:00,NFLX260821P00740000,2025-11-10 18:19:05+00:00,740.0,16.38,15.15,18.35,0.0,0.0,4.0,6.0,1.0000000000000003e-05,True,REGULAR,USD
NFLX,2026-08-21,put,2026-01-21T21:40:31.016811+00:00,NFLX260821P00750000,2025-11-10 14:30:02+00:00,750.0,20.5,17.0,19.6,0.0,0.0,1.0,28.0,1.0000000000000003e-05,True,REGULAR,USD
NFLX,2026-08-21,put,2026-01-21T21:40:31.016811+00:00,NFLX260821P00760000,2025-11-10 18:15:42+00:00,760.0,18.67,17.5,20.85,0.0,0.0,5.0,11.0,1.0000000000000003e-05,True,REGULAR,USD
NFLX,2026-08-21,put,2026-01-21T21:40:31.016811+00:00,NFLX260821P00770000,2025-10-31 16:09:03+00:00,770.0,18.45,19.45,22.2,0.0,0.0,2.0,7.0,1.0000000000000003e-05,True,REGULAR,USD
NFLX,2026-08-21,put,2026-01-21T21:40:31.016811+00:00,NFLX260821P00780000,2025-10-31 16:11:42+00:00,780.0,19.7,21.2,23.6,0.0,0.0,2.0,9.0,1.0000000000000003e-05,True,REGULAR,USD
NFLX,2026-08-21,put,2026-01-21T21:40:31.016811+00:00,NFLX260821P00790000,2025-11-14 17:19:16+00:00,790.0,22.98,22.75,24.6,0.32999992,1.4569533,3.0,9.0,1.0000000000000003e-05,True,REGULAR,USD
NFLX,2026-08-21,put,2026-01-21T21:40:31.016811+00:00,NFLX260821P00800000,2025-11-14 17:19:16+00:00,800.0,24.5,24.1,25.8,1.2299995,5.2857733,3.0,48.0,1.0000000000000003e-05,True,REGULAR,USD
NFLX,2026-08-21,put,2026-01-21T21:40:31.016811+00:00,NFLX260821P00810000,2025-11-13 15:14:21+00:00,810.0,21.85,25.75,27.35,0.0,0.0,5.0,16.0,1.0000000000000003e-05,True,REGULAR,USD
NFLX,2026-08-21,put,2026-01-21T21:40:31.016811+00:00,NFLX260821P00820000,2025-10-31 16:04:15+00:00,820.0,25.4,25.85,29.9,0.0,0.0,1.0,3.0,1.0000000000000003e-05,True,REGULAR,USD
NFLX,2026-08-21,put,2026-01-21T21:40:31.016811+00:00,NFLX260821P00830000,2025-09-15 14:12:21+00:00,830.0,27.4,24.0,27.1,0.0,0.0,4.0,7.0,1.0000000000000003e-05,True,REGULAR,USD
NFLX,2026-08-21,put,2026-01-21T21:40:31.016811+00:00,NFLX260821P00840000,2025-08-27 14:28:55+00:00,840.0,25.15,24.05,26.8,0.0,0.0,,1.0,1.0000000000000003e-05,True,REGULAR,USD
NFLX,2026-08-21,put,2026-01-21T21:40:31.016811+00:00,NFLX260821P00850000,2025-11-14 20:55:56+00:00,850.0,33.45,32.85,34.7,4.75,16.550522,6.0,16.0,1.0000000000000003e-05,True,REGULAR,USD
NFLX,2026-08-21,put,2026-01-21T21:40:31.016811+00:00,NFLX260821P00860000,2025-10-23 19:15:18+00:00,860.0,35.32,34.85,37.7,0.0,0.0,1.0,10.0,1.0000000000000003e-05,True,REGULAR,USD
NFLX,2026-08-21,put,2026-01-21T21:40:31.016811+00:00,NFLX260821P00870000,2025-11-12 15:46:00+00:00,870.0,33.5,35.5,39.85,0.0,0.0,1.0,38.0,1.0000000000000003e-05,True,REGULAR,USD
NFLX,2026-08-21,put,2026-01-21T21:40:31.016811+00:00,NFLX260821P00880000,2025-10-31 16:15:20+00:00,880.0,36.5,39.1,42.15,0.0,0.0,1.0,14.0,1.0000000000000003e-05,True,REGULAR,USD
NFLX,2026-08-21,put,2026-01-21T21:40:31.016811+00:00,NFLX260821P00890000,2025-11-14 20:56:03+00:00,890.0,41.7,41.4,43.05,-1.7000008,-3.9170523,6.0,20.0,1.0000000000000003e-05,True,REGULAR,USD
NFLX,2026-08-21,put,2026-01-21T21:40:31.016811+00:00,NFLX260821P00900000,2025-11-14 19:10:24+00:00,900.0,43.0,43.65,46.95,2.7200012,6.7527337,1.0,131.0,1.0000000000000003e-05,True,REGULAR,USD
NFLX,2026-08-21,put,2026-01-21T21:40:31.016811+00:00,NFLX260821P00910000,2025-11-03 18:56:49+00:00,910.0,50.75,46.25,49.05,0.0,0.0,4.0,32.0,1.0000000000000003e-05,True,REGULAR,USD
NFLX,2026-08-21,put,2026-01-21T21:40:31.016811+00:00,NFLX260821P00920000,2025-10-24 19:17:19+00:00,920.0,52.4,48.7,51.6,0.0,0.0,1.0,6.0,1.0000000000000003e-05,True,REGULAR,USD
NFLX,2026-08-21,put,2026-01-21T21:40:31.016811+00:00,NFLX260821P00930000,2025-11-14 16:27:11+00:00,930.0,52.01,51.45,53.1,9.059998,21.09429,2.0,2.0,1.0000000000000003e-05,True,REGULAR,USD
NFLX,2026-08-21,put,2026-01-21T21:40:31.016811+00:00,NFLX260821P00940000,2025-09-05 14:36:07+00:00,940.0,39.65,43.65,47.75,0.0,0.0,10.0,14.0,1.0000000000000003e-05,True,REGULAR,USD
NFLX,2026-08-21,put,2026-01-21T21:40:31.016811+00:00,NFLX260821P00950000,2025-11-11 18:53:20+00:00,950.0,53.0,55.5,59.35,0.0,0.0,1.0,14.0,1.0000000000000003e-05,True,REGULAR,USD
NFLX,2026-08-21,put,2026-01-21T21:40:31.016811+00:00,NFLX260821P00960000,2025-11-12 16:41:27+00:00,960.0,54.5,58.15,62.9,0.0,0.0,1.0,33.0,1.0000000000000003e-05,True,REGULAR,USD
NFLX,2026-08-21,put,2026-01-21T21:40:31.016811+00:00,NFLX260821P00970000,2025-09-02 13:35:22+00:00,970.0,54.95,58.0,67.0,0.0,0.0,1.0,0.0,1.0000000000000003e-05,True,REGULAR,USD
NFLX,2026-08-21,put,2026-01-21T21:40:31.016811+00:00,NFLX260821P00980000,2025-10-28 14:10:26+00:00,980.0,65.9,64.25,69.75,0.0,0.0,8.0,4.0,1.0000000000000003e-05,True,REGULAR,USD
NFLX,2026-08-21,put,2026-01-21T21:40:31.016811+00:00,NFLX260821P00990000,2025-11-12 18:20:25+00:00,990.0,60.4,68.1,72.2,0.0,0.0,1.0,32.0,1.0000000000000003e-05,True,REGULAR,USD
NFLX,2026-08-21,put,2026-01-21T21:40:31.016811+00:00,NFLX260821P01000000,2025-11-12 18:16:03+00:00,1000.0,63.23,71.55,76.75,0.0,0.0,2.0,48.0,1.0000000000000003e-05,True,REGULAR,USD
NFLX,2026-08-21,put,2026-01-21T21:40:31.016811+00:00,NFLX260821P01010000,2025-11-05 19:17:07+00:00,1010.0,84.15,75.1,80.45,0.0,0.0,1.0,15.0,1.0000000000000003e-05,True,REGULAR,USD
NFLX,2026-08-21,put,2026-01-21T21:40:31.016811+00:00,NFLX260821P01020000,2025-08-29 19:40:23+00:00,1020.0,65.5,71.1,75.25,0.0,0.0,2.0,2.0,1.0000000000000003e-05,True,REGULAR,USD
NFLX,2026-08-21,put,2026-01-21T21:40:31.016811+00:00,NFLX260821P01030000,2025-10-31 13:56:46+00:00,1030.0,82.2,83.35,87.45,0.0,0.0,2.0,6.0,1.0000000000000003e-05,True,REGULAR,USD
NFLX,2026-08-21,put,2026-01-21T21:40:31.016811+00:00,NFLX260821P01040000,2025-11-14 15:41:51+00:00,1040.0,87.4,87.3,92.0,-6.0899963,-6.514062,1.0,6.0,1.0000000000000003e-05,True,REGULAR,USD
NFLX,2026-08-21,put,2026-01-21T21:40:31.016811+00:00,NFLX260821P01050000,2025-11-14 15:41:51+00:00,1050.0,91.45,91.35,95.2,3.9899979,4.5620832,1.0,15.0,1.0000000000000003e-05,True,REGULAR,USD
NFLX,2026-08-21,put,2026-01-21T21:40:31.016811+00:00,NFLX260821P01060000,2025-11-13 17:39:05+00:00,1060.0,84.15,95.5,99.45,0.0,0.0,2.0,10.0,1.0000000000000003e-05,True,REGULAR,USD
NFLX,2026-08-21,put,2026-01-21T21:40:31.016811+00:00,NFLX260821P01070000,2025-10-29 19:35:50+00:00,1070.0,105.4,99.85,104.2,0.0,0.0,1.0,13.0,1.0000000000000003e-05,True,REGULAR,USD
NFLX,2026-08-21,put,2026-01-21T21:40:31.016811+00:00,NFLX260821P01080000,2025-11-06 17:23:44+00:00,1080.0,111.64,103.75,108.2,0.0,0.0,1.0,52.0,1.0000000000000003e-05,True,REGULAR,USD
NFLX,2026-08-21,put,2026-01-21T21:40:31.016811+00:00,NFLX260821P01090000,2025-11-14 15:53:45+00:00,1090.0,109.45,108.8,114.25,-14.400002,-11.626969,2.0,6.0,1.0000000000000003e-05,True,REGULAR,USD
NFLX,2026-08-21,put,2026-01-21T21:40:31.016811+00:00,NFLX260821P01100000,2025-11-14 17:58:25+00:00,1100.0,115.42,113.45,118.65,14.099998,13.916304,3.0,17.0,1.0000000000000003e-05,True,REGULAR,USD
NFLX,2026-08-21,put,2026-01-21T21:40:31.016811+00:00,NFLX260821P01110000,2025-11-14 15:42:01+00:00,1110.0,117.9,118.25,122.9,14.230003,13.726251,17.0,37.0,1.0000000000000003e-05,True,REGULAR,USD
NFLX,2026-08-21,put,2026-01-21T21:40:31.016811+00:00,NFLX260821P01120000,2025-11-14 15:41:10+00:00,1120.0,122.9,123.2,128.1,4.9000015,4.152544,3.0,32.0,1.0000000000000003e-05,True,REGULAR,USD
NFLX,2026-08-21,put,2026-01-21T21:40:31.016811+00:00,NFLX260821P01140000,2025-11-14 15:40:47+00:00,1140.0,132.9,133.4,139.55,16.319992,13.998963,3.0,65.0,1.0000000000000003e-05,True,REGULAR,USD
NFLX,2026-08-21,put,2026-01-21T21:40:31.016811+00:00,NFLX260821P01160000,2025-10-31 16:06:58+00:00,1160.0,138.82,144.25,149.0,0.0,0.0,1.0,20.0,1.0000000000000003e-05,True,REGULAR,USD
NFLX,2026-08-21,put,2026-01-21T21:40:31.016811+00:00,NFLX260821P01180000,2025-11-12 20:46:13+00:00,1180.0,153.2,155.6,159.4,18.289993,13.55718,1.0,23.0,1.0000000000000003e-05,True,REGULAR,USD
NFLX,2026-08-21,put,2026-01-21T21:40:31.016811+00:00,NFLX260821P01200000,2025-11-03 19:26:05+00:00,1200.0,181.02,167.35,172.35,0.0,0.0,1.0,27.0,1.0000000000000003e-05,True,REGULAR,USD
NFLX,2026-08-21,put,2026-01-21T21:40:31.016811+00:00,NFLX260821P01220000,2025-11-10 14:46:11+00:00,1220.0,175.72,179.6,185.15,0.0,0.0,3.0,28.0,1.0000000000000003e-05,True,REGULAR,USD
NFLX,2026-08-21,put,2026-01-21T21:40:31.016811+00:00,NFLX260821P01240000,2025-11-05 17:18:27+00:00,1240.0,204.23,193.25,197.8,0.0,0.0,1.0,17.0,1.0000000000000003e-05,True,REGULAR,USD
NFLX,2026-08-21,put,2026-01-21T21:40:31.016811+00:00,NFLX260821P01250000,2025-10-29 16:35:45+00:00,1250.0,205.72,199.0,204.95,0.0,0.0,5.0,15.0,1.0000000000000003e-05,True,REGULAR,USD
NFLX,2026-08-21,put,2026-01-21T21:40:31.016811+00:00,NFLX260821P01260000,2025-09-04 18:11:12+00:00,1260.0,143.0,188.5,195.65,0.0,0.0,1.0,2.0,1.0000000000000003e-05,True,REGULAR,USD
NFLX,2026-08-21,put,2026-01-21T21:40:31.016811+00:00,NFLX260821P01280000,2025-08-18 15:55:13+00:00,1280.0,158.85,169.9,176.3,0.0,0.0,,1.0,1.0000000000000003e-05,True,REGULAR,USD
NFLX,2026-08-21,put,2026-01-21T21:40:31.016811+00:00,NFLX260821P01300000,2025-10-28 14:48:12+00:00,1300.0,237.8,233.75,239.05,0.0,0.0,5.0,15.0,1.0000000000000003e-05,True,REGULAR,USD
NFLX,2026-08-21,put,2026-01-21T21:40:31.016811+00:00,NFLX260821P01320000,2025-09-30 17:51:40+00:00,1320.0,208.43,253.45,261.95,0.0,0.0,,1.0,1.0000000000000003e-05,True,REGULAR,USD
NFLX,2026-08-21,put,2026-01-21T21:40:31.016811+00:00,NFLX260821P01400000,2025-10-07 14:50:00+00:00,1400.0,263.25,316.3,324.0,0.0,0.0,,2.0,1.0000000000000003e-05,True,REGULAR,USD
NFLX,2026-08-21,put,2026-01-21T21:40:31.016811+00:00,NFLX260821P01440000,2025-11-14 15:55:06+00:00,1440.0,339.65,343.2,349.0,87.59,34.749664,2.0,1.0,1.0000000000000003e-05,True,REGULAR,USD
NFLX,2026-08-21,put,2026-01-21T21:40:31.016811+00:00,NFLX260821P01460000,2025-11-04 19:01:58+00:00,1460.0,380.69,360.25,365.75,0.0,0.0,2.0,2.0,1.0000000000000003e-05,True,REGULAR,USD
NFLX,2026-08-21,put,2026-01-21T21:40:31.016811+00:00,NFLX260821P01500000,2025-11-13 17:38:55+00:00,1500.0,361.35,395.25,400.65,0.0,0.0,2.0,1.0,1.0000000000000003e-05,True,REGULAR,USD
NFLX,2026-08-21,put,2026-01-21T21:40:31.016811+00:00,NFLX260821P01550000,2025-11-04 19:01:58+00:00,1550.0,462.41,440.6,446.1,0.0,0.0,,1.0,1.0000000000000003e-05,True,REGULAR,USD
NFLX,2026-08-21,put,2026-01-21T21:40:31.016811+00:00,NFLX260821P01580000,2025-09-05 13:48:38+00:00,1580.0,354.72,401.0,410.0,0.0,0.0,2.0,1.0,1.0000000000000003e-05,True,REGULAR,USD
NFLX,2027-06-17,call,2026-01-21T21:40:31.402662+00:00,NFLX270617C00000500,2025-10-24 14:19:00+00:00,0.5,110.68,87.95,107.95,0.0,0.0,,1560.0,0.0,True,REGULAR,USD
NFLX,2027-06-17,call,2026-01-21T21:40:31.402662+00:00,NFLX270617C00001000,2026-01-13 15:38:33+00:00,1.0,88.84,82.5,87.5,0.0,0.0,415.0,1080.0,3.1093772265624997,True,REGULAR,USD
NFLX,2027-06-17,call,2026-01-21T21:40:31.402662+00:00,NFLX270617C00001500,2026-01-20 16:56:37+00:00,1.5,87.5,82.0,86.7,0.0,0.0,140.0,160.0,2.3007854980468747,True,REGULAR,USD
NFLX,2027-06-17,call,2026-01-21T21:40:31.402662+00:00,NFLX270617C00004500,2025-10-27 14:06:52+00:00,4.5,105.05,100.0,110.0,0.0,0.0,,0.0,0.0,True,REGULAR,USD
NFLX,2027-06-17,call,2026-01-21T21:40:31.402662+00:00,NFLX270617C00005000,2025-10-27 14:06:52+00:00,5.0,104.95,100.0,110.0,0.0,0.0,49.0,0.0,0.0,True,REGULAR,USD
NFLX,2027-06-17,call,2026-01-21T21:40:31.402662+00:00,NFLX270617C00010000,2025-06-26 16:36:18+00:00,10.0,1289.58,1199.0,1209.0,0.0,0.0,38.0,67.0,0.0,True,REGULAR,USD
NFLX,2027-06-17,call,2026-01-21T21:40:31.402662+00:00,NFLX270617C00025000,2025-10-22 14:47:16+00:00,25.0,88.79,76.0,86.0,0.0,0.0,,10.0,2.783206166992188,True,REGULAR,USD
NFLX,2027-06-17,call,2026-01-21T21:40:31.402662+00:00,NFLX270617C00028000,2025-12-12 20:21:16+00:00,28.0,69.72,57.0,62.0,0.0,0.0,,20.0,0.760012165527344,True,REGULAR,USD
NFLX,2027-06-17,call,2026-01-21T21:40:31.402662+00:00,NFLX270617C00029000,2025-12-09 20:19:19+00:00,29.0,69.95,56.0,61.0,0.0,0.0,,2.0,0.7382838671874999,True,REGULAR,USD
NFLX,2027-06-17,call,2026-01-21T21:40:31.402662+00:00,NFLX270617C00030000,2026-01-20 20:52:27+00:00,30.0,61.0,55.5,60.0,0.0,0.0,2.0,17.0,0.7412135253906249,True,REGULAR,USD
NFLX,2027-06-17,call,2026-01-21T21:40:31.402662+00:00,NFLX270617C00031000,2025-12-04 15:40:40+00:00,31.0,74.84,59.0,64.5,0.0,0.0,50.0,40.0,1.0971724829101563,True,REGULAR,USD
NFLX,2027-06-17,call,2026-01-21T21:40:31.402662+00:00,NFLX270617C00032000,2025-10-24 16:08:41+00:00,32.0,80.4,70.0,80.0,0.0,0.0,,50.0,2.126713667602539,True,REGULAR,USD
NFLX,2027-06-17,call,2026-01-21T21:40:31.402662+00:00,NFLX270617C00033000,2025-12-15 05:13:18+00:00,33.0,91.88,,,0.0,0.0,,,0.0,True,REGULAR,USD
NFLX,2027-06-17,call,2026-01-21T21:40:31.402662+00:00,NFLX270617C00034000,2026-01-13 17:46:08+00:00,34.0,60.0,51.5,55.15,0.0,0.0,,1.0,0.6252478881835939,True,REGULAR,USD
NFLX,2027-06-17,call,2026-01-21T21:40:31.402662+00:00,NFLX270617C00036000,2025-12-15 05:13:18+00:00,36.0,91.98,,,0.0,0.0,,,0.0,True,REGULAR,USD
NFLX,2027-06-17,call,2026-01-21T21:40:31.402662+00:00,NFLX270617C00037000,2025-12-29 17:53:28+00:00,37.0,60.1,49.0,53.5,0.0,0.0,,10.0,0.6477086010742188,True,REGULAR,USD
NFLX,2027-06-17,call,2026-01-21T21:40:31.402662+00:00,NFLX270617C00038000,2025-11-19 14:48:48+00:00,38.0,76.4,53.0,58.0,0.0,0.0,,15.0,0.951050294189453,True,REGULAR,USD
NFLX,2027-06-17,call,2026-01-21T21:40:31.402662+00:00,NFLX270617C00039000,2025-11-18 20:19:51+00:00,39.0,78.5,52.5,56.05,0.0,0.0,,10.0,0.9143074975585939,True,REGULAR,USD
NFLX,2027-06-17,call,2026-01-21T21:40:31.402662+00:00,NFLX270617C00040000,2026-01-21 18:31:34+00:00,40.0,46.99,46.5,49.85,-4.989998,-9.599842,11.0,34.0,0.591923026123047,True,REGULAR,USD
NFLX,2027-06-17,call,2026-01-21T21:40:31.402662+00:00,NFLX270617C00042000,2026-01-21 14:30:00+00:00,42.0,44.65,44.5,48.1,-46.85,-51.202187,1.0,,0.5687298986816407,True,REGULAR,USD
NFLX,2027-06-17,call,2026-01-21T21:40:31.402662+00:00,NFLX270617C00044000,2026-01-21 17:52:51+00:00,44.0,43.67,43.0,47.5,-7.3700027,-14.43966,60.0,65.0,0.5950968225097657,True,REGULAR,USD
NFLX,2027-06-17,call,2026-01-21T21:40:31.402662+00:00,NFLX270617C00045000,2025-10-27 14:06:52+00:00,45.0,1050.5,1068.0,1078.0,0.0,0.0,1.0,0.0,0.0,True,REGULAR,USD
NFLX,2027-06-17,call,2026-01-21T21:40:31.402662+00:00,NFLX270617C00047000,2025-12-18 16:26:52+00:00,47.0,51.95,42.2,43.25,0.0,0.0,1.0,11.0,0.5741009387207032,True,REGULAR,USD
NFLX,2027-06-17,call,2026-01-21T21:40:31.402662+00:00,NFLX270617C00048000,2025-12-15 05:13:20+00:00,48.0,73.5,,,0.0,0.0,,,0.0,True,REGULAR,USD
NFLX,2027-06-17,call,2026-01-21T21:40:31.402662+00:00,NFLX270617C00049000,2026-01-21 15:25:38+00:00,49.0,40.45,40.6,41.55,-32.899998,-44.85344,15.0,,0.5612836840820312,True,REGULAR,USD
NFLX,2027-06-17,call,2026-01-21T21:40:31.402662+00:00,NFLX270617C00050000,2026-01-21 20:30:35+00:00,50.0,39.65,39.75,40.65,-3.3499985,-7.790694,49.0,95.0,0.5523116058349609,True,REGULAR,USD
NFLX,2027-06-17,call,2026-01-21T21:40:31.402662+00:00,NFLX270617C00052000,2026-01-21 18:02:44+00:00,52.0,36.71,38.2,39.1,-6.6900024,-15.414752,24.0,1.0,0.5435226312255861,True,REGULAR,USD
NFLX,2027-06-17,call,2026-01-21T21:40:31.402662+00:00,NFLX270617C00054000,2026-01-21 15:22:14+00:00,54.0,36.7,36.55,37.5,-5.0999985,-12.2009535,1.0,6.0,0.5307664111328125,True,REGULAR,USD
NFLX,2027-06-17,call,2026-01-21T21:40:31.402662+00:00,NFLX270617C00055000,2026-01-15 16:32:32+00:00,55.0,40.15,35.95,36.6,0.0,0.0,1.0,55.0,0.5267991656494142,True,REGULAR,USD
NFLX,2027-06-17,call,2026-01-21T21:40:31.402662+00:00,NFLX270617C00056000,2026-01-13 15:08:44+00:00,56.0,33.6,35.1,35.95,-6.6500015,-16.521742,2.0,54.0,0.5226488165283203,True,REGULAR,USD
NFLX,2027-06-17,call,2026-01-21T21:40:31.402662+00:00,NFLX270617C00058000,2026-01-12 14:53:38+00:00,58.0,38.7,33.55,34.45,0.0,0.0,1.0,33.0,0.5127612200927734,True,REGULAR,USD
NFLX,2027-06-17,call,2026-01-21T21:40:31.402662+00:00,NFLX270617C00060000,2026-01-21 20:58:54+00:00,60.0,32.53,32.2,32.75,-1.9700012,-5.7101483,118.0,269.0,0.5022022436523439,True,REGULAR,USD
NFLX,2027-06-17,call,2026-01-21T21:40:31.402662+00:00,NFLX270617C00062000,2026-01-21 20:17:23+00:00,62.0,30.5,30.65,31.4,-4.6500015,-13.229022,1.0,63.0,0.5069629382324219,True,REGULAR,USD
NFLX,2027-06-17,call,2026-01-21T21:40:31.402662+00:00,NFLX270617C00064000,2026-01-21 16:04:01+00:00,64.0,28.6,29.3,30.1,-5.3999996,-15.882351,12.0,77.0,0.5023243127441408,True,REGULAR,USD
NFLX,2027-06-17,call,2026-01-21T21:40:31.402662+00:00,NFLX270617C00065000,2026-01-21 16:34:45+00:00,65.0,27.42,28.7,29.35,-5.08,-15.630769,8.0,37.0,0.4963429272460938,True,REGULAR,USD
NFLX,2027-06-17,call,2026-01-21T21:40:31.402662+00:00,NFLX270617C00066000,2026-01-21 19:53:17+00:00,66.0,28.05,27.95,28.75,-2.9500008,-9.516131,11.0,21.0,0.495122236328125,True,REGULAR,USD
NFLX,2027-06-17,call,2026-01-21T21:40:31.402662+00:00,NFLX270617C00068000,2026-01-21 20:18:32+00:00,68.0,26.5,26.65,27.4,-3.5499992,-11.8136425,6.0,32.0,0.48718774536132814,True,REGULAR,USD
NFLX,2027-06-17,call,2026-01-21T21:40:31.402662+00:00,NFLX270617C00070000,2026-01-21 20:46:03+00:00,70.0,25.4,25.5,26.05,-3.1400013,-11.002107,84.0,398.0,0.47852083984375,True,REGULAR,USD
NFLX,2027-06-17,call,2026-01-21T21:40:31.402662+00:00,NFLX270617C00072000,2026-01-21 20:12:05+00:00,72.0,24.2,24.15,24.9,-2.9799995,-10.963942,5.0,123.0,0.475041870727539,True,REGULAR,USD
NFLX,2027-06-17,call,2026-01-21T21:40:31.402662+00:00,NFLX270617C00074000,2026-01-21 18:33:20+00:00,74.0,22.25,22.95,23.75,-4.75,-17.592592,22.0,83.0,0.47070841796875,True,REGULAR,USD
NFLX,2027-06-17,call,2026-01-21T21:40:31.402662+00:00,NFLX270617C00075000,2026-01-21 20:46:53+00:00,75.0,22.53,22.45,23.05,-2.5699997,-10.239042,55.0,153.0,0.4646659979248047,True,REGULAR,USD
NFLX,2027-06-17,call,2026-01-21T21:40:31.402662+00:00,NFLX270617C00076000,2026-01-21 18:14:51+00:00,76.0,20.7,21.8,22.6,-4.289999,-17.166862,72.0,81.0,0.46545944702148445,True,REGULAR,USD
NFLX,2027-06-17,call,2026-01-21T21:40:31.402662+00:00,NFLX270617C00078000,2026-01-21 20:31:03+00:00,78.0,20.55,20.7,21.45,-3.0900002,-13.071066,26.0,69.0,0.45941702697753906,True,REGULAR,USD
NFLX,2027-06-17,call,2026-01-21T21:40:31.402662+00:00,NFLX270617C00080000,2026-01-21 20:29:48+00:00,80.0,19.63,19.7,20.35,-3.2200012,-14.091908,223.0,501.0,0.4539849523925781,True,REGULAR,USD
NFLX,2027-06-17,call,2026-01-21T21:40:31.402662+00:00,NFLX270617C00082000,2026-01-21 20:05:20+00:00,82.0,18.8,18.65,19.35,-2.75,-12.761022,30.0,188.0,0.4504144314575196,True,REGULAR,USD
NFLX,2027-06-17,call,2026-01-21T21:40:31.402662+00:00,NFLX270617C00084000,2026-01-21 20:30:22+00:00,84.0,18.02,17.65,18.2,-2.5699997,-12.691357,150.0,56.0,0.44214425048828127,True,REGULAR,USD
NFLX,2027-06-17,call,2026-01-21T21:40:31.402662+00:00,NFLX270617C00085000,2026-01-21 20:47:33+00:00,85.0,17.38,17.5,17.85,-2.4300003,-12.266534,260.0,364.0,0.4435480450439453,True,REGULAR,USD
NFLX,2027-06-17,call,2026-01-21T21:40:31.402662+00:00,NFLX270617C00086000,2026-01-21 20:41:04+00:00,86.0,17.0,16.7,17.45,-2.7999992,-14.141412,536.0,136.0,0.4434259759521484,False,REGULAR,USD
NFLX,2027-06-17,call,2026-01-21T21:40:31.402662+00:00,NFLX270617C00088000,2026-01-21 20:27:16+00:00,88.0,15.85,15.9,16.55,-2.8199997,-15.104444,60.0,427.0,0.4400080413818359,False,REGULAR,USD
NFLX,2027-06-17,call,2026-01-21T21:40:31.402662+00:00,NFLX270617C00090000,2026-01-21 20:53:58+00:00,90.0,15.2,15.1,15.5,-2.3000002,-13.142858,871.0,2704.0,0.43207355041503903,False,REGULAR,USD
NFLX,2027-06-17,call,2026-01-21T21:40:31.402662+00:00,NFLX270617C00092000,2026-01-21 18:21:01+00:00,92.0,13.55,14.15,14.75,-3.749999,-21.676296,83.0,379.0,0.4309138940429688,False,REGULAR,USD
NFLX,2027-06-17,call,2026-01-21T21:40:31.402662+00:00,NFLX270617C00094000,2026-01-21 16:39:27+00:00,94.0,12.65,13.4,14.0,-3.5,-21.671827,5.0,450.0,0.42896078857421877,False,REGULAR,USD
NFLX,2027-06-17,call,2026-01-21T21:40:31.402662+00:00,NFLX270617C00095000,2026-01-21 20:36:55+00:00,95.0,13.23,13.15,13.65,-2.4700003,-15.732486,101.0,388.0,0.4283504431152344,False,REGULAR,USD
NFLX,2027-06-17,call,2026-01-21T21:40:31.402662+00:00,NFLX270617C00096000,2026-01-21 18:39:40+00:00,96.0,12.17,12.65,13.35,-3.7399998,-23.507227,29.0,202.0,0.42877768493652346,False,REGULAR,USD
NFLX,2027-06-17,call,2026-01-21T21:40:31.402662+00:00,NFLX270617C00098000,2026-01-21 20:33:18+00:00,98.0,12.3,11.95,12.6,-2.3999996,-16.326529,10.0,227.0,0.4253902676391602,False,REGULAR,USD
NFLX,2027-06-17,call,2026-01-21T21:40:31.402662+00:00,NFLX270617C00100000,2026-01-21 20:52:04+00:00,100.0,11.63,11.4,11.75,-1.9200001,-14.253898,375.0,1211.0,0.4188290539550781,False,REGULAR,USD
NFLX,2027-06-17,call,2026-01-21T21:40:31.402662+00:00,NFLX270617C00102000,2026-01-21 17:12:23+00:00,102.0,10.2,10.65,11.3,-3.1500006,-23.595509,13.0,105.0,0.4214840567016602,False,REGULAR,USD
NFLX,2027-06-17,call,2026-01-21T21:40:31.402662+00:00,NFLX270617C00104000,2026-01-21 17:09:58+00:00,104.0,9.75,10.05,10.7,-2.8199997,-22.434366,208.0,3405.0,0.4197750894165039,False,REGULAR,USD
NFLX,2027-06-17,call,2026-01-21T21:40:31.402662+00:00,NFLX270617C00105000,2026-01-21 20:58:50+00:00,105.0,10.3,9.9,10.3,-1.6999998,-14.166665,30.0,166.0,0.4161435339355468,False,REGULAR,USD
NFLX,2027-06-17,call,2026-01-21T21:40:31.402662+00:00,NFLX270617C00106000,2026-01-21 15:19:02+00:00,106.0,9.65,9.45,10.1,-2.3500004,-19.583336,6.0,443.0,0.417425259399414,False,REGULAR,USD
NFLX,2027-06-17,call,2026-01-21T21:40:31.402662+00:00,NFLX270617C00108000,2026-01-21 19:48:19+00:00,108.0,9.1,8.9,9.5,-2.3499994,-20.524012,15.0,274.0,0.4143735321044921,False,REGULAR,USD
NFLX,2027-06-17,call,2026-01-21T21:40:31.402662+00:00,NFLX270617C00110000,2026-01-21 20:42:27+00:00,110.0,8.75,8.45,9.0,-1.75,-16.666666,152.0,886.0,0.41330542755126953,False,REGULAR,USD
NFLX,2027-06-17,call,2026-01-21T21:40:31.402662+00:00,NFLX270617C00112000,2026-01-21 19:41:45+00:00,112.0,8.0,7.9,8.6,-2.6499996,-24.882627,1.0,1288.0,0.4141904284667969,False,REGULAR,USD
NFLX,2027-06-17,call,2026-01-21T21:40:31.402662+00:00,NFLX270617C00114000,2026-01-21 15:54:12+00:00,114.0,7.35,7.45,8.1,-2.2100005,-23.117159,1.0,1627.0,0.4119321502685547,False,REGULAR,USD
NFLX,2027-06-17,call,2026-01-21T21:40:31.402662+00:00,NFLX270617C00115000,2026-01-21 19:43:38+00:00,115.0,7.25,7.25,7.8,-2.2799997,-23.924446,214.0,179.0,0.40927714752197264,False,REGULAR,USD
NFLX,2027-06-17,call,2026-01-21T21:40:31.402662+00:00,NFLX270617C00116000,2026-01-21 18:23:01+00:00,116.0,6.78,7.0,7.7,-2.4699998,-26.702702,100.0,465.0,0.41174904663085937,False,REGULAR,USD
NFLX,2027-06-17,call,2026-01-21T21:40:31.402662+00:00,NFLX270617C00118000,2026-01-21 15:52:09+00:00,118.0,6.6,6.75,7.25,-2.2000003,-25.000004,20.0,486.0,0.4097043893432617,False,REGULAR,USD
NFLX,2027-06-17,call,2026-01-21T21:40:31.402662+00:00,NFLX270617C00120000,2026-01-21 19:56:11+00:00,120.0,6.45,6.3,6.8,-1.6999998,-20.858894,445.0,1401.0,0.40704938659667966,False,REGULAR,USD
NFLX,2027-06-17,call,2026-01-21T21:40:31.402662+00:00,NFLX270617C00122000,2026-01-21 19:50:16+00:00,122.0,6.1,5.85,6.5,-1.8000002,-22.784811,7.0,472.0,0.4080259393310547,False,REGULAR,USD
NFLX,2027-06-17,call,2026-01-21T21:40:31.402662+00:00,NFLX270617C00124000,2026-01-21 20:54:18+00:00,124.0,5.8,5.5,6.15,-1.6999998,-22.666664,26.0,481.0,0.40717145568847657,False,REGULAR,USD
NFLX,2027-06-17,call,2026-01-21T21:40:31.402662+00:00,NFLX270617C00125000,2026-01-21 20:57:21+00:00,125.0,5.64,5.6,5.8,-1.6300001,-22.42091,47.0,261.0,0.40146472564697266,False,REGULAR,USD
NFLX,2027-06-17,call,2026-01-21T21:40:31.402662+00:00,NFLX270617C00126000,2026-01-21 17:06:06+00:00,126.0,5.35,5.25,5.75,-3.15,-37.058823,2.0,402.0,0.40430283203125,False,REGULAR,USD
NFLX,2027-06-17,call,2026-01-21T21:40:31.402662+00:00,NFLX270617C00128000,2026-01-06 14:30:06+00:00,128.0,7.75,4.9,5.55,0.0,0.0,2.0,290.0,0.4068662829589844,False,REGULAR,USD
NFLX,2027-06-17,call,2026-01-21T21:40:31.402662+00:00,NFLX270617C00130000,2026-01-21 20:37:56+00:00,130.0,4.8,4.75,5.1,-1.6999998,-26.153843,109.0,1285.0,0.40143420837402344,False,REGULAR,USD
NFLX,2027-06-17,call,2026-01-21T21:40:31.402662+00:00,NFLX270617C00132000,2026-01-21 20:19:49+00:00,132.0,4.49,4.35,4.9,-1.6600003,-26.991875,8.0,585.0,0.40320421020507813,False,REGULAR,USD
NFLX,2027-06-17,call,2026-01-21T21:40:31.402662+00:00,NFLX270617C00134000,2026-01-21 17:06:37+00:00,134.0,4.1,4.1,4.75,-1.5900002,-27.943764,20.0,663.0,0.4061338684082031,False,REGULAR,USD
NFLX,2027-06-17,call,2026-01-21T21:40:31.402662+00:00,NFLX270617C00135000,2026-01-21 16:55:38+00:00,135.0,3.9,4.0,4.55,-1.7999997,-31.578943,6.0,223.0,0.4035093829345704,False,REGULAR,USD
NFLX,2027-06-17,call,2026-01-21T21:40:31.402662+00:00,NFLX270617C00136000,2026-01-21 17:09:39+00:00,136.0,3.89,3.9,4.5,-1.76,-31.150442,20.0,182.0,0.4055845574951171,False,REGULAR,USD
NFLX,2027-06-17,call,2026-01-21T21:40:31.402662+00:00,NFLX270617C00138000,2026-01-21 18:13:37+00:00,138.0,3.65,3.65,4.3,-1.6500001,-31.132078,5.0,705.0,0.4062559375,False,REGULAR,USD
NFLX,2027-06-17,call,2026-01-21T21:40:31.402662+00:00,NFLX270617C00140000,2026-01-21 20:18:24+00:00,140.0,3.62,3.5,4.0,-1.44,-28.458498,292.0,1030.0,0.4032652447509766,False,REGULAR,USD
NFLX,2027-06-17,call,2026-01-21T21:40:31.402662+00:00,NFLX270617C00142000,2026-01-21 16:25:07+00:00,142.0,3.3,3.25,3.85,-1.45,-30.526316,15.0,184.0,0.40491317749023437,False,REGULAR,USD
NFLX,2027-06-17,call,2026-01-21T21:40:31.402662+00:00,NFLX270617C00144000,2026-01-21 18:23:10+00:00,144.0,3.2,3.05,3.7,-1.4399998,-31.034481,9.0,249.0,0.4062559375,False,REGULAR,USD
NFLX,2027-06-17,call,2026-01-21T21:40:31.402662+00:00,NFLX270617C00145000,2026-01-20 20:57:40+00:00,145.0,4.45,3.0,3.5,0.0,0.0,4.0,71.0,0.4023497265625,False,REGULAR,USD
NFLX,2027-06-17,call,2026-01-21T21:40:31.402662+00:00,NFLX270617C00146000,2025-12-15 15:32:17+00:00,146.0,5.85,2.91,3.5,0.0,0.0,6.0,103.0,0.40552352294921873,False,REGULAR,USD
NFLX,2027-06-17,call,2026-01-21T21:40:31.402662+00:00,NFLX270617C00148000,2026-01-21 14:48:55+00:00,148.0,2.83,2.75,3.35,-1.1500001,-28.894474,2.0,195.0,0.40631697204589845,False,REGULAR,USD
NFLX,2027-06-17,call,2026-01-21T21:40:31.402662+00:00,NFLX270617C00150000,2026-01-21 20:48:25+00:00,150.0,2.88,2.8,3.15,-1.02,-26.153845,399.0,3667.0,0.4048521429443359,False,REGULAR,USD
NFLX,2027-06-17,call,2026-01-21T21:40:31.402662+00:00,NFLX270617C00152000,2026-01-15 15:23:47+00:00,152.0,3.85,2.46,3.05,0.0,0.0,3.0,654.0,0.40698835205078127,False,REGULAR,USD
NFLX,2027-06-17,call,2026-01-21T21:40:31.402662+00:00,NFLX270617C00154000,2026-01-13 20:42:16+00:00,154.0,3.65,2.34,2.87,0.0,0.0,26.0,215.0,0.4056455920410156,False,REGULAR,USD
NFLX,2027-06-17,call,2026-01-21T21:40:31.402662+00:00,NFLX270617C00155000,2026-01-21 16:11:58+00:00,155.0,2.42,2.32,2.74,-1.0799999,-30.857141,70.0,67.0,0.40320421020507813,False,REGULAR,USD
NFLX,2027-06-17,call,2026-01-21T21:40:31.402662+00:00,NFLX270617C00156000,2026-01-21 15:17:42+00:00,156.0,2.5,2.21,2.74,-0.79999995,-24.242422,4.0,102.0,0.40601179931640624,False,REGULAR,USD
NFLX,2027-06-17,call,2026-01-21T21:40:31.402662+00:00,NFLX270617C00158000,2026-01-21 15:27:38+00:00,158.0,2.3,2.1,2.61,-0.85000014,-26.98413,23.0,287.0,0.40607283386230464,False,REGULAR,USD
NFLX,2027-06-17,call,2026-01-21T21:40:31.402662+00:00,NFLX270617C00160000,2026-01-21 20:19:30+00:00,160.0,2.2,2.03,2.44,-0.95000005,-30.158731,27.0,236.0,0.4041197283935547,False,REGULAR,USD
NFLX,2027-06-17,call,2026-01-21T21:40:31.402662+00:00,NFLX270617C00162000,2026-01-20 14:30:05+00:00,162.0,3.0,1.89,2.39,0.0,0.0,1.0,468.0,0.40717145568847657,False,REGULAR,USD
NFLX,2027-06-17,call,2026-01-21T21:40:31.402662+00:00,NFLX270617C00164000,2026-01-13 17:45:35+00:00,164.0,2.75,1.79,2.29,0.0,0.0,50.0,174.0,0.407781801147461,False,REGULAR,USD
NFLX,2027-06-17,call,2026-01-21T21:40:31.402662+00:00,NFLX270617C00166000,2026-01-09 18:35:19+00:00,166.0,2.61,1.7,2.19,0.0,0.0,2.0,363.0,0.40820904296875,False,REGULAR,USD
NFLX,2027-06-17,call,2026-01-21T21:40:31.402662+00:00,NFLX270617C00168000,2026-01-21 15:31:52+00:00,168.0,1.81,1.64,2.11,-0.76,-29.571985,5.0,474.0,0.40930766479492187,False,REGULAR,USD
NFLX,2027-06-17,call,2026-01-21T21:40:31.402662+00:00,NFLX270617C00170000,2026-01-20 15:09:26+00:00,170.0,1.79,1.56,1.98,-0.6700001,-27.235775,1.0,2374.0,0.407781801147461,False,REGULAR,USD
NFLX,2027-06-17,call,2026-01-21T21:40:31.402662+00:00,NFLX270617C00172000,2025-12-03 16:46:09+00:00,172.0,4.35,2.01,2.68,0.0,0.0,1.0,551.0,0.4451349432373046,False,REGULAR,USD
NFLX,2027-06-17,call,2026-01-21T21:40:31.402662+00:00,NFLX270617C00174000,2026-01-21 16:13:47+00:00,174.0,1.55,1.37,1.88,-0.75,-32.608696,23.0,184.0,0.41211525390625,False,REGULAR,USD
NFLX,2027-06-17,call,2026-01-21T21:40:31.402662+00:00,NFLX270617C00175000,2026-01-21 17:33:29+00:00,175.0,1.64,1.37,1.8,-0.45999992,-21.904758,2.0,318.0,0.4101621484375,False,REGULAR,USD
NFLX,2027-06-17,call,2026-01-21T21:40:31.402662+00:00,NFLX270617C00176000,2026-01-21 15:50:18+00:00,176.0,1.5,1.3,1.81,-2.41,-61.63683,1.0,70.0,0.41296973754882804,False,REGULAR,USD
NFLX,2027-06-17,call,2026-01-21T21:40:31.402662+00:00,NFLX270617C00178000,2026-01-21 20:16:23+00:00,178.0,1.43,1.24,1.74,-2.4500003,-63.144337,44.0,230.0,0.4136411175537109,False,REGULAR,USD
NFLX,2027-06-17,call,2026-01-21T21:40:31.402662+00:00,NFLX270617C00180000,2026-01-21 16:15:12+00:00,180.0,1.35,1.21,1.64,-0.7199999,-34.782608,16.0,1050.0,0.4124814611816406,False,REGULAR,USD
NFLX,2027-06-17,call,2026-01-21T21:40:31.402662+00:00,NFLX270617C00182000,2025-12-03 16:38:37+00:00,182.0,3.55,1.54,2.19,0.0,0.0,,670.0,0.4456842541503906,False,REGULAR,USD
NFLX,2027-06-17,call,2026-01-21T21:40:31.402662+00:00,NFLX270617C00184000,2025-12-12 17:58:34+00:00,184.0,2.75,1.1,1.58,0.0,0.0,2.0,712.0,0.4175473284912109,False,REGULAR,USD
NFLX,2027-06-17,call,2026-01-21T21:40:31.402662+00:00,NFLX270617C00185000,2026-01-15 19:34:12+00:00,185.0,1.75,1.18,1.53,0.0,0.0,10.0,282.0,0.4167538793945312,False,REGULAR,USD
NFLX,2027-06-17,call,2026-01-21T21:40:31.402662+00:00,NFLX270617C00186000,2025-11-20 14:30:05+00:00,186.0,4.8,1.26,2.16,0.0,0.0,,6.0,0.4528252960205078,False,REGULAR,USD
NFLX,2027-06-17,call,2026-01-21T21:40:31.402662+00:00,NFLX270617C00188000,2025-12-31 18:07:14+00:00,188.0,1.9,0.94,1.5,0.0,0.0,1.0,15.0,0.42102629760742194,False,REGULAR,USD
NFLX,2027-06-17,call,2026-01-21T21:40:31.402662+00:00,NFLX270617C00190000,2026-01-16 16:23:29+00:00,190.0,1.56,0.94,1.42,0.0,0.0,101.0,225.0,0.42017181396484377,False,REGULAR,USD
NFLX,2027-06-17,call,2026-01-21T21:40:31.402662+00:00,NFLX270617C00192000,2026-01-21 15:33:56+00:00,192.0,1.05,0.85,1.42,-0.8000001,-43.243248,1.0,151.0,0.42407802490234375,False,REGULAR,USD
NFLX,2027-06-17,call,2026-01-21T21:40:31.402662+00:00,NFLX270617C00195000,2026-01-08 14:30:00+00:00,195.0,1.51,0.83,1.32,0.0,0.0,1.0,30.0,0.4234676794433594,False,REGULAR,USD
NFLX,2027-06-17,call,2026-01-21T21:40:31.402662+00:00,NFLX270617C00200000,2026-01-21 20:25:06+00:00,200.0,0.94,0.93,1.24,-0.45999998,-32.85714,46.0,1181.0,0.42737389038085943,False,REGULAR,USD
NFLX,2027-06-17,call,2026-01-21T21:40:31.402662+00:00,NFLX270617C00201000,2026-01-02 14:32:01+00:00,201.0,1.39,0.67,1.27,0.0,0.0,2.0,110.0,0.4312801013183594,False,REGULAR,USD
NFLX,2027-06-17,call,2026-01-21T21:40:31.402662+00:00,NFLX270617C00202000,2025-12-22 15:11:06+00:00,202.0,1.49,0.66,1.23,0.0,0.0,2.0,699.0,0.43030354858398445,False,REGULAR,USD
NFLX,2027-06-17,call,2026-01-21T21:40:31.402662+00:00,NFLX270617C00204000,2025-12-09 19:48:11+00:00,204.0,1.8,0.63,1.23,0.0,0.0,5.0,75.0,0.4338435522460938,False,REGULAR,USD
NFLX,2027-06-17,call,2026-01-21T21:40:31.402662+00:00,NFLX270617C00205000,2025-11-03 18:08:19+00:00,205.0,3.0,0.89,1.5,0.0,0.0,,70.0,0.45337460693359377,False,REGULAR,USD
NFLX,2027-06-17,call,2026-01-21T21:40:31.402662+00:00,NFLX270617C00206000,2026-01-21 18:20:51+00:00,206.0,0.88,0.59,1.2,-0.52,-37.142857,25.0,10.0,0.43530838134765626,False,REGULAR,USD
NFLX,2027-06-17,call,2026-01-21T21:40:31.402662+00:00,NFLX270617C00207000,2025-12-03 17:19:26+00:00,207.0,2.09,0.8,1.74,0.0,0.0,,1.0,0.4714408325195312,False,REGULAR,USD
NFLX,2027-06-17,call,2026-01-21T21:40:31.402662+00:00,NFLX270617C00208000,2025-12-15 05:13:09+00:00,208.0,8.36,,,0.0,0.0,,,0.0,False,REGULAR,USD
NFLX,2027-06-17,call,2026-01-21T21:40:31.402662+00:00,NFLX270617C00209000,2025-11-06 14:54:50+00:00,209.0,2.81,0.76,1.4,0.0,0.0,,210.0,0.454107021484375,False,REGULAR,USD
NFLX,2027-06-17,call,2026-01-21T21:40:31.402662+00:00,NFLX270617C00210000,2026-01-21 18:02:44+00:00,210.0,0.78,0.6,1.11,-0.27999997,-26.415092,101.0,771.0,0.43567458862304687,False,REGULAR,USD
NFLX,2027-06-17,call,2026-01-21T21:40:31.402662+00:00,NFLX270617C00211000,2025-12-22 20:14:21+00:00,211.0,1.24,0.52,1.14,0.0,0.0,1.0,12.0,0.43958079956054685,False,REGULAR,USD
NFLX,2027-06-17,call,2026-01-21T21:40:31.402662+00:00,NFLX270617C00212000,2026-01-21 14:30:02+00:00,212.0,0.8,0.51,1.14,-2.66,-76.87861,7.0,20.0,0.44116769775390624,False,REGULAR,USD
NFLX,2027-06-17,call,2026-01-21T21:40:31.402662+00:00,NFLX270617C00213000,2026-01-21 20:34:38+00:00,213.0,0.7,0.7,1.12,-0.31,-30.69307,1.0,26.0,0.4414118359375,False,REGULAR,USD
NFLX,2027-06-17,call,2026-01-21T21:40:31.402662+00:00,NFLX270617C00214000,2025-11-12 20:09:37+00:00,214.0,3.33,0.67,1.36,0.0,0.0,,100.0,0.4600884069824219,False,REGULAR,USD
NFLX,2027-06-17,call,2026-01-21T21:40:31.402662+00:00,NFLX270617C00215000,2026-01-21 14:30:00+00:00,215.0,0.75,0.51,1.06,-0.23000002,-23.469389,1.0,45.0,0.4401911450195312,False,REGULAR,USD
NFLX,2027-06-17,call,2026-01-21T21:40:31.402662+00:00,NFLX270617C00216000,2026-01-09 15:54:23+00:00,216.0,0.89,0.46,1.09,0.0,0.0,1.0,332.0,0.4440973559570312,False,REGULAR,USD
NFLX,2027-06-17,call,2026-01-21T21:40:31.402662+00:00,NFLX270617C00218000,2025-12-15 05:13:11+00:00,218.0,3.4,,,0.0,0.0,,,0.0,False,REGULAR,USD
NFLX,2027-06-17,call,2026-01-21T21:40:31.402662+00:00,NFLX270617C00219000,2025-10-28 17:28:36+00:00,219.0,2.17,1.77,2.38,0.0,0.0,,60.0,0.5113574255371094,False,REGULAR,USD
NFLX,2027-06-17,call,2026-01-21T21:40:31.402662+00:00,NFLX270617C00220000,2026-01-21 15:54:15+00:00,220.0,0.63,0.45,1.1,-0.61,-49.193546,68.0,167.0,0.4512994323730469,False,REGULAR,USD
NFLX,2027-06-17,call,2026-01-21T21:40:31.402662+00:00,NFLX270617C00221000,2025-11-05 15:58:52+00:00,221.0,2.18,0.55,1.25,0.0,0.0,,260.0,0.4639946179199219,False,REGULAR,USD
NFLX,2027-06-17,call,2026-01-21T21:40:31.402662+00:00,NFLX270617C00222000,2026-01-20 14:30:33+00:00,222.0,0.88,0.41,2.55,0.0,0.0,8.0,38.0,0.5410202148437502,False,REGULAR,USD
NFLX,2027-06-17,call,2026-01-21T21:40:31.402662+00:00,NFLX270617C00223000,2025-12-17 17:55:17+00:00,223.0,1.23,0.38,2.52,0.0,0.0,1.0,21.0,0.541264353027344,False,REGULAR,USD
NFLX,2027-06-17,call,2026-01-21T21:40:31.402662+00:00,NFLX270617C00224000,2026-01-20 19:56:30+00:00,224.0,0.84,0.37,0.77,0.0,0.0,289.0,291.0,0.4294490649414063,False,REGULAR,USD
NFLX,2027-06-17,call,2026-01-21T21:40:31.402662+00:00,NFLX270617C00225000,2026-01-16 20:56:24+00:00,225.0,0.83,0.55,0.98,0.0,0.0,501.0,462.0,0.4495904650878906,False,REGULAR,USD
NFLX,2027-06-17,call,2026-01-21T21:40:31.402662+00:00,NFLX270617C00226000,2025-12-24 17:26:34+00:00,226.0,0.95,0.35,2.46,0.0,0.0,2.0,11.0,0.5433395275878907,False,REGULAR,USD
NFLX,2027-06-17,call,2026-01-21T21:40:31.402662+00:00,NFLX270617C00227000,2026-01-15 14:43:51+00:00,227.0,0.84,0.34,2.44,0.0,0.0,1.0,5.0,0.543949873046875,False,REGULAR,USD
NFLX,2027-06-17,call,2026-01-21T21:40:31.402662+00:00,NFLX270617C00228000,2025-11-19 15:25:24+00:00,228.0,2.1,0.46,1.3,0.0,0.0,,40.0,0.47852083984375,False,REGULAR,USD
NFLX,2027-06-17,call,2026-01-21T21:40:31.402662+00:00,NFLX270617C00229000,2025-12-31 19:14:58+00:00,229.0,0.88,0.32,2.4,0.0,0.0,,1.0,0.5452926330566408,False,REGULAR,USD
NFLX,2027-06-17,call,2026-01-21T21:40:31.402662+00:00,NFLX270617C00230000,2025-12-30 15:13:03+00:00,230.0,0.82,0.35,2.08,0.0,0.0,10.0,343.0,0.5299119274902344,False,REGULAR,USD
NFLX,2027-06-17,call,2026-01-21T21:40:31.402662+00:00,NFLX270617C00231000,2026-01-20 20:33:04+00:00,231.0,0.79,0.3,2.37,0.0,0.0,2.0,61.0,0.547001600341797,False,REGULAR,USD
NFLX,2027-06-17,call,2026-01-21T21:40:31.402662+00:00,NFLX270617C00233000,2025-12-12 15:09:00+00:00,233.0,1.17,0.29,2.33,0.0,0.0,1.0,51.0,0.5481002221679689,False,REGULAR,USD
NFLX,2027-06-17,call,2026-01-21T21:40:31.402662+00:00,NFLX270617C00234000,2025-12-05 14:30:04+00:00,234.0,2.93,0.28,2.31,0.0,0.0,1.0,1.0,0.5487105676269532,False,REGULAR,USD
NFLX,2027-06-17,call,2026-01-21T21:40:31.402662+00:00,NFLX270617C00235000,2026-01-21 14:33:14+00:00,235.0,0.65,0.31,1.99,-0.050000012,-7.1428585,1.0,31.0,0.5328415856933593,False,REGULAR,USD
NFLX,2027-06-17,call,2026-01-21T21:40:31.402662+00:00,NFLX270617C00236000,2026-01-15 14:36:15+00:00,236.0,0.79,0.26,2.28,0.0,0.0,1.0,11.0,0.5502974658203126,False,REGULAR,USD
NFLX,2027-06-17,call,2026-01-21T21:40:31.402662+00:00,NFLX270617C00237000,2025-12-19 18:45:32+00:00,237.0,0.9,0.26,2.26,0.0,0.0,25.0,60.0,0.5507857421875001,False,REGULAR,USD
NFLX,2027-06-17,call,2026-01-21T21:40:31.402662+00:00,NFLX270617C00238000,2026-01-12 14:36:01+00:00,238.0,0.74,0.25,2.24,0.0,0.0,,2.0,0.5512740185546876,False,REGULAR,USD
NFLX,2027-06-17,call,2026-01-21T21:40:31.402662+00:00,NFLX270617C00239000,2026-01-07 15:19:55+00:00,239.0,0.64,0.4,2.23,0.0,0.0,1.0,72.0,0.5522505712890625,False,REGULAR,USD
NFLX,2027-06-17,call,2026-01-21T21:40:31.402662+00:00,NFLX270617C00240000,2025-12-17 14:56:35+00:00,240.0,1.03,0.28,1.19,0.0,0.0,4.0,84.0,0.488408436279297,False,REGULAR,USD
NFLX,2027-06-17,call,2026-01-21T21:40:31.402662+00:00,NFLX270617C00242000,2026-01-06 17:53:21+00:00,242.0,0.58,0.22,2.18,0.0,0.0,1.0,3.0,0.5542036767578126,False,REGULAR,USD
NFLX,2027-06-17,call,2026-01-21T21:40:31.402662+00:00,NFLX270617C00243000,2026-01-16 20:49:46+00:00,243.0,0.64,0.22,2.17,0.0,0.0,2.0,6.0,0.5551191949462893,False,REGULAR,USD
NFLX,2027-06-17,call,2026-01-21T21:40:31.402662+00:00,NFLX270617C00244000,2025-12-15 05:13:14+00:00,244.0,2.5,,,0.0,0.0,,,0.0,False,REGULAR,USD
NFLX,2027-06-17,call,2026-01-21T21:40:31.402662+00:00,NFLX270617C00245000,2025-12-11 19:59:10+00:00,245.0,0.85,0.24,1.85,0.0,0.0,2.0,13.0,0.5397995239257813,False,REGULAR,USD
NFLX,2027-06-17,call,2026-01-21T21:40:31.402662+00:00,NFLX270617C00246000,2025-12-22 16:13:11+00:00,246.0,0.64,0.2,2.12,0.0,0.0,1.0,101.0,0.5568891967773439,False,REGULAR,USD
NFLX,2027-06-17,call,2026-01-21T21:40:31.402662+00:00,NFLX270617C00247000,2025-12-22 18:15:27+00:00,247.0,0.69,0.19,2.11,0.0,0.0,2.0,40.0,0.5577436804199221,False,REGULAR,USD
NFLX,2027-06-17,call,2026-01-21T21:40:31.402662+00:00,NFLX270617C00248000,2026-01-20 18:48:15+00:00,248.0,0.65,0.18,2.1,0.0,0.0,10.0,161.0,0.5587202331542969,False,REGULAR,USD
NFLX,2027-06-17,call,2026-01-21T21:40:31.402662+00:00,NFLX270617C00250000,2026-01-21 17:08:53+00:00,250.0,0.53,0.21,1.2,-0.060000002,-10.169492,3.0,303.0,0.5033008654785156,False,REGULAR,USD
NFLX,2027-06-17,call,2026-01-21T21:40:31.402662+00:00,NFLX270617C00252000,2025-12-30 18:11:53+00:00,252.0,0.61,0.16,2.05,0.0,0.0,1.0,9.0,0.5616498913574219,False,REGULAR,USD
NFLX,2027-06-17,call,2026-01-21T21:40:31.402662+00:00,NFLX270617C00254000,2025-12-26 15:48:13+00:00,254.0,0.6,0.15,2.02,0.0,0.0,10.0,15.0,0.5627485131835939,False,REGULAR,USD
NFLX,2027-06-17,call,2026-01-21T21:40:31.402662+00:00,NFLX270617C00256000,2026-01-20 14:30:12+00:00,256.0,0.83,0.14,2.0,0.0,0.0,2.0,53.0,0.5009815527343751,False,REGULAR,USD
NFLX,2027-06-17,call,2026-01-21T21:40:31.402662+00:00,NFLX270617C00257000,2026-01-21 14:30:01+00:00,257.0,0.42,0.13,1.98,-0.15,-26.315792,2.0,144.0,0.5009815527343751,False,REGULAR,USD
NFLX,2027-06-17,call,2026-01-21T21:40:31.402662+00:00,NFLX270617C00258000,2026-01-20 16:48:22+00:00,258.0,0.7,0.13,1.97,0.0,0.0,4.0,116.0,0.5019581054687501,False,REGULAR,USD
NFLX,2027-06-17,call,2026-01-21T21:40:31.402662+00:00,NFLX270617C00259000,2025-12-30 16:37:24+00:00,259.0,0.59,0.13,1.96,0.0,0.0,1.0,102.0,0.5028125891113282,False,REGULAR,USD
NFLX,2027-06-17,call,2026-01-21T21:40:31.402662+00:00,NFLX270617C00260000,2026-01-09 16:10:50+00:00,260.0,0.48,0.22,1.2,0.0,0.0,7.0,177.0,0.516606396484375,False,REGULAR,USD
NFLX,2027-06-17,call,2026-01-21T21:40:31.402662+00:00,NFLX270617C00261000,2026-01-20 16:01:57+00:00,261.0,0.5,0.11,1.63,0.0,0.0,4.0,28.0,0.5484664294433594,False,REGULAR,USD
NFLX,2027-06-17,call,2026-01-21T21:40:31.402662+00:00,NFLX270617C00262000,2025-10-27 19:11:43+00:00,262.0,0.92,0.67,1.27,0.0,0.0,,20.0,0.5002491381835938,False,REGULAR,USD
NFLX,2027-06-17,call,2026-01-21T21:40:31.402662+00:00,NFLX270617C00263000,2026-01-05 14:40:40+00:00,263.0,0.5,0.11,1.92,0.0,0.0,1.0,21.0,0.5053760400390624,False,REGULAR,USD
NFLX,2027-06-17,call,2026-01-21T21:40:31.402662+00:00,NFLX270617C00264000,2026-01-05 17:19:38+00:00,264.0,0.48,0.25,1.91,0.0,0.0,4.0,25.0,0.5122119091796875,False,REGULAR,USD
NFLX,2027-06-17,call,2026-01-21T21:40:31.402662+00:00,NFLX270617C00265000,2026-01-21 14:30:02+00:00,265.0,0.81,0.14,1.66,0.31,62.0,1.0,317.0,0.555790574951172,False,REGULAR,USD
NFLX,2027-06-17,call,2026-01-21T21:40:31.402662+00:00,NFLX270617C00266000,2026-01-21 20:41:44+00:00,266.0,0.46,0.37,0.85,0.01000002,2.2222269,46.0,1377.0,0.49414568359375005,False,REGULAR,USD
NFLX,2027-06-17,call,2026-01-21T21:40:31.402662+00:00,NFLX270617C00300000,2025-06-26 13:54:48+00:00,300.0,1015.2,929.0,938.8,0.0,0.0,2.0,1.0,0.0,False,REGULAR,USD
NFLX,2027-06-17,call,2026-01-21T21:40:31.402662+00:00,NFLX270617C00310000,2025-11-05 16:59:10+00:00,310.0,803.04,821.0,831.0,0.0,0.0,2.0,9.0,0.0,False,REGULAR,USD
NFLX,2027-06-17,call,2026-01-21T21:40:31.402662+00:00,NFLX270617C00320000,2025-10-24 16:08:41+00:00,320.0,804.0,812.0,822.0,0.0,0.0,10.0,5.0,0.0,False,REGULAR,USD
NFLX,2027-06-17,call,2026-01-21T21:40:31.402662+00:00,NFLX270617C00330000,2025-09-22 18:52:46+00:00,330.0,918.84,0.0,0.0,0.0,0.0,1.0,1.0,0.2500075,False,REGULAR,USD
NFLX,2027-06-17,call,2026-01-21T21:40:31.402662+00:00,NFLX270617C00360000,2025-09-05 14:10:17+00:00,360.0,919.79,857.0,866.0,0.0,0.0,1.0,3.0,0.0,False,REGULAR,USD
NFLX,2027-06-17,call,2026-01-21T21:40:31.402662+00:00,NFLX270617C00380000,2025-05-29 15:06:19+00:00,380.0,857.0,973.0,983.0,0.0,0.0,1.0,1.0,0.0,False,REGULAR,USD
NFLX,2027-06-17,call,2026-01-21T21:40:31.402662+00:00,NFLX270617C00400000,2025-10-22 13:49:44+00:00,400.0,778.0,739.0,749.0,0.0,0.0,1.0,1.0,0.0,False,REGULAR,USD
NFLX,2027-06-17,call,2026-01-21T21:40:31.402662+00:00,NFLX270617C00420000,2025-07-01 19:55:00+00:00,420.0,915.0,820.0,828.95,0.0,0.0,,1.0,0.0,False,REGULAR,USD
NFLX,2027-06-17,call,2026-01-21T21:40:31.402662+00:00,NFLX270617C00470000,2025-07-23 14:23:30+00:00,470.0,757.0,775.0,784.0,0.0,0.0,1.0,1.0,0.0,False,REGULAR,USD
NFLX,2027-06-17,call,2026-01-21T21:40:31.402662+00:00,NFLX270617C00480000,2025-07-24 14:55:01+00:00,480.0,734.98,766.0,775.0,0.0,0.0,,0.0,0.0,False,REGULAR,USD
NFLX,2027-06-17,call,2026-01-21T21:40:31.402662+00:00,NFLX270617C00490000,2025-07-23 19:35:07+00:00,490.0,733.5,757.0,766.0,0.0,0.0,1.0,2.0,0.0,False,REGULAR,USD
NFLX,2027-06-17,call,2026-01-21T21:40:31.402662+00:00,NFLX270617C00500000,2025-10-17 13:48:25+00:00,500.0,727.83,651.0,660.0,0.0,0.0,2.0,4.0,0.0,False,REGULAR,USD
NFLX,2027-06-17,call,2026-01-21T21:40:31.402662+00:00,NFLX270617C00520000,2025-11-03 16:31:52+00:00,520.0,604.5,633.0,643.0,0.0,0.0,1.0,0.0,0.0,False,REGULAR,USD
NFLX,2027-06-17,call,2026-01-21T21:40:31.402662+00:00,NFLX270617C00540000,2025-11-04 17:02:29+00:00,540.0,605.0,616.0,626.0,0.0,0.0,2.0,2.0,0.0,False,REGULAR,USD
NFLX,2027-06-17,call,2026-01-21T21:40:31.402662+00:00,NFLX270617C00560000,2025-10-21 16:34:11+00:00,560.0,729.5,599.0,608.0,0.0,0.0,2.0,5.0,0.0,False,REGULAR,USD
NFLX,2027-06-17,call,2026-01-21T21:40:31.402662+00:00,NFLX270617C00580000,2025-10-24 13:45:55+00:00,580.0,578.92,583.0,592.0,0.0,0.0,1.0,3.0,0.0,False,REGULAR,USD
NFLX,2027-06-17,call,2026-01-21T21:40:31.402662+00:00,NFLX270617C00600000,2025-10-07 18:33:14+00:00,600.0,645.0,557.0,566.0,0.0,0.0,8.0,9.0,0.0,False,REGULAR,USD
NFLX,2027-06-17,call,2026-01-21T21:40:31.402662+00:00,NFLX270617C00620000,2025-11-11 19:01:46+00:00,620.0,574.5,550.0,559.0,0.0,0.0,4.0,6.0,0.0,False,REGULAR,USD
NFLX,2027-06-17,call,2026-01-21T21:40:31.402662+00:00,NFLX270617C00640000,2025-10-22 16:27:10+00:00,640.0,544.13,533.0,543.0,0.0,0.0,1.0,7.0,0.0,False,REGULAR,USD
NFLX,2027-06-17,call,2026-01-21T21:40:31.402662+00:00,NFLX270617C00680000,2025-11-04 15:35:06+00:00,680.0,495.74,503.0,510.0,0.0,0.0,1.0,3.0,0.0,False,REGULAR,USD
NFLX,2027-06-17,call,2026-01-21T21:40:31.402662+00:00,NFLX270617C00700000,2025-11-14 16:15:14+00:00,700.0,490.0,487.0,494.4,-8.119995,-1.6301284,1.0,16.0,0.0,False,REGULAR,USD
NFLX,2027-06-17,call,2026-01-21T21:40:31.402662+00:00,NFLX270617C00720000,2025-09-04 13:30:01+00:00,720.0,576.13,508.75,523.95,0.0,0.0,,10.0,0.0,False,REGULAR,USD
NFLX,2027-06-17,call,2026-01-21T21:40:31.402662+00:00,NFLX270617C00740000,2025-11-03 16:54:32+00:00,740.0,436.12,456.0,465.0,0.0,0.0,1.0,7.0,0.0,False,REGULAR,USD
NFLX,2027-06-17,call,2026-01-21T21:40:31.402662+00:00,NFLX270617C00760000,2025-10-27 19:52:04+00:00,760.0,428.74,441.0,450.0,0.0,0.0,1.0,6.0,0.0,False,REGULAR,USD
NFLX,2027-06-17,call,2026-01-21T21:40:31.402662+00:00,NFLX270617C00780000,2025-11-05 20:52:28+00:00,780.0,417.6,427.0,434.35,0.0,0.0,2.0,3.0,0.0,False,REGULAR,USD
NFLX,2027-06-17,call,2026-01-21T21:40:31.402662+00:00,NFLX270617C00800000,2025-11-14 15:11:08+00:00,800.0,423.0,413.0,420.05,20.0,4.962779,1.0,10.0,0.0,False,REGULAR,USD
NFLX,2027-06-17,call,2026-01-21T21:40:31.402662+00:00,NFLX270617C00820000,2025-11-03 14:43:02+00:00,820.0,405.1,399.0,405.4,0.0,0.0,1.0,5.0,0.0,False,REGULAR,USD
NFLX,2027-06-17,call,2026-01-21T21:40:31.402662+00:00,NFLX270617C00840000,2025-11-07 16:38:27+00:00,840.0,404.0,385.0,394.0,32.0,8.602151,1.0,2.0,0.0,False,REGULAR,USD
NFLX,2027-06-17,call,2026-01-21T21:40:31.402662+00:00,NFLX270617C00860000,2025-10-31 16:13:01+00:00,860.0,387.37,372.0,378.45,0.0,0.0,2.0,2.0,0.0,False,REGULAR,USD
NFLX,2027-06-17,call,2026-01-21T21:40:31.402662+00:00,NFLX270617C00880000,2025-10-03 19:38:38+00:00,880.0,397.32,349.0,358.0,0.0,0.0,2.0,13.0,0.0,False,REGULAR,USD
NFLX,2027-06-17,call,2026-01-21T21:40:31.402662+00:00,NFLX270617C00900000,2025-11-04 20:58:24+00:00,900.0,333.26,345.0,353.0,0.0,0.0,1.0,16.0,0.0,False,REGULAR,USD
NFLX,2027-06-17,call,2026-01-21T21:40:31.402662+00:00,NFLX270617C00920000,2025-11-14 17:01:01+00:00,920.0,337.49,333.0,341.0,14.829987,4.596165,1.0,20.0,0.0,False,REGULAR,USD
NFLX,2027-06-17,call,2026-01-21T21:40:31.402662+00:00,NFLX270617C00940000,2025-11-14 16:35:51+00:00,940.0,327.25,321.0,329.0,-14.029999,-4.1109934,1.0,33.0,0.0,False,REGULAR,USD
NFLX,2027-06-17,call,2026-01-21T21:40:31.402662+00:00,NFLX270617C00960000,2025-11-14 17:00:42+00:00,960.0,313.21,309.0,315.7,15.649994,5.2594414,1.0,10.0,0.0,False,REGULAR,USD
NFLX,2027-06-17,call,2026-01-21T21:40:31.402662+00:00,NFLX270617C00980000,2025-11-14 17:00:52+00:00,980.0,301.6,297.0,306.0,-18.299988,-5.720534,1.0,13.0,0.0,False,REGULAR,USD
NFLX,2027-06-17,call,2026-01-21T21:40:31.402662+00:00,NFLX270617C01000000,2025-11-14 18:06:49+00:00,1000.0,293.15,286.0,292.65,-27.179993,-8.484998,5.0,58.0,0.0,False,REGULAR,USD
NFLX,2027-06-17,call,2026-01-21T21:40:31.402662+00:00,NFLX270617C01020000,2025-11-14 15:24:30+00:00,1020.0,279.63,275.0,283.0,-17.309998,-5.8294597,1.0,9.0,0.0,False,REGULAR,USD
NFLX,2027-06-17,call,2026-01-21T21:40:31.402662+00:00,NFLX270617C01040000,2025-11-13 17:33:16+00:00,1040.0,300.0,264.0,270.65,0.0,0.0,1.0,339.0,0.0,False,REGULAR,USD
NFLX,2027-06-17,call,2026-01-21T21:40:31.402662+00:00,NFLX270617C01060000,2025-11-14 17:10:02+00:00,1060.0,260.0,253.0,262.0,-32.0,-10.958904,3.0,16.0,0.0,False,REGULAR,USD
NFLX,2027-06-17,call,2026-01-21T21:40:31.402662+00:00,NFLX270617C01080000,2025-11-11 18:40:00+00:00,1080.0,260.05,243.0,250.4,0.0,0.0,1.0,18.0,0.0,False,REGULAR,USD
NFLX,2027-06-17,call,2026-01-21T21:40:31.402662+00:00,NFLX270617C01100000,2025-11-14 20:45:05+00:00,1100.0,240.64,234.0,242.0,-25.960007,-9.737436,2.0,67.0,0.0,False,REGULAR,USD
NFLX,2027-06-17,call,2026-01-21T21:40:31.402662+00:00,NFLX270617C01120000,2025-11-14 16:25:57+00:00,1120.0,231.25,224.0,231.35,11.0,4.9943247,10.0,133.0,0.0,False,REGULAR,USD
NFLX,2027-06-17,call,2026-01-21T21:40:31.402662+00:00,NFLX270617C01140000,2025-11-14 15:39:45+00:00,1140.0,223.23,215.0,223.0,-22.020004,-8.978595,1.0,161.0,0.0,False,REGULAR,USD
NFLX,2027-06-17,call,2026-01-21T21:40:31.402662+00:00,NFLX270617C01160000,2025-11-12 18:13:44+00:00,1160.0,237.0,206.0,215.0,0.0,0.0,2.0,42.0,0.0,False,REGULAR,USD
NFLX,2027-06-17,call,2026-01-21T21:40:31.402662+00:00,NFLX270617C01180000,2025-11-06 18:14:25+00:00,1180.0,189.15,198.0,205.35,0.0,0.0,2.0,19.0,0.0,False,REGULAR,USD
NFLX,2027-06-17,call,2026-01-21T21:40:31.402662+00:00,NFLX270617C01200000,2025-11-14 20:45:05+00:00,1200.0,195.94,189.0,198.0,-18.559998,-8.652679,3.0,102.0,0.0,False,REGULAR,USD
NFLX,2027-06-17,call,2026-01-21T21:40:31.402662+00:00,NFLX270617C01220000,2025-11-14 18:46:04+00:00,1220.0,189.0,182.5,189.15,-2.449997,-1.279706,1.0,25.0,0.0,False,REGULAR,USD
NFLX,2027-06-17,call,2026-01-21T21:40:31.402662+00:00,NFLX270617C01240000,2025-11-14 16:39:19+00:00,1240.0,179.35,174.0,183.0,-2.9700012,-1.6290046,2.0,46.0,0.0,False,REGULAR,USD
NFLX,2027-06-17,call,2026-01-21T21:40:31.402662+00:00,NFLX270617C01260000,2025-10-30 17:55:23+00:00,1260.0,159.95,166.0,175.0,0.0,0.0,1.0,52.0,0.0,False,REGULAR,USD
NFLX,2027-06-17,call,2026-01-21T21:40:31.402662+00:00,NFLX270617C01280000,2025-11-11 16:10:02+00:00,1280.0,168.1,161.15,167.0,0.0,0.0,2.0,24.0,0.0,False,REGULAR,USD
NFLX,2027-06-17,call,2026-01-21T21:40:31.402662+00:00,NFLX270617C01300000,2025-11-14 17:05:48+00:00,1300.0,157.0,152.0,160.2,-11.0,-6.5476193,1.0,44.0,0.0,False,REGULAR,USD
NFLX,2027-06-17,call,2026-01-21T21:40:31.402662+00:00,NFLX270617C01320000,2025-11-14 17:48:20+00:00,1320.0,152.4,146.0,154.05,-19.600006,-11.395352,2.0,52.0,0.0,False,REGULAR,USD
NFLX,2027-06-17,call,2026-01-21T21:40:31.402662+00:00,NFLX270617C01340000,2025-11-06 17:01:20+00:00,1340.0,137.75,141.2,147.3,0.0,0.0,1.0,58.0,0.0,False,REGULAR,USD
NFLX,2027-06-17,call,2026-01-21T21:40:31.402662+00:00,NFLX270617C01360000,2025-11-10 20:31:58+00:00,1360.0,139.97,133.0,142.0,0.0,0.0,1.0,14.0,0.0,False,REGULAR,USD
NFLX,2027-06-17,call,2026-01-21T21:40:31.402662+00:00,NFLX270617C01380000,2025-11-10 17:25:03+00:00,1380.0,132.4,127.05,135.1,0.0,0.0,2.0,68.0,0.0,False,REGULAR,USD
NFLX,2027-06-17,call,2026-01-21T21:40:31.402662+00:00,NFLX270617C01400000,2025-11-04 15:11:37+00:00,1400.0,118.75,122.0,131.0,0.0,0.0,3.0,88.0,0.0,False,REGULAR,USD
NFLX,2027-06-17,call,2026-01-21T21:40:31.402662+00:00,NFLX270617C01420000,2025-10-29 18:19:10+00:00,1420.0,111.28,116.15,125.0,0.0,0.0,3.0,18.0,0.0,False,REGULAR,USD
NFLX,2027-06-17,call,2026-01-21T21:40:31.402662+00:00,NFLX270617C01440000,2025-11-14 14:58:52+00:00,1440.0,120.24,111.05,120.0,13.589996,12.742612,1.0,23.0,0.0,False,REGULAR,USD
NFLX,2027-06-17,call,2026-01-21T21:40:31.402662+00:00,NFLX270617C01460000,2025-11-07 14:34:43+00:00,1460.0,104.55,106.25,115.0,0.0,0.0,2.0,10.0,0.0,False,REGULAR,USD
NFLX,2027-06-17,call,2026-01-21T21:40:31.402662+00:00,NFLX270617C01480000,2025-10-28 18:44:57+00:00,1480.0,99.25,102.0,109.8,0.0,0.0,2.0,18.0,0.0,False,REGULAR,USD
NFLX,2027-06-17,call,2026-01-21T21:40:31.402662+00:00,NFLX270617C01500000,2025-11-13 15:04:28+00:00,1500.0,118.7,97.25,106.0,0.0,0.0,4.0,337.0,0.0,False,REGULAR,USD
NFLX,2027-06-17,call,2026-01-21T21:40:31.402662+00:00,NFLX270617C01520000,2025-11-14 14:59:04+00:00,1520.0,101.0,93.05,102.0,12.0,13.483146,1.0,63.0,0.0,False,REGULAR,USD
NFLX,2027-06-17,call,2026-01-21T21:40:31.402662+00:00,NFLX270617C01540000,2025-10-21 18:39:21+00:00,1540.0,143.75,91.5,96.95,0.0,0.0,1.0,19.0,0.0,False,REGULAR,USD
NFLX,2027-06-17,call,2026-01-21T21:40:31.402662+00:00,NFLX270617C01560000,2025-11-03 15:32:42+00:00,1560.0,84.95,85.35,94.0,0.0,0.0,2.0,10.0,0.0,False,REGULAR,USD
NFLX,2027-06-17,call,2026-01-21T21:40:31.402662+00:00,NFLX270617C01580000,2025-11-04 14:30:10+00:00,1580.0,82.6,81.0,89.15,0.0,0.0,1.0,28.0,5.632815458984375,False,REGULAR,USD
NFLX,2027-06-17,call,2026-01-21T21:40:31.402662+00:00,NFLX270617C01600000,2025-11-12 16:59:51+00:00,1600.0,91.0,77.55,86.9,0.0,0.0,1.0,20.0,4.36523891845703,False,REGULAR,USD
NFLX,2027-06-17,call,2026-01-21T21:40:31.402662+00:00,NFLX270617C01620000,2025-11-12 17:14:53+00:00,1620.0,87.69,74.3,83.0,0.0,0.0,2.0,46.0,3.8884280133056643,False,REGULAR,USD
NFLX,2027-06-17,call,2026-01-21T21:40:31.402662+00:00,NFLX270617C01640000,2025-10-31 14:06:29+00:00,1640.0,73.78,71.15,80.0,0.0,0.0,3.0,11.0,3.6323251379394534,False,REGULAR,USD
NFLX,2027-06-17,call,2026-01-21T21:40:31.402662+00:00,NFLX270617C01660000,2025-11-12 17:47:41+00:00,1660.0,83.55,68.6,76.95,0.0,0.0,2.0,36.0,3.4523939471435545,False,REGULAR,USD
NFLX,2027-06-17,call,2026-01-21T21:40:31.402662+00:00,NFLX270617C01680000,2025-10-28 18:25:16+00:00,1680.0,62.48,67.55,73.5,0.0,0.0,54.0,48.0,3.3308122198486325,False,REGULAR,USD
NFLX,2027-06-17,call,2026-01-21T21:40:31.402662+00:00,NFLX270617C01700000,2025-11-14 16:04:13+00:00,1700.0,67.75,62.95,70.6,-5.029999,-6.9112377,1.0,235.0,3.15509244430542,False,REGULAR,USD
NFLX,2027-06-17,call,2026-01-21T21:40:31.402662+00:00,NFLX270617C01720000,2025-10-31 19:15:20+00:00,1720.0,64.8,60.5,67.75,0.0,0.0,2.0,55.0,3.0476708378601076,False,REGULAR,USD
NFLX,2027-06-17,call,2026-01-21T21:40:31.402662+00:00,NFLX270617C01740000,2025-10-28 17:56:51+00:00,1740.0,54.3,57.35,65.2,0.0,0.0,28.0,18.0,2.9423854565429686,False,REGULAR,USD
NFLX,2027-06-17,call,2026-01-21T21:40:31.402662+00:00,NFLX270617C01750000,2025-10-31 19:15:59+00:00,1750.0,60.85,56.1,63.95,0.0,0.0,2.0,41.0,2.899233708953857,False,REGULAR,USD
NFLX,2027-06-17,call,2026-01-21T21:40:31.402662+00:00,NFLX270617C01760000,2025-10-28 18:35:16+00:00,1760.0,52.35,55.65,63.0,0.0,0.0,,7.0,2.8764676525878907,False,REGULAR,USD
NFLX,2027-06-17,call,2026-01-21T21:40:31.402662+00:00,NFLX270617C01780000,2025-10-28 17:33:18+00:00,1780.0,50.1,53.35,60.25,0.0,0.0,2.0,23.0,2.7949859226989746,False,REGULAR,USD
NFLX,2027-06-17,call,2026-01-21T21:40:31.402662+00:00,NFLX270617C01800000,2025-11-14 15:19:26+00:00,1800.0,56.0,51.1,58.25,-4.0,-6.666667,1.0,107.0,2.730593993835449,False,REGULAR,USD
NFLX,2027-06-17,call,2026-01-21T21:40:31.402662+00:00,NFLX270617C01820000,2025-07-02 18:27:18+00:00,1820.0,127.65,68.6,75.9,0.0,0.0,,67.0,3.447022866821289,False,REGULAR,USD
NFLX,2027-06-17,call,2026-01-21T21:40:31.402662+00:00,NFLX270617C01840000,2025-11-06 16:00:02+00:00,1840.0,47.64,47.1,53.6,0.0,0.0,2.0,71.0,2.607608461456299,False,REGULAR,USD
NFLX,2027-06-17,call,2026-01-21T21:40:31.402662+00:00,NFLX270617C01850000,2025-11-12 15:26:58+00:00,1850.0,49.5,46.1,52.9,-3.5,-6.6037736,1.0,22.0,2.5848424050903325,False,REGULAR,USD
NFLX,2027-06-17,call,2026-01-21T21:40:31.402662+00:00,NFLX270617C01880000,2025-11-03 15:51:24+00:00,1880.0,42.7,42.9,49.95,0.0,0.0,1.0,1.0,2.503848955230713,False,REGULAR,USD
NFLX,2027-06-17,call,2026-01-21T21:40:31.402662+00:00,NFLX270617C01900000,2025-11-13 18:06:00+00:00,1900.0,50.8,41.75,46.4,0.0,0.0,1.0,12.0,2.4436684416198733,False,REGULAR,USD
NFLX,2027-06-17,call,2026-01-21T21:40:31.402662+00:00,NFLX270617C01920000,2025-07-21 15:45:58+00:00,1920.0,71.65,53.75,61.85,0.0,0.0,10.0,15.0,2.849917425994873,False,REGULAR,USD
NFLX,2027-06-17,call,2026-01-21T21:40:31.402662+00:00,NFLX270617C01950000,2025-06-05 14:10:23+00:00,1950.0,100.45,106.85,112.9,0.0,0.0,,0.0,0.0,False,REGULAR,USD
NFLX,2027-06-17,call,2026-01-21T21:40:31.402662+00:00,NFLX270617C02000000,2025-11-14 17:26:33+00:00,2000.0,38.03,34.05,39.95,0.27999878,0.7417186,1.0,116.0,2.2763714965820308,False,REGULAR,USD
NFLX,2027-06-17,call,2026-01-21T21:40:31.402662+00:00,NFLX270617C02010000,2025-07-17 13:43:08+00:00,2010.0,80.9,45.65,51.0,0.0,0.0,,11.0,2.576053364562988,False,REGULAR,USD
NFLX,2027-06-17,call,2026-01-21T21:40:31.402662+00:00,NFLX270617C02020000,2025-11-06 14:57:17+00:00,2020.0,31.92,32.3,38.5,0.0,0.0,2.0,70.0,2.2392011793518067,False,REGULAR,USD
NFLX,2027-06-17,call,2026-01-21T21:40:31.402662+00:00,NFLX270617C02040000,2025-08-12 19:46:59+00:00,2040.0,53.87,42.75,48.15,0.0,0.0,1.0,7.0,2.5015296250915524,False,REGULAR,USD
NFLX,2027-06-17,call,2026-01-21T21:40:31.402662+00:00,NFLX270617C02050000,2025-11-03 18:08:19+00:00,2050.0,30.0,30.45,36.45,0.0,0.0,2.0,7.0,2.195011836700439,False,REGULAR,USD
NFLX,2027-06-17,call,2026-01-21T21:40:31.402662+00:00,NFLX270617C02060000,2025-11-06 15:44:47+00:00,2060.0,30.3,30.25,35.8,0.0,0.0,,1.0,2.185856586151123,False,REGULAR,USD
NFLX,2027-06-17,call,2026-01-21T21:40:31.402662+00:00,NFLX270617C02080000,2025-07-02 18:22:25+00:00,2080.0,83.57,41.1,43.15,0.0,0.0,,19.0,2.4190713351440425,False,REGULAR,USD
NFLX,2027-06-17,call,2026-01-21T21:40:31.402662+00:00,NFLX270617C02090000,2025-11-06 14:54:50+00:00,2090.0,28.1,28.1,33.9,0.0,0.0,4.0,21.0,2.1399582633972165,False,REGULAR,USD
NFLX,2027-06-17,call,2026-01-21T21:40:31.402662+00:00,NFLX270617C02100000,2025-11-06 19:11:44+00:00,2100.0,27.17,27.55,33.3,0.0,0.0,40.0,79.0,2.1271409126281737,False,REGULAR,USD
NFLX,2027-06-17,call,2026-01-21T21:40:31.402662+00:00,NFLX270617C02110000,2025-08-22 19:29:42+00:00,2110.0,43.5,36.85,42.2,0.0,0.0,1.0,1.0,2.3562357988739007,False,REGULAR,USD
NFLX,2027-06-17,call,2026-01-21T21:40:31.402662+00:00,NFLX270617C02120000,2025-11-13 20:32:29+00:00,2120.0,34.55,28.0,31.8,0.0,0.0,1.0,2.0,2.116948067016601,False,REGULAR,USD
NFLX,2027-06-17,call,2026-01-21T21:40:31.402662+00:00,NFLX270617C02130000,2025-11-12 20:30:08+00:00,2130.0,34.4,26.35,31.6,0.0,0.0,2.0,2.0,2.0954027107238766,False,REGULAR,USD
NFLX,2027-06-17,call,2026-01-21T21:40:31.402662+00:00,NFLX270617C02140000,2025-11-12 20:09:37+00:00,2140.0,33.32,25.45,31.05,0.0,0.0,2.0,10.0,2.078770672225952,False,REGULAR,USD
NFLX,2027-06-17,call,2026-01-21T21:40:31.402662+00:00,NFLX270617C02150000,2025-11-12 19:59:37+00:00,2150.0,32.7,24.95,30.5,0.0,0.0,2.0,2.0,2.067082469024658,False,REGULAR,USD
NFLX,2027-06-17,call,2026-01-21T21:40:31.402662+00:00,NFLX270617C02160000,2025-10-28 17:23:11+00:00,2160.0,22.9,24.85,29.95,0.0,0.0,,33.0,2.060368618621826,False,REGULAR,USD
NFLX,2027-06-17,call,2026-01-21T21:40:31.402662+00:00,NFLX270617C02180000,2025-09-12 13:59:58+00:00,2180.0,33.95,33.9,40.05,0.0,0.0,,1.0,2.30121274307251,False,REGULAR,USD
NFLX,2027-06-17,call,2026-01-21T21:40:31.402662+00:00,NFLX270617C02190000,2025-10-28 17:28:36+00:00,2190.0,21.65,23.1,28.35,0.0,0.0,,6.0,2.0225879513549807,False,REGULAR,USD
NFLX,2027-06-17,call,2026-01-21T21:40:31.402662+00:00,NFLX270617C02200000,2025-11-13 20:32:29+00:00,2200.0,29.71,23.0,27.9,0.0,0.0,1.0,15.0,2.0170337660217283,False,REGULAR,USD
NFLX,2027-06-17,call,2026-01-21T21:40:31.402662+00:00,NFLX270617C02210000,2025-11-05 15:58:52+00:00,2210.0,21.82,22.2,27.4,0.0,0.0,48.0,26.0,2.0020191551208493,False,REGULAR,USD
NFLX,2027-06-17,call,2026-01-21T21:40:31.402662+00:00,NFLX270617C02220000,2025-06-27 15:09:20+00:00,2220.0,76.69,29.8,33.7,0.0,0.0,1.0,3.0,2.1763351255798336,False,REGULAR,USD
NFLX,2027-06-17,call,2026-01-21T21:40:31.402662+00:00,NFLX270617C02230000,2025-11-06 15:46:55+00:00,2230.0,22.15,22.15,26.15,0.0,0.0,2.0,2.0,1.9882813085937499,False,REGULAR,USD
NFLX,2027-06-17,call,2026-01-21T21:40:31.402662+00:00,NFLX270617C02250000,2025-11-13 20:32:29+00:00,2250.0,26.96,20.85,25.5,0.0,0.0,1.0,21.0,1.9661256576538086,False,REGULAR,USD
NFLX,2027-06-17,call,2026-01-21T21:40:31.402662+00:00,NFLX270617C02280000,2025-11-14 16:03:27+00:00,2280.0,22.52,21.0,24.15,-3.2399998,-12.577638,1.0,4.0,1.9546511056518554,False,REGULAR,USD
NFLX,2027-06-17,call,2026-01-21T21:40:31.402662+00:00,NFLX270617C02300000,2025-11-13 20:35:57+00:00,2300.0,24.81,20.5,23.1,0.0,0.0,2.0,38.0,1.9372866905212403,False,REGULAR,USD
NFLX,2027-06-17,call,2026-01-21T21:40:31.402662+00:00,NFLX270617C02310000,2025-11-11 15:36:52+00:00,2310.0,21.43,18.25,23.05,0.0,0.0,4.0,6.0,1.9086918627929688,False,REGULAR,USD
NFLX,2027-06-17,call,2026-01-21T21:40:31.402662+00:00,NFLX270617C02330000,2025-10-31 15:06:28+00:00,2330.0,19.08,17.6,22.3,0.0,0.0,8.0,4.0,1.8928228015136717,False,REGULAR,USD
NFLX,2027-06-17,call,2026-01-21T21:40:31.402662+00:00,NFLX270617C02360000,2025-10-28 19:39:11+00:00,2360.0,15.0,16.6,21.2,0.0,0.0,1.0,1.0,1.8686530004882815,False,REGULAR,USD
NFLX,2027-06-17,call,2026-01-21T21:40:31.402662+00:00,NFLX270617C02370000,2025-10-27 15:55:10+00:00,2370.0,14.45,16.3,20.85,0.0,0.0,5.0,6.0,1.8612067486572266,False,REGULAR,USD
NFLX,2027-06-17,call,2026-01-21T21:40:31.402662+00:00,NFLX270617C02390000,2025-10-23 13:36:17+00:00,2390.0,14.97,15.65,20.15,0.0,0.0,2.0,7.0,1.845398722229004,False,REGULAR,USD
NFLX,2027-06-17,call,2026-01-21T21:40:31.402662+00:00,NFLX270617C02400000,2025-11-12 17:35:47+00:00,2400.0,19.92,15.4,19.8,0.0,0.0,1.0,8.0,1.8383797143554683,False,REGULAR,USD
NFLX,2027-06-17,call,2026-01-21T21:40:31.402662+00:00,NFLX270617C02440000,2025-08-15 13:37:47+00:00,2440.0,25.02,18.6,22.1,0.0,0.0,,1.0,1.9166874282836917,False,REGULAR,USD
NFLX,2027-06-17,call,2026-01-21T21:40:31.402662+00:00,NFLX270617C02460000,2025-11-05 15:56:39+00:00,2460.0,14.0,15.25,17.6,0.0,0.0,2.0,10.0,1.8130502511596678,False,REGULAR,USD
NFLX,2027-06-17,call,2026-01-21T21:40:31.402662+00:00,NFLX270617C02470000,2025-11-14 15:31:55+00:00,2470.0,15.96,13.75,17.7,-7.2599993,-31.266148,5.0,2.0,1.7945566912841795,False,REGULAR,USD
NFLX,2027-06-17,call,2026-01-21T21:40:31.402662+00:00,NFLX270617C02480000,2025-10-24 19:35:57+00:00,2480.0,11.8,14.7,16.75,0.0,0.0,3.0,16.0,1.7957163534545897,False,REGULAR,USD
NFLX,2027-06-17,call,2026-01-21T21:40:31.402662+00:00,NFLX270617C02500000,2025-10-31 19:06:40+00:00,2500.0,14.5,12.75,16.9,0.0,0.0,2.0,26.0,1.7722179357910153,False,REGULAR,USD
NFLX,2027-06-17,call,2026-01-21T21:40:31.402662+00:00,NFLX270617C02520000,2025-10-21 15:59:50+00:00,2520.0,21.67,12.3,16.35,0.0,0.0,,1.0,1.7599499307250976,False,REGULAR,USD
NFLX,2027-06-17,call,2026-01-21T21:40:31.402662+00:00,NFLX270617C02540000,2025-11-04 15:41:54+00:00,2540.0,13.21,12.15,15.85,0.0,0.0,1.0,2.0,1.7526257485961914,False,REGULAR,USD
NFLX,2027-06-17,call,2026-01-21T21:40:31.402662+00:00,NFLX270617C02560000,2025-11-03 15:11:05+00:00,2560.0,13.4,11.7,15.4,0.0,0.0,1.0,5.0,1.7414563708496091,False,REGULAR,USD
NFLX,2027-06-17,call,2026-01-21T21:40:31.402662+00:00,NFLX270617C02570000,2025-10-27 19:12:32+00:00,2570.0,10.02,11.25,15.15,0.0,0.0,2.0,12.0,1.7319959689331053,False,REGULAR,USD
NFLX,2027-06-17,call,2026-01-21T21:40:31.402662+00:00,NFLX270617C02580000,2025-11-03 19:07:43+00:00,2580.0,11.6,11.1,14.95,0.0,0.0,4.0,10.0,1.7277845642089846,False,REGULAR,USD
NFLX,2027-06-17,call,2026-01-21T21:40:31.402662+00:00,NFLX270617C02590000,2025-10-27 19:12:50+00:00,2590.0,9.68,10.85,14.7,0.0,0.0,2.0,10.0,1.7212538351440427,False,REGULAR,USD
NFLX,2027-06-17,call,2026-01-21T21:40:31.402662+00:00,NFLX270617C02600000,2025-11-03 15:23:04+00:00,2600.0,11.9,10.9,14.5,0.0,0.0,1.0,14.0,1.7200331381225586,False,REGULAR,USD
NFLX,2027-06-17,call,2026-01-21T21:40:31.402662+00:00,NFLX270617C02610000,2025-10-27 19:11:43+00:00,2610.0,9.27,10.7,14.3,0.0,0.0,3.0,2.0,1.7149672454833984,False,REGULAR,USD
NFLX,2027-06-17,call,2026-01-21T21:40:31.402662+00:00,NFLX270617C02620000,2025-10-27 19:11:43+00:00,2620.0,9.19,10.5,14.1,0.0,0.0,1.0,2.0,1.7098403179931638,False,REGULAR,USD
NFLX,2027-06-17,call,2026-01-21T21:40:31.402662+00:00,NFLX270617C02630000,2025-11-11 14:56:16+00:00,2630.0,12.59,10.3,13.9,0.0,0.0,1.0,2.0,1.7046523556518554,False,REGULAR,USD
NFLX,2027-06-17,call,2026-01-21T21:40:31.402662+00:00,NFLX270617C02640000,2025-11-11 14:56:16+00:00,2640.0,12.49,10.85,13.7,0.0,0.0,1.0,2.0,1.7111830847167968,False,REGULAR,USD
NFLX,2027-06-17,call,2026-01-21T21:40:31.402662+00:00,NFLX270617C02650000,2025-11-13 15:24:17+00:00,2650.0,13.88,10.85,13.1,0.0,0.0,1.0,17.0,1.7028823449707033,False,REGULAR,USD
NFLX,2027-06-17,call,2026-01-21T21:40:31.402662+00:00,NFLX270617C02660000,2025-11-14 14:44:41+00:00,2660.0,13.0,9.75,13.3,-0.10000038,-0.7633617,1.0,168.0,1.6896377822875976,False,REGULAR,USD
NFLX,2027-06-17,put,2026-01-21T21:40:31.402662+00:00,NFLX270617P00003500,2025-12-15 05:02:36+00:00,3.5,0.01,,,0.0,0.0,,,0.0,False,REGULAR,USD
NFLX,2027-06-17,put,2026-01-21T21:40:31.402662+00:00,NFLX270617P00005000,2025-11-07 20:29:36+00:00,5.0,0.01,0.0,1.41,0.0,0.0,12.0,0.0,1.5312523437499999,False,REGULAR,USD
NFLX,2027-06-17,put,2026-01-21T21:40:31.402662+00:00,NFLX270617P00010000,2025-11-07 17:10:31+00:00,10.0,0.05,0.01,0.29,0.0,0.0,,790.0,0.84179845703125,False,REGULAR,USD
NFLX,2027-06-17,put,2026-01-21T21:40:31.402662+00:00,NFLX270617P00011000,2025-11-07 17:10:31+00:00,11.0,0.05,0.0,0.35,0.0,0.0,,160.0,0.82226740234375,False,REGULAR,USD
NFLX,2027-06-17,put,2026-01-21T21:40:31.402662+00:00,NFLX270617P00012000,2025-10-31 19:08:21+00:00,12.0,0.04,0.0,0.36,0.0,0.0,,30.0,0.790041162109375,False,REGULAR,USD
NFLX,2027-06-17,put,2026-01-21T21:40:31.402662+00:00,NFLX270617P00015000,2025-11-14 16:20:55+00:00,15.0,0.08,0.01,0.33,0.0,0.0,,140.0,0.69336244140625,False,REGULAR,USD
NFLX,2027-06-17,put,2026-01-21T21:40:31.402662+00:00,NFLX270617P00016000,2025-12-09 19:31:55+00:00,16.0,0.09,0.0,1.17,0.0,0.0,10.0,40.0,0.8242205078124999,False,REGULAR,USD
NFLX,2027-06-17,put,2026-01-21T21:40:31.402662+00:00,NFLX270617P00017000,2025-12-01 14:33:11+00:00,17.0,0.87,0.0,0.43,0.0,0.0,10.0,600.0,0.6669955175781253,False,REGULAR,USD
NFLX,2027-06-17,put,2026-01-21T21:40:31.402662+00:00,NFLX270617P00018000,2025-12-01 14:33:11+00:00,18.0,0.88,0.0,0.44,0.0,0.0,10.0,10.0,0.6455113574218749,False,REGULAR,USD
NFLX,2027-06-17,put,2026-01-21T21:40:31.402662+00:00,NFLX270617P00019000,2025-11-07 20:26:22+00:00,19.0,0.08,0.0,0.27,0.0,0.0,,10.0,0.5800823242187501,False,REGULAR,USD
NFLX,2027-06-17,put,2026-01-21T21:40:31.402662+00:00,NFLX270617P00020000,2025-12-09 14:30:09+00:00,20.0,0.21,0.0,1.09,0.0,0.0,7.0,200.0,0.7060576269531251,False,REGULAR,USD
NFLX,2027-06-17,put,2026-01-21T21:40:31.402662+00:00,NFLX270617P00021000,2026-01-07 15:22:47+00:00,21.0,0.07,0.0,1.32,0.0,0.0,45.0,3050.0,0.7094755615234375,False,REGULAR,USD
NFLX,2027-06-17,put,2026-01-21T21:40:31.402662+00:00,NFLX270617P00022000,2025-11-20 18:35:14+00:00,22.0,0.15,0.01,0.5,0.0,0.0,,10.0,0.57812921875,False,REGULAR,USD
NFLX,2027-06-17,put,2026-01-21T21:40:31.402662+00:00,NFLX270617P00023000,2025-11-20 18:35:14+00:00,23.0,0.16,0.13,0.34,0.0,0.0,,50.0,0.55273884765625,False,REGULAR,USD
NFLX,2027-06-17,put,2026-01-21T21:40:31.402662+00:00,NFLX270617P00024000,2025-12-15 05:02:33+00:00,24.0,0.14,0.0,0.67,0.0,0.0,,10.0,0.5678754150390625,False,REGULAR,USD
NFLX,2027-06-17,put,2026-01-21T21:40:31.402662+00:00,NFLX270617P00025000,2025-11-13 17:42:04+00:00,25.0,0.13,0.01,0.51,0.0,0.0,,20.0,0.5273484765625001,False,REGULAR,USD
NFLX,2027-06-17,put,2026-01-21T21:40:31.402662+00:00,NFLX270617P00026000,2025-10-28 17:59:42+00:00,26.0,0.16,0.0,0.52,0.0,0.0,,10.0,0.5117236328125,False,REGULAR,USD
NFLX,2027-06-17,put,2026-01-21T21:40:31.402662+00:00,NFLX270617P00027000,2025-10-28 17:59:42+00:00,27.0,0.18,0.0,0.54,0.0,0.0,,10.0,0.5654340332031251,False,REGULAR,USD
NFLX,2027-06-17,put,2026-01-21T21:40:31.402662+00:00,NFLX270617P00028000,2026-01-13 20:35:36+00:00,28.0,0.3,0.08,0.75,0.0,0.0,1.0,41.0,0.5219774365234374,False,REGULAR,USD
NFLX,2027-06-17,put,2026-01-21T21:40:31.402662+00:00,NFLX270617P00029000,2026-01-08 19:42:57+00:00,29.0,0.33,0.19,0.89,0.0,0.0,1.0,1.0,0.5327195166015625,False,REGULAR,USD
NFLX,2027-06-17,put,2026-01-21T21:40:31.402662+00:00,NFLX270617P00030000,2026-01-21 19:33:40+00:00,30.0,0.48,0.18,0.99,-0.030000001,-5.882353,4.0,50.0,0.52539537109375,False,REGULAR,USD
NFLX,2027-06-17,put,2026-01-21T21:40:31.402662+00:00,NFLX270617P00031000,2025-11-25 14:36:10+00:00,31.0,0.38,0.11,0.74,0.0,0.0,10.0,22.0,0.5356491748046875,False,REGULAR,USD
NFLX,2027-06-17,put,2026-01-21T21:40:31.402662+00:00,NFLX270617P00032000,2026-01-14 15:09:28+00:00,32.0,0.61,0.22,0.8,0.0,0.0,2.0,342.0,0.5293015820312501,False,REGULAR,USD
NFLX,2027-06-17,put,2026-01-21T21:40:31.402662+00:00,NFLX270617P00033000,2025-12-11 20:06:29+00:00,33.0,0.33,0.26,0.85,0.0,0.0,200.0,1365.0,0.5212450219726561,False,REGULAR,USD
NFLX,2027-06-17,put,2026-01-21T21:40:31.402662+00:00,NFLX270617P00034000,2025-12-10 18:58:01+00:00,34.0,0.65,0.31,1.98,0.34999996,116.66665,4.0,1766.0,0.5427291821289064,False,REGULAR,USD
NFLX,2027-06-17,put,2026-01-21T21:40:31.402662+00:00,NFLX270617P00035000,2025-11-20 17:43:46+00:00,35.0,0.4,0.51,0.64,0.0,0.0,1.0,247.0,0.46289599609375004,False,REGULAR,USD
NFLX,2027-06-17,put,2026-01-21T21:40:31.402662+00:00,NFLX270617P00036000,2025-11-18 16:10:53+00:00,36.0,0.61,0.32,0.94,0.0,0.0,,100.0,0.48950705810546885,False,REGULAR,USD
NFLX,2027-06-17,put,2026-01-21T21:40:31.402662+00:00,NFLX270617P00037000,2025-10-21 15:21:08+00:00,37.0,0.35,0.27,2.48,0.0,0.0,,130.0,0.5222215747070311,False,REGULAR,USD
NFLX,2027-06-17,put,2026-01-21T21:40:31.402662+00:00,NFLX270617P00038000,2025-11-10 16:31:56+00:00,38.0,0.45,0.42,1.05,0.0,0.0,,300.0,0.47485876708984376,False,REGULAR,USD
NFLX,2027-06-17,put,2026-01-21T21:40:31.402662+00:00,NFLX270617P00039000,2025-11-25 18:46:39+00:00,39.0,0.67,0.49,1.1,0.0,0.0,1.0,71.0,0.46680220703125,False,REGULAR,USD
NFLX,2027-06-17,put,2026-01-21T21:40:31.402662+00:00,NFLX270617P00040000,2026-01-15 19:55:15+00:00,40.0,0.93,0.69,1.18,0.0,0.0,10.0,157.0,0.4616753051757813,False,REGULAR,USD
NFLX,2027-06-17,put,2026-01-21T21:40:31.402662+00:00,NFLX270617P00042000,2025-11-19 14:38:49+00:00,42.0,1.43,0.71,1.31,0.0,0.0,,80.0,0.4480035668945312,False,REGULAR,USD
NFLX,2027-06-17,put,2026-01-21T21:40:31.402662+00:00,NFLX270617P00044000,2025-12-10 20:54:50+00:00,44.0,1.35,0.98,1.48,0.0,0.0,4.0,44.0,0.4373835559082031,False,REGULAR,USD
NFLX,2027-06-17,put,2026-01-21T21:40:31.402662+00:00,NFLX270617P00046000,2026-01-02 16:20:15+00:00,46.0,1.38,1.18,1.72,0.0,0.0,3.0,20.0,0.4309138940429688,False,REGULAR,USD
NFLX,2027-06-17,put,2026-01-21T21:40:31.402662+00:00,NFLX270617P00047000,2026-01-21 15:24:38+00:00,47.0,1.65,1.34,1.82,0.72999996,79.34782,1.0,30.0,0.42578699218750005,False,REGULAR,USD
NFLX,2027-06-17,put,2026-01-21T21:40:31.402662+00:00,NFLX270617P00048000,2025-11-19 16:49:26+00:00,48.0,1.08,1.23,1.87,0.0,0.0,,111.0,0.41712008666992184,False,REGULAR,USD
NFLX,2027-06-17,put,2026-01-21T21:40:31.402662+00:00,NFLX270617P00049000,2026-01-15 19:56:06+00:00,49.0,1.83,1.55,2.05,0.0,0.0,4.0,34.0,0.4167538793945312,False,REGULAR,USD
NFLX,2027-06-17,put,2026-01-21T21:40:31.402662+00:00,NFLX270617P00050000,2026-01-21 18:34:21+00:00,50.0,2.07,1.8,2.09,0.06999993,3.4999967,25.0,464.0,0.407232490234375,False,REGULAR,USD
NFLX,2027-06-17,put,2026-01-21T21:40:31.402662+00:00,NFLX270617P00052000,2025-12-03 16:52:23+00:00,52.0,1.64,1.79,2.17,0.0,0.0,1.0,51.0,0.38867798828125,False,REGULAR,USD
NFLX,2027-06-17,put,2026-01-21T21:40:31.402662+00:00,NFLX270617P00054000,2026-01-14 15:43:51+00:00,54.0,2.83,2.3,2.78,0.0,0.0,1.0,72.0,0.398443515625,False,REGULAR,USD
NFLX,2027-06-17,put,2026-01-21T21:40:31.402662+00:00,NFLX270617P00055000,2026-01-21 15:44:40+00:00,55.0,3.0,2.51,2.91,0.49,19.521912,7.0,39.0,0.3930724755859375,False,REGULAR,USD
NFLX,2027-06-17,put,2026-01-21T21:40:31.402662+00:00,NFLX270617P00056000,2026-01-21 18:15:27+00:00,56.0,3.1,2.66,3.15,0.4499998,16.981125,7.0,142.0,0.39288937194824214,False,REGULAR,USD
NFLX,2027-06-17,put,2026-01-21T21:40:31.402662+00:00,NFLX270617P00058000,2026-01-21 18:46:00+00:00,58.0,3.63,3.05,3.55,0.18000007,5.2173934,1.0,432.0,0.3873962628173828,False,REGULAR,USD
NFLX,2027-06-17,put,2026-01-21T21:40:31.402662+00:00,NFLX270617P00060000,2026-01-21 20:35:11+00:00,60.0,3.8,3.5,3.95,-0.10000014,-2.5641062,78.0,325.0,0.3806214282226562,False,REGULAR,USD
NFLX,2027-06-17,put,2026-01-21T21:40:31.402662+00:00,NFLX270617P00062000,2026-01-14 16:35:45+00:00,62.0,4.12,3.95,4.45,0.0,0.0,2.0,34.0,0.37665418273925777,False,REGULAR,USD
NFLX,2027-06-17,put,2026-01-21T21:40:31.402662+00:00,NFLX270617P00064000,2026-01-20 17:19:34+00:00,64.0,4.79,4.65,5.0,0.0,0.0,6.0,54.0,0.3731141790771484,False,REGULAR,USD
NFLX,2027-06-17,put,2026-01-21T21:40:31.402662+00:00,NFLX270617P00065000,2026-01-21 19:51:43+00:00,65.0,5.05,5.0,5.2,0.05000019,0.9803959,119.0,20.0,0.36817038085937503,False,REGULAR,USD
NFLX,2027-06-17,put,2026-01-21T21:40:31.402662+00:00,NFLX270617P00066000,2026-01-21 19:22:22+00:00,66.0,5.55,5.0,5.6,0.32000017,6.11855,93.0,1094.0,0.3699403826904296,False,REGULAR,USD
NFLX,2027-06-17,put,2026-01-21T21:40:31.402662+00:00,NFLX270617P00068000,2026-01-21 16:31:45+00:00,68.0,6.41,5.8,6.2,0.60999966,10.517235,6.0,155.0,0.3654238262939453,False,REGULAR,USD
NFLX,2027-06-17,put,2026-01-21T21:40:31.402662+00:00,NFLX270617P00070000,2026-01-21 20:40:30+00:00,70.0,6.72,6.3,6.8,-0.03000021,-0.44444755,115.0,3241.0,0.3597476135253906,False,REGULAR,USD
NFLX,2027-06-17,put,2026-01-21T21:40:31.402662+00:00,NFLX270617P00072000,2026-01-14 20:36:21+00:00,72.0,7.17,6.95,7.55,0.0,0.0,24.0,807.0,0.35742830078125,False,REGULAR,USD
NFLX,2027-06-17,put,2026-01-21T21:40:31.402662+00:00,NFLX270617P00074000,2026-01-12 16:54:20+00:00,74.0,7.3,7.65,8.3,0.0,0.0,2.0,1249.0,0.35382726257324215,False,REGULAR,USD
NFLX,2027-06-17,put,2026-01-21T21:40:31.402662+00:00,NFLX270617P00075000,2026-01-21 16:16:01+00:00,75.0,9.0,8.1,8.6,0.77999973,9.489047,51.0,374.0,0.3494938098144531,False,REGULAR,USD
NFLX,2027-06-17,put,2026-01-21T21:40:31.402662+00:00,NFLX270617P00076000,2026-01-21 17:22:16+00:00,76.0,9.55,8.45,9.1,1.1999998,14.371255,4.0,446.0,0.350470362548828,False,REGULAR,USD
NFLX,2027-06-17,put,2026-01-21T21:40:31.402662+00:00,NFLX270617P00078000,2026-01-21 19:45:01+00:00,78.0,9.8,9.5,9.9,-0.05000019,-0.5076161,24.0,290.0,0.3459538061523437,False,REGULAR,USD
NFLX,2027-06-17,put,2026-01-21T21:40:31.402662+00:00,NFLX270617P00080000,2026-01-21 20:55:12+00:00,80.0,10.5,10.35,10.75,0.07999992,0.7677536,243.0,3916.0,0.3416203533935547,False,REGULAR,USD
NFLX,2027-06-17,put,2026-01-21T21:40:31.402662+00:00,NFLX270617P00082000,2026-01-21 18:22:04+00:00,82.0,12.25,11.05,11.7,1.0299997,9.180033,12.0,542.0,0.3388127642822265,False,REGULAR,USD
NFLX,2027-06-17,put,2026-01-21T21:40:31.402662+00:00,NFLX270617P00084000,2026-01-21 19:46:56+00:00,84.0,12.8,12.0,12.65,1.8000002,16.363638,160.0,322.0,0.3349065533447265,False,REGULAR,USD
NFLX,2027-06-17,put,2026-01-21T21:40:31.402662+00:00,NFLX270617P00085000,2026-01-21 20:39:54+00:00,85.0,13.03,12.55,13.1,0.2699995,2.1159835,44.0,542.0,0.3319158605957031,False,REGULAR,USD
NFLX,2027-06-17,put,2026-01-21T21:40:31.402662+00:00,NFLX270617P00086000,2026-01-21 16:04:13+00:00,86.0,14.08,13.0,13.65,0.8800001,6.666668,2.0,537.0,0.3311834460449219,True,REGULAR,USD
NFLX,2027-06-17,put,2026-01-21T21:40:31.402662+00:00,NFLX270617P00088000,2026-01-21 15:44:40+00:00,88.0,15.2,14.05,14.7,0.72000027,4.972378,38.0,244.0,0.3276129251098633,True,REGULAR,USD
NFLX,2027-06-17,put,2026-01-21T21:40:31.402662+00:00,NFLX270617P00090000,2026-01-21 20:40:30+00:00,90.0,15.69,15.2,15.75,0.13999939,0.9003176,71.0,2514.0,0.32300481689453114,True,REGULAR,USD
NFLX,2027-06-17,put,2026-01-21T21:40:31.402662+00:00,NFLX270617P00092000,2026-01-21 18:03:38+00:00,92.0,17.69,16.3,16.95,1.5300007,9.467826,3.0,793.0,0.32102119415283203,True,REGULAR,USD
NFLX,2027-06-17,put,2026-01-21T21:40:31.402662+00:00,NFLX270617P00094000,2026-01-21 18:22:27+00:00,94.0,18.95,17.45,18.1,3.040001,19.107485,3.0,835.0,0.31677929321289056,True,REGULAR,USD
NFLX,2027-06-17,put,2026-01-21T21:40:31.402662+00:00,NFLX270617P00095000,2026-01-21 20:36:56+00:00,95.0,18.55,18.1,18.6,0.44999886,2.4861815,2.0,814.0,0.31238480590820306,True,REGULAR,USD
NFLX,2027-06-17,put,2026-01-21T21:40:31.402662+00:00,NFLX270617P00096000,2026-01-21 15:53:44+00:00,96.0,20.08,18.65,19.35,1.6299992,8.834683,1.0,2398.0,0.31391066955566405,True,REGULAR,USD
NFLX,2027-06-17,put,2026-01-21T21:40:31.402662+00:00,NFLX270617P00098000,2026-01-21 20:05:09+00:00,98.0,20.6,19.95,20.6,0.6499996,3.2581434,11.0,741.0,0.3100654931640625,True,REGULAR,USD
NFLX,2027-06-17,put,2026-01-21T21:40:31.402662+00:00,NFLX270617P00100000,2026-01-21 20:07:33+00:00,100.0,21.94,21.3,21.85,0.84000015,3.9810433,62.0,724.0,0.3051522122192383,True,REGULAR,USD
NFLX,2027-06-17,put,2026-01-21T21:40:31.402662+00:00,NFLX270617P00102000,2025-12-31 15:55:15+00:00,102.0,19.3,22.55,23.3,0.0,0.0,7.0,578.0,0.3043282458496094,True,REGULAR,USD
NFLX,2027-06-17,put,2026-01-21T21:40:31.402662+00:00,NFLX270617P00104000,2026-01-15 14:36:48+00:00,104.0,22.78,23.95,24.7,0.0,0.0,1.0,599.0,0.3012765185546875,True,REGULAR,USD
NFLX,2027-06-17,put,2026-01-21T21:40:31.402662+00:00,NFLX270617P00105000,2026-01-15 18:59:08+00:00,105.0,23.77,24.7,25.3,0.0,0.0,50.0,35.0,0.2966378930664062,True,REGULAR,USD
NFLX,2027-06-17,put,2026-01-21T21:40:31.402662+00:00,NFLX270617P00106000,2026-01-05 20:25:34+00:00,106.0,22.69,25.35,26.1,0.0,0.0,50.0,700.0,0.2971261694335937,True,REGULAR,USD
NFLX,2027-06-17,put,2026-01-21T21:40:31.402662+00:00,NFLX270617P00108000,2026-01-21 14:38:50+00:00,108.0,28.77,26.8,27.5,5.5,23.635582,20.0,360.0,0.29193823303222644,True,REGULAR,USD
NFLX,2027-06-17,put,2026-01-21T21:40:31.402662+00:00,NFLX270617P00110000,2026-01-15 18:51:38+00:00,110.0,27.12,28.35,29.0,0.0,0.0,5.0,390.0,0.2884592639160155,True,REGULAR,USD
NFLX,2027-06-17,put,2026-01-21T21:40:31.402662+00:00,NFLX270617P00112000,2026-01-21 20:27:49+00:00,112.0,30.7,29.8,30.65,3.6000004,13.284134,31.0,410.0,0.28839822937011705,True,REGULAR,USD
NFLX,2027-06-17,put,2026-01-21T21:40:31.402662+00:00,NFLX270617P00114000,2026-01-21 17:47:07+00:00,114.0,33.38,31.35,32.2,6.4300003,23.858997,2.0,550.0,0.28436994934082027,True,REGULAR,USD
NFLX,2027-06-17,put,2026-01-21T21:40:31.402662+00:00,NFLX270617P00115000,2026-01-21 19:46:31+00:00,115.0,33.15,32.2,32.9,3.6000023,12.18275,80.0,18.0,0.2795482202148437,True,REGULAR,USD
NFLX,2027-06-17,put,2026-01-21T21:40:31.402662+00:00,NFLX270617P00116000,2026-01-08 18:48:05+00:00,116.0,30.29,32.95,33.8,0.0,0.0,20.0,297.0,0.28089098022460934,True,REGULAR,USD
NFLX,2027-06-17,put,2026-01-21T21:40:31.402662+00:00,NFLX270617P00118000,2026-01-21 17:10:36+00:00,118.0,36.54,34.55,35.45,3.9900017,12.25807,2.0,332.0,0.2779613220214844,True,REGULAR,USD
NFLX,2027-06-17,put,2026-01-21T21:40:31.402662+00:00,NFLX270617P00120000,2026-01-21 15:39:35+00:00,120.0,37.4,36.25,37.0,3.4700012,10.226941,10.0,450.0,0.27033200378417965,True,REGULAR,USD
NFLX,2027-06-17,put,2026-01-21T21:40:31.402662+00:00,NFLX270617P00122000,2026-01-12 15:56:41+00:00,122.0,35.54,37.9,38.8,0.0,0.0,30.0,305.0,0.27082028015136717,True,REGULAR,USD
NFLX,2027-06-17,put,2026-01-21T21:40:31.402662+00:00,NFLX270617P00124000,2025-12-18 15:53:09+00:00,124.0,33.71,39.6,40.5,0.0,0.0,24.0,263.0,0.2664868273925781,True,REGULAR,USD
NFLX,2027-06-17,put,2026-01-21T21:40:31.402662+00:00,NFLX270617P00125000,2026-01-21 20:26:14+00:00,125.0,41.4,40.5,41.3,6.9000015,20.000004,20.0,50.0,0.2616040637207031,True,REGULAR,USD
NFLX,2027-06-17,put,2026-01-21T21:40:31.402662+00:00,NFLX270617P00126000,2025-11-18 14:59:09+00:00,126.0,24.75,37.25,38.55,0.0,0.0,,141.0,1.0000000000000003e-05,True,REGULAR,USD
NFLX,2027-06-17,put,2026-01-21T21:40:31.402662+00:00,NFLX270617P00128000,2025-11-17 18:17:27+00:00,128.0,26.85,38.95,40.3,0.0,0.0,,54.0,1.0000000000000003e-05,True,REGULAR,USD
NFLX,2027-06-17,put,2026-01-21T21:40:31.402662+00:00,NFLX270617P00130000,2026-01-21 20:14:04+00:00,130.0,45.9,44.95,45.75,17.550001,61.904766,1.0,281.0,0.2520826745605469,True,REGULAR,USD
NFLX,2027-06-17,put,2026-01-21T21:40:31.402662+00:00,NFLX270617P00132000,2025-12-19 17:54:06+00:00,132.0,39.41,46.9,47.7,0.0,0.0,5.0,112.0,0.25580578186035163,True,REGULAR,USD
NFLX,2027-06-17,put,2026-01-21T21:40:31.402662+00:00,NFLX270617P00134000,2025-12-17 15:53:26+00:00,134.0,40.65,48.5,49.6,0.0,0.0,5.0,23.0,0.25623302368164064,True,REGULAR,USD
NFLX,2027-06-17,put,2026-01-21T21:40:31.402662+00:00,NFLX270617P00135000,2025-12-18 16:24:06+00:00,135.0,42.42,49.55,50.4,0.0,0.0,,6.0,0.24646749633789064,True,REGULAR,USD
NFLX,2027-06-17,put,2026-01-21T21:40:31.402662+00:00,NFLX270617P00136000,2026-01-21 16:53:36+00:00,136.0,53.13,50.35,51.45,28.210001,113.20225,1.0,50.0,0.2528150891113281,True,REGULAR,USD
NFLX,2027-06-17,put,2026-01-21T21:40:31.402662+00:00,NFLX270617P00138000,2025-12-17 14:30:54+00:00,138.0,44.3,52.25,53.4,0.0,0.0,5.0,1.0,0.2551344018554688,True,REGULAR,USD
NFLX,2027-06-17,put,2026-01-21T21:40:31.402662+00:00,NFLX270617P00140000,2026-01-21 20:13:06+00:00,140.0,55.85,52.5,57.0,4.959999,9.870645,6.0,25.0,0.3430851824951171,True,REGULAR,USD
NFLX,2027-06-17,put,2026-01-21T21:40:31.402662+00:00,NFLX270617P00142000,2025-12-05 19:13:23+00:00,142.0,44.0,54.5,59.0,0.0,0.0,10.0,15.0,0.3494938098144531,True,REGULAR,USD
NFLX,2027-06-17,put,2026-01-21T21:40:31.402662+00:00,NFLX270617P00145000,2025-12-19 18:52:38+00:00,145.0,51.22,57.5,62.0,0.0,0.0,1.0,1.0,0.3587710607910156,True,REGULAR,USD
NFLX,2027-06-17,put,2026-01-21T21:40:31.402662+00:00,NFLX270617P00146000,2025-10-30 16:47:01+00:00,146.0,39.65,39.75,40.75,0.0,0.0,,10.0,1.0000000000000003e-05,True,REGULAR,USD
NFLX,2027-06-17,put,2026-01-21T21:40:31.402662+00:00,NFLX270617P00150000,2025-11-18 15:07:29+00:00,150.0,42.17,58.9,60.4,0.0,0.0,23.0,42.0,1.0000000000000003e-05,True,REGULAR,USD
NFLX,2027-06-17,put,2026-01-21T21:40:31.402662+00:00,NFLX270617P00152000,2025-10-30 16:47:46+00:00,152.0,44.53,44.55,45.65,0.0,0.0,,20.0,1.0000000000000003e-05,True,REGULAR,USD
NFLX,2027-06-17,put,2026-01-21T21:40:31.402662+00:00,NFLX270617P00154000,2025-12-15 05:02:26+00:00,154.0,38.91,,,0.0,0.0,,,0.0,True,REGULAR,USD
NFLX,2027-06-17,put,2026-01-21T21:40:31.402662+00:00,NFLX270617P00156000,2025-12-15 05:02:26+00:00,156.0,39.98,,,0.0,0.0,,,0.0,True,REGULAR,USD
NFLX,2027-06-17,put,2026-01-21T21:40:31.402662+00:00,NFLX270617P00158000,2025-12-15 05:02:26+00:00,158.0,43.85,,,0.0,0.0,,,0.0,True,REGULAR,USD
NFLX,2027-06-17,put,2026-01-21T21:40:31.402662+00:00,NFLX270617P00160000,2025-11-14 16:20:55+00:00,160.0,47.07,45.8,48.95,0.0,0.0,1.0,10.0,1.0000000000000003e-05,True,REGULAR,USD
NFLX,2027-06-17,put,2026-01-21T21:40:31.402662+00:00,NFLX270617P00164000,2025-12-15 05:02:27+00:00,164.0,48.81,,,0.0,0.0,,,0.0,True,REGULAR,USD
NFLX,2027-06-17,put,2026-01-21T21:40:31.402662+00:00,NFLX270617P00166000,2025-12-15 05:02:27+00:00,166.0,51.9,,,0.0,0.0,,,0.0,True,REGULAR,USD
NFLX,2027-06-17,put,2026-01-21T21:40:31.402662+00:00,NFLX270617P00168000,2025-12-15 05:02:27+00:00,168.0,52.62,,,0.0,0.0,,,0.0,True,REGULAR,USD
NFLX,2027-06-17,put,2026-01-21T21:40:31.402662+00:00,NFLX270617P00170000,2025-11-14 17:02:19+00:00,170.0,53.35,56.7,57.65,0.0,0.0,1.0,20.0,1.0000000000000003e-05,True,REGULAR,USD
NFLX,2027-06-17,put,2026-01-21T21:40:31.402662+00:00,NFLX270617P00172000,2025-12-15 05:02:27+00:00,172.0,56.2,,,0.0,0.0,,,0.0,True,REGULAR,USD
NFLX,2027-06-17,put,2026-01-21T21:40:31.402662+00:00,NFLX270617P00174000,2025-12-15 05:02:27+00:00,174.0,55.2,,,0.0,0.0,,,0.0,True,REGULAR,USD
NFLX,2027-06-17,put,2026-01-21T21:40:31.402662+00:00,NFLX270617P00175000,2025-10-22 17:02:56+00:00,175.0,63.65,66.0,75.0,0.0,0.0,,40.0,1.0000000000000003e-05,True,REGULAR,USD
NFLX,2027-06-17,put,2026-01-21T21:40:31.402662+00:00,NFLX270617P00176000,2025-12-15 05:02:27+00:00,176.0,60.01,,,0.0,0.0,,,0.0,True,REGULAR,USD
NFLX,2027-06-17,put,2026-01-21T21:40:31.402662+00:00,NFLX270617P00178000,2025-12-15 05:02:27+00:00,178.0,61.68,,,0.0,0.0,,,0.0,True,REGULAR,USD
NFLX,2027-06-17,put,2026-01-21T21:40:31.402662+00:00,NFLX270617P00180000,2025-11-14 17:02:19+00:00,180.0,64.4,65.8,66.7,0.0,0.0,1.0,0.0,1.0000000000000003e-05,True,REGULAR,USD
NFLX,2027-06-17,put,2026-01-21T21:40:31.402662+00:00,NFLX270617P00182000,2025-12-15 05:02:28+00:00,182.0,54.12,,,0.0,0.0,,,0.0,True,REGULAR,USD
NFLX,2027-06-17,put,2026-01-21T21:40:31.402662+00:00,NFLX270617P00190000,2025-11-07 20:26:22+00:00,190.0,75.97,71.0,81.0,0.0,0.0,2.0,0.0,1.0000000000000003e-05,True,REGULAR,USD
NFLX,2027-06-17,put,2026-01-21T21:40:31.402662+00:00,NFLX270617P00200000,2025-07-22 14:27:32+00:00,200.0,1.76,0.0,1.73,0.0,0.0,10.0,20.0,1.0000000000000003e-05,True,REGULAR,USD
NFLX,2027-06-17,put,2026-01-21T21:40:31.402662+00:00,NFLX270617P00202000,2025-12-15 05:02:29+00:00,202.0,70.78,,,0.0,0.0,,,0.0,True,REGULAR,USD
NFLX,2027-06-17,put,2026-01-21T21:40:31.402662+00:00,NFLX270617P00210000,2025-11-13 18:01:51+00:00,210.0,81.14,91.0,101.0,0.0,0.0,1.0,0.0,1.0000000000000003e-05,True,REGULAR,USD
NFLX,2027-06-17,put,2026-01-21T21:40:31.402662+00:00,NFLX270617P00211000,2025-12-15 05:02:30+00:00,211.0,82.05,,,0.0,0.0,,,0.0,True,REGULAR,USD
NFLX,2027-06-17,put,2026-01-21T21:40:31.402662+00:00,NFLX270617P00217000,2025-10-21 13:45:43+00:00,217.0,93.4,108.0,117.0,0.0,0.0,,0.0,1.0000000000000003e-05,True,REGULAR,USD
NFLX,2027-06-17,put,2026-01-21T21:40:31.402662+00:00,NFLX270617P00220000,2025-11-14 17:02:40+00:00,220.0,90.61,101.0,111.0,0.0,0.0,,,1.0000000000000003e-05,True,REGULAR,USD
NFLX,2027-06-17,put,2026-01-21T21:40:31.402662+00:00,NFLX270617P00221000,2025-10-21 13:45:43+00:00,221.0,97.4,112.0,121.0,0.0,0.0,,0.0,1.0000000000000003e-05,True,REGULAR,USD
NFLX,2027-06-17,put,2026-01-21T21:40:31.402662+00:00,NFLX270617P00222000,2025-12-15 05:02:31+00:00,222.0,92.52,,,0.0,0.0,,,0.0,True,REGULAR,USD
NFLX,2027-06-17,put,2026-01-21T21:40:31.402662+00:00,NFLX270617P00230000,2025-11-14 17:02:40+00:00,230.0,1.08,121.0,131.0,0.0,0.0,1.0,0.0,1.0000000000000003e-05,True,REGULAR,USD
NFLX,2027-06-17,put,2026-01-21T21:40:31.402662+00:00,NFLX270617P00231000,2025-12-15 05:02:32+00:00,231.0,101.37,,,0.0,0.0,,,0.0,True,REGULAR,USD
NFLX,2027-06-17,put,2026-01-21T21:40:31.402662+00:00,NFLX270617P00232000,2025-10-21 13:45:43+00:00,232.0,108.4,123.0,132.0,0.0,0.0,,0.0,1.0000000000000003e-05,True,REGULAR,USD
NFLX,2027-06-17,put,2026-01-21T21:40:31.402662+00:00,NFLX270617P00240000,2025-10-10 15:30:38+00:00,240.0,1.4,131.0,141.0,0.0,0.0,3.0,0.0,1.0000000000000003e-05,True,REGULAR,USD
NFLX,2027-06-17,put,2026-01-21T21:40:31.402662+00:00,NFLX270617P00241000,2025-10-21 13:45:43+00:00,241.0,117.4,132.0,141.0,0.0,0.0,,0.0,1.0000000000000003e-05,True,REGULAR,USD
NFLX,2027-06-17,put,2026-01-21T21:40:31.402662+00:00,NFLX270617P00242000,2025-10-21 13:45:43+00:00,242.0,118.4,133.0,142.0,0.0,0.0,,0.0,1.0000000000000003e-05,True,REGULAR,USD
NFLX,2027-06-17,put,2026-01-21T21:40:31.402662+00:00,NFLX270617P00247000,2025-12-15 05:02:34+00:00,247.0,126.29,,,0.0,0.0,,,0.0,True,REGULAR,USD
NFLX,2027-06-17,put,2026-01-21T21:40:31.402662+00:00,NFLX270617P00250000,2025-11-13 17:42:04+00:00,250.0,1.3,141.0,151.0,0.0,0.0,1.0,0.0,1.0000000000000003e-05,True,REGULAR,USD
NFLX,2027-06-17,put,2026-01-21T21:40:31.402662+00:00,NFLX270617P00257000,2025-12-15 05:02:34+00:00,257.0,138.97,,,0.0,0.0,,,0.0,True,REGULAR,USD
NFLX,2027-06-17,put,2026-01-21T21:40:31.402662+00:00,NFLX270617P00260000,2025-10-28 17:59:42+00:00,260.0,1.61,151.0,161.0,0.0,0.0,1.0,0.0,1.0000000000000003e-05,True,REGULAR,USD
NFLX,2027-06-17,put,2026-01-21T21:40:31.402662+00:00,NFLX270617P00263000,2025-12-15 05:02:35+00:00,263.0,144.78,,,0.0,0.0,,,0.0,True,REGULAR,USD
NFLX,2027-06-17,put,2026-01-21T21:40:31.402662+00:00,NFLX270617P00264000,2025-12-15 05:02:35+00:00,264.0,146.72,,,0.0,0.0,,,0.0,True,REGULAR,USD
NFLX,2027-06-17,put,2026-01-21T21:40:31.402662+00:00,NFLX270617P00270000,2025-10-28 17:59:42+00:00,270.0,1.81,0.66,3.25,0.0,0.0,1.0,1.0,1.0000000000000003e-05,True,REGULAR,USD
NFLX,2027-06-17,put,2026-01-21T21:40:31.402662+00:00,NFLX270617P00280000,2025-10-21 18:17:50+00:00,280.0,2.0,0.84,3.75,0.0,0.0,1.0,4.0,1.0000000000000003e-05,True,REGULAR,USD
NFLX,2027-06-17,put,2026-01-21T21:40:31.402662+00:00,NFLX270617P00290000,2025-09-22 19:10:14+00:00,290.0,1.97,0.0,0.0,0.0,0.0,1.0,0.0,1.0000000000000003e-05,True,REGULAR,USD
NFLX,2027-06-17,put,2026-01-21T21:40:31.402662+00:00,NFLX270617P00300000,2025-09-19 14:53:49+00:00,300.0,2.89,1.27,3.05,0.0,0.0,1.0,5.0,1.0000000000000003e-05,True,REGULAR,USD
NFLX,2027-06-17,put,2026-01-21T21:40:31.402662+00:00,NFLX270617P00320000,2025-09-17 19:25:08+00:00,320.0,2.53,1.52,4.35,0.0,0.0,4.0,33.0,1.0000000000000003e-05,True,REGULAR,USD
NFLX,2027-06-17,put,2026-01-21T21:40:31.402662+00:00,NFLX270617P00330000,2025-09-29 18:17:48+00:00,330.0,2.9,2.19,4.0,0.0,0.0,4.0,8.0,1.0000000000000003e-05,True,REGULAR,USD
NFLX,2027-06-17,put,2026-01-21T21:40:31.402662+00:00,NFLX270617P00340000,2025-09-11 19:31:56+00:00,340.0,3.7,1.73,5.25,0.0,0.0,28.0,13.0,1.0000000000000003e-05,True,REGULAR,USD
NFLX,2027-06-17,put,2026-01-21T21:40:31.402662+00:00,NFLX270617P00350000,2025-09-15 18:53:19+00:00,350.0,3.7,2.13,5.55,0.0,0.0,2.0,22.0,1.0000000000000003e-05,True,REGULAR,USD
NFLX,2027-06-17,put,2026-01-21T21:40:31.402662+00:00,NFLX270617P00360000,2025-06-20 13:58:31+00:00,360.0,6.4,2.52,6.8,0.0,0.0,10.0,10.0,1.0000000000000003e-05,True,REGULAR,USD
NFLX,2027-06-17,put,2026-01-21T21:40:31.402662+00:00,NFLX270617P00370000,2025-10-21 15:21:08+00:00,370.0,3.45,3.1,6.1,0.0,0.0,2.0,13.0,1.0000000000000003e-05,True,REGULAR,USD
NFLX,2027-06-17,put,2026-01-21T21:40:31.402662+00:00,NFLX270617P00380000,2025-11-10 16:31:56+00:00,380.0,4.5,3.65,5.9,0.0,0.0,40.0,30.0,1.0000000000000003e-05,True,REGULAR,USD
NFLX,2027-06-17,put,2026-01-21T21:40:31.402662+00:00,NFLX270617P00390000,2025-08-12 14:07:19+00:00,390.0,5.5,3.85,5.15,0.0,0.0,2.0,8.0,1.0000000000000003e-05,True,REGULAR,USD
NFLX,2027-06-17,put,2026-01-21T21:40:31.402662+00:00,NFLX270617P00400000,2025-11-03 20:41:16+00:00,400.0,5.55,4.4,6.0,0.0,0.0,3.0,25.0,1.0000000000000003e-05,True,REGULAR,USD
NFLX,2027-06-17,put,2026-01-21T21:40:31.402662+00:00,NFLX270617P00420000,2025-10-17 13:32:33+00:00,420.0,6.0,5.4,7.3,0.0,0.0,1.0,13.0,1.0000000000000003e-05,True,REGULAR,USD
NFLX,2027-06-17,put,2026-01-21T21:40:31.402662+00:00,NFLX270617P00440000,2025-11-14 18:48:48+00:00,440.0,7.37,5.95,9.1,0.4699998,6.811591,2.0,3.0,1.0000000000000003e-05,True,REGULAR,USD
NFLX,2027-06-17,put,2026-01-21T21:40:31.402662+00:00,NFLX270617P00460000,2025-09-26 16:05:12+00:00,460.0,7.34,0.0,0.0,0.0,0.0,2.0,4.0,1.0000000000000003e-05,True,REGULAR,USD
NFLX,2027-06-17,put,2026-01-21T21:40:31.402662+00:00,NFLX270617P00470000,2025-11-06 15:50:48+00:00,470.0,9.15,7.6,10.8,0.0,0.0,2.0,3.0,1.0000000000000003e-05,True,REGULAR,USD
NFLX,2027-06-17,put,2026-01-21T21:40:31.402662+00:00,NFLX270617P00480000,2025-09-11 19:17:01+00:00,480.0,8.8,6.95,10.75,0.0,0.0,2.0,11.0,1.0000000000000003e-05,True,REGULAR,USD
NFLX,2027-06-17,put,2026-01-21T21:40:31.402662+00:00,NFLX270617P00490000,2025-09-11 19:28:05+00:00,490.0,9.37,7.5,11.3,0.0,0.0,1.0,3.0,1.0000000000000003e-05,True,REGULAR,USD
NFLX,2027-06-17,put,2026-01-21T21:40:31.402662+00:00,NFLX270617P00500000,2025-11-11 19:04:45+00:00,500.0,10.5,9.55,12.85,0.0,0.0,1.0,38.0,1.0000000000000003e-05,True,REGULAR,USD
NFLX,2027-06-17,put,2026-01-21T21:40:31.402662+00:00,NFLX270617P00520000,2025-11-10 18:48:08+00:00,520.0,12.09,11.05,14.4,0.0,0.0,4.0,5.0,1.0000000000000003e-05,True,REGULAR,USD
NFLX,2027-06-17,put,2026-01-21T21:40:31.402662+00:00,NFLX270617P00540000,2025-11-10 18:48:49+00:00,540.0,13.67,12.7,16.1,0.0,0.0,4.0,7.0,1.0000000000000003e-05,True,REGULAR,USD
NFLX,2027-06-17,put,2026-01-21T21:40:31.402662+00:00,NFLX270617P00560000,2025-11-10 18:49:09+00:00,560.0,15.42,14.5,18.0,0.0,0.0,8.0,8.0,1.0000000000000003e-05,True,REGULAR,USD
NFLX,2027-06-17,put,2026-01-21T21:40:31.402662+00:00,NFLX270617P00580000,2025-11-06 15:55:48+00:00,580.0,18.33,16.5,20.1,0.0,0.0,82.0,43.0,1.0000000000000003e-05,True,REGULAR,USD
NFLX,2027-06-17,put,2026-01-21T21:40:31.402662+00:00,NFLX270617P00600000,2025-11-10 14:47:40+00:00,600.0,19.05,18.7,22.3,0.0,0.0,1.0,20.0,1.0000000000000003e-05,True,REGULAR,USD
NFLX,2027-06-17,put,2026-01-21T21:40:31.402662+00:00,NFLX270617P00620000,2025-10-20 15:00:28+00:00,620.0,17.4,21.1,24.05,0.0,0.0,1.0,3.0,1.0000000000000003e-05,True,REGULAR,USD
NFLX,2027-06-17,put,2026-01-21T21:40:31.402662+00:00,NFLX270617P00640000,2025-10-21 18:28:56+00:00,640.0,18.76,23.7,27.5,0.0,0.0,2.0,1.0,1.0000000000000003e-05,True,REGULAR,USD
NFLX,2027-06-17,put,2026-01-21T21:40:31.402662+00:00,NFLX270617P00660000,2025-11-13 14:30:07+00:00,660.0,24.81,26.7,30.45,0.0,0.0,1.0,25.0,1.0000000000000003e-05,True,REGULAR,USD
NFLX,2027-06-17,put,2026-01-21T21:40:31.402662+00:00,NFLX270617P00680000,2025-11-10 14:48:46+00:00,680.0,29.55,30.05,33.3,0.0,0.0,1.0,11.0,1.0000000000000003e-05,True,REGULAR,USD
NFLX,2027-06-17,put,2026-01-21T21:40:31.402662+00:00,NFLX270617P00700000,2025-11-14 18:48:48+00:00,700.0,34.76,33.0,37.15,3.5599976,11.410248,2.0,401.0,1.0000000000000003e-05,True,REGULAR,USD
NFLX,2027-06-17,put,2026-01-21T21:40:31.402662+00:00,NFLX270617P00720000,2025-11-10 14:47:21+00:00,720.0,35.05,36.9,40.2,0.0,0.0,2.0,73.0,1.0000000000000003e-05,True,REGULAR,USD
NFLX,2027-06-17,put,2026-01-21T21:40:31.402662+00:00,NFLX270617P00740000,2025-11-10 15:32:51+00:00,740.0,40.0,40.05,44.8,0.0,0.0,2.0,12.0,1.0000000000000003e-05,True,REGULAR,USD
NFLX,2027-06-17,put,2026-01-21T21:40:31.402662+00:00,NFLX270617P00760000,2025-11-12 16:43:38+00:00,760.0,42.45,43.85,49.3,0.0,0.0,9.0,18.0,1.0000000000000003e-05,True,REGULAR,USD
NFLX,2027-06-17,put,2026-01-21T21:40:31.402662+00:00,NFLX270617P00780000,2025-11-12 20:33:31+00:00,780.0,45.08,49.0,52.25,0.0,0.0,1.0,20.0,1.0000000000000003e-05,True,REGULAR,USD
NFLX,2027-06-17,put,2026-01-21T21:40:31.402662+00:00,NFLX270617P00800000,2025-11-10 14:46:40+00:00,800.0,55.3,52.8,58.4,2.8099976,5.3533955,2.0,61.0,1.0000000000000003e-05,True,REGULAR,USD
NFLX,2027-06-17,put,2026-01-21T21:40:31.402662+00:00,NFLX270617P00820000,2025-11-10 14:46:29+00:00,820.0,57.14,58.45,61.95,0.0,0.0,2.0,54.0,1.0000000000000003e-05,True,REGULAR,USD
NFLX,2027-06-17,put,2026-01-21T21:40:31.402662+00:00,NFLX270617P00840000,2025-11-10 14:46:20+00:00,840.0,62.95,63.65,67.25,0.0,0.0,1.0,11.0,1.0000000000000003e-05,True,REGULAR,USD
NFLX,2027-06-17,put,2026-01-21T21:40:31.402662+00:00,NFLX270617P00860000,2025-11-10 20:26:06+00:00,860.0,67.94,68.55,74.2,0.0,0.0,12.0,51.0,1.0000000000000003e-05,True,REGULAR,USD
NFLX,2027-06-17,put,2026-01-21T21:40:31.402662+00:00,NFLX270617P00880000,2025-11-10 14:46:00+00:00,880.0,73.24,73.95,80.35,0.0,0.0,1.0,15.0,1.0000000000000003e-05,True,REGULAR,USD
NFLX,2027-06-17,put,2026-01-21T21:40:31.402662+00:00,NFLX270617P00900000,2025-11-10 14:45:50+00:00,900.0,77.9,81.0,86.2,0.0,0.0,1.0,40.0,1.0000000000000003e-05,True,REGULAR,USD
NFLX,2027-06-17,put,2026-01-21T21:40:31.402662+00:00,NFLX270617P00920000,2025-11-14 17:01:01+00:00,920.0,90.64,86.7,92.7,5.040001,5.8878517,1.0,76.0,1.0000000000000003e-05,True,REGULAR,USD
NFLX,2027-06-17,put,2026-01-21T21:40:31.402662+00:00,NFLX270617P00940000,2025-11-10 14:45:07+00:00,940.0,92.69,94.15,98.0,0.0,0.0,2.0,58.0,1.0000000000000003e-05,True,REGULAR,USD
NFLX,2027-06-17,put,2026-01-21T21:40:31.402662+00:00,NFLX270617P00960000,2025-11-14 19:54:47+00:00,960.0,100.72,100.0,107.85,2.6200027,2.670747,3.0,200.0,1.0000000000000003e-05,True,REGULAR,USD
NFLX,2027-06-17,put,2026-01-21T21:40:31.402662+00:00,NFLX270617P00980000,2025-11-14 17:00:52+00:00,980.0,112.1,107.35,114.25,10.75,10.606809,1.0,22.0,1.0000000000000003e-05,True,REGULAR,USD
NFLX,2027-06-17,put,2026-01-21T21:40:31.402662+00:00,NFLX270617P01000000,2025-11-14 20:35:24+00:00,1000.0,117.45,115.05,122.2,2.75,2.397559,3.0,69.0,1.0000000000000003e-05,True,REGULAR,USD
NFLX,2027-06-17,put,2026-01-21T21:40:31.402662+00:00,NFLX270617P01020000,2025-11-12 17:44:29+00:00,1020.0,114.95,124.5,129.0,0.0,0.0,2.0,57.0,1.0000000000000003e-05,True,REGULAR,USD
NFLX,2027-06-17,put,2026-01-21T21:40:31.402662+00:00,NFLX270617P01040000,2025-11-12 17:46:19+00:00,1040.0,122.92,132.95,137.6,0.0,0.0,23.0,59.0,1.0000000000000003e-05,True,REGULAR,USD
NFLX,2027-06-17,put,2026-01-21T21:40:31.402662+00:00,NFLX270617P01060000,2025-11-14 17:00:09+00:00,1060.0,145.24,140.8,147.55,5.200012,3.7132337,1.0,66.0,1.0000000000000003e-05,True,REGULAR,USD
NFLX,2027-06-17,put,2026-01-21T21:40:31.402662+00:00,NFLX270617P01080000,2025-11-10 15:32:51+00:00,1080.0,148.58,151.2,156.75,0.0,0.0,2.0,21.0,1.0000000000000003e-05,True,REGULAR,USD
NFLX,2027-06-17,put,2026-01-21T21:40:31.402662+00:00,NFLX270617P01100000,2025-11-14 14:32:26+00:00,1100.0,158.97,159.05,167.0,4.119995,2.660636,1.0,24.0,1.0000000000000003e-05,True,REGULAR,USD
NFLX,2027-06-17,put,2026-01-21T21:40:31.402662+00:00,NFLX270617P01120000,2025-11-12 17:44:44+00:00,1120.0,157.55,169.0,175.6,0.0,0.0,2.0,28.0,1.0000000000000003e-05,True,REGULAR,USD
NFLX,2027-06-17,put,2026-01-21T21:40:31.402662+00:00,NFLX270617P01140000,2025-11-14 14:32:26+00:00,1140.0,178.32,179.0,188.0,-9.37999,-4.9973307,1.0,59.0,1.0000000000000003e-05,True,REGULAR,USD
NFLX,2027-06-17,put,2026-01-21T21:40:31.402662+00:00,NFLX270617P01160000,2025-10-30 16:47:01+00:00,1160.0,195.06,190.55,198.2,0.0,0.0,4.0,26.0,1.0000000000000003e-05,True,REGULAR,USD
NFLX,2027-06-17,put,2026-01-21T21:40:31.402662+00:00,NFLX270617P01180000,2025-11-12 19:09:26+00:00,1180.0,186.5,201.0,209.05,0.0,0.0,1.0,33.0,1.0000000000000003e-05,True,REGULAR,USD
NFLX,2027-06-17,put,2026-01-21T21:40:31.402662+00:00,NFLX270617P01200000,2025-11-14 20:16:30+00:00,1200.0,211.6,212.0,220.2,-7.3799896,-3.3701663,2.0,141.0,1.0000000000000003e-05,True,REGULAR,USD
NFLX,2027-06-17,put,2026-01-21T21:40:31.402662+00:00,NFLX270617P01220000,2025-10-27 14:33:42+00:00,1220.0,229.4,224.0,232.0,0.0,0.0,1.0,61.0,1.0000000000000003e-05,True,REGULAR,USD
NFLX,2027-06-17,put,2026-01-21T21:40:31.402662+00:00,NFLX270617P01240000,2025-11-14 17:13:33+00:00,1240.0,237.75,235.0,244.0,50.050003,26.664892,1.0,26.0,1.0000000000000003e-05,True,REGULAR,USD
NFLX,2027-06-17,put,2026-01-21T21:40:31.402662+00:00,NFLX270617P01260000,2025-09-17 19:44:06+00:00,1260.0,196.49,212.8,218.1,0.0,0.0,2.0,14.0,1.0000000000000003e-05,True,REGULAR,USD
NFLX,2027-06-17,put,2026-01-21T21:40:31.402662+00:00,NFLX270617P01280000,2025-08-13 19:52:00+00:00,1280.0,220.82,212.8,219.3,0.0,0.0,1.0,5.0,1.0000000000000003e-05,True,REGULAR,USD
NFLX,2027-06-17,put,2026-01-21T21:40:31.402662+00:00,NFLX270617P01300000,2025-10-27 18:52:35+00:00,1300.0,279.09,274.0,282.0,0.0,0.0,3.0,28.0,1.0000000000000003e-05,True,REGULAR,USD
NFLX,2027-06-17,put,2026-01-21T21:40:31.402662+00:00,NFLX270617P01320000,2025-10-27 19:05:09+00:00,1320.0,292.65,287.0,295.0,0.0,0.0,1.0,11.0,1.0000000000000003e-05,True,REGULAR,USD
NFLX,2027-06-17,put,2026-01-21T21:40:31.402662+00:00,NFLX270617P01340000,2025-10-09 17:58:13+00:00,1340.0,239.07,304.0,313.0,0.0,0.0,1.0,7.0,1.0000000000000003e-05,True,REGULAR,USD
NFLX,2027-06-17,put,2026-01-21T21:40:31.402662+00:00,NFLX270617P01360000,2025-10-20 18:19:13+00:00,1360.0,249.15,313.0,322.0,0.0,0.0,5.0,5.0,1.0000000000000003e-05,True,REGULAR,USD
NFLX,2027-06-17,put,2026-01-21T21:40:31.402662+00:00,NFLX270617P01400000,2025-10-22 19:02:47+00:00,1400.0,338.59,342.0,351.0,0.0,0.0,,2.0,1.0000000000000003e-05,True,REGULAR,USD
NFLX,2027-06-17,put,2026-01-21T21:40:31.402662+00:00,NFLX270617P01420000,2025-10-27 19:05:13+00:00,1420.0,364.35,357.0,365.0,0.0,0.0,,1.0,1.0000000000000003e-05,True,REGULAR,USD
NFLX,2027-06-17,put,2026-01-21T21:40:31.402662+00:00,NFLX270617P01460000,2025-10-30 16:47:01+00:00,1460.0,396.48,387.0,396.0,0.0,0.0,2.0,1.0,1.0000000000000003e-05,True,REGULAR,USD
NFLX,2027-06-17,put,2026-01-21T21:40:31.402662+00:00,NFLX270617P01500000,2025-11-04 15:30:51+00:00,1500.0,432.48,418.0,427.0,0.0,0.0,1.0,2.0,1.0000000000000003e-05,True,REGULAR,USD
NFLX,2027-06-17,put,2026-01-21T21:40:31.402662+00:00,NFLX270617P01520000,2025-10-30 16:47:46+00:00,1520.0,445.29,435.0,443.0,0.0,0.0,4.0,2.0,1.0000000000000003e-05,True,REGULAR,USD
NFLX,2027-06-17,put,2026-01-21T21:40:31.402662+00:00,NFLX270617P01540000,2025-08-20 18:27:43+00:00,1540.0,389.05,379.05,388.9,0.0,0.0,1.0,1.0,1.0000000000000003e-05,True,REGULAR,USD
NFLX,2027-06-17,put,2026-01-21T21:40:31.402662+00:00,NFLX270617P01560000,2025-09-26 16:20:14+00:00,1560.0,399.82,0.0,0.0,0.0,0.0,1.0,1.0,1.0000000000000003e-05,True,REGULAR,USD
NFLX,2027-06-17,put,2026-01-21T21:40:31.402662+00:00,NFLX270617P01580000,2025-07-31 15:04:01+00:00,1580.0,438.49,410.0,418.95,0.0,0.0,2.0,0.0,1.0000000000000003e-05,True,REGULAR,USD
NFLX,2027-06-17,put,2026-01-21T21:40:31.402662+00:00,NFLX270617P01600000,2025-08-05 18:28:11+00:00,1600.0,470.7,426.0,434.8,0.0,0.0,,1.0,1.0000000000000003e-05,True,REGULAR,USD
NFLX,2027-06-17,put,2026-01-21T21:40:31.402662+00:00,NFLX270617P01640000,2025-07-31 15:14:04+00:00,1640.0,488.08,457.0,466.95,0.0,0.0,5.0,1.0,1.0000000000000003e-05,True,REGULAR,USD
NFLX,2027-06-17,put,2026-01-21T21:40:31.402662+00:00,NFLX270617P01660000,2025-08-01 17:22:19+00:00,1660.0,518.97,474.0,483.0,0.0,0.0,2.0,0.0,1.0000000000000003e-05,True,REGULAR,USD
NFLX,2027-06-17,put,2026-01-21T21:40:31.402662+00:00,NFLX270617P01680000,2025-06-10 18:19:08+00:00,1680.0,526.15,0.0,0.0,0.0,0.0,2.0,1.0,1.0000000000000003e-05,True,REGULAR,USD
NFLX,2027-06-17,put,2026-01-21T21:40:31.402662+00:00,NFLX270617P01700000,2025-10-07 13:37:55+00:00,1700.0,533.5,598.0,608.0,0.0,0.0,1.0,2.0,1.0000000000000003e-05,True,REGULAR,USD
NFLX,2027-06-17,put,2026-01-21T21:40:31.402662+00:00,NFLX270617P01720000,2025-10-01 19:30:51+00:00,1720.0,562.02,616.0,626.0,0.0,0.0,1.0,1.0,1.0000000000000003e-05,True,REGULAR,USD
NFLX,2027-06-17,put,2026-01-21T21:40:31.402662+00:00,NFLX270617P01740000,2025-10-08 14:02:56+00:00,1740.0,552.0,635.0,645.0,0.0,0.0,,0.0,1.0000000000000003e-05,True,REGULAR,USD
NFLX,2027-06-17,put,2026-01-21T21:40:31.402662+00:00,NFLX270617P01750000,2025-10-22 17:02:56+00:00,1750.0,636.46,636.0,646.0,0.0,0.0,1.0,4.0,1.0000000000000003e-05,True,REGULAR,USD
NFLX,2027-06-17,put,2026-01-21T21:40:31.402662+00:00,NFLX270617P01760000,2025-10-01 19:29:11+00:00,1760.0,600.1,654.0,664.0,0.0,0.0,1.0,1.0,1.0000000000000003e-05,True,REGULAR,USD
NFLX,2027-06-17,put,2026-01-21T21:40:31.402662+00:00,NFLX270617P01780000,2025-10-01 19:27:01+00:00,1780.0,616.75,673.0,683.0,0.0,0.0,1.0,1.0,1.0000000000000003e-05,True,REGULAR,USD
NFLX,2027-06-17,put,2026-01-21T21:40:31.402662+00:00,NFLX270617P01800000,2025-08-01 17:22:19+00:00,1800.0,644.0,595.0,604.9,0.0,0.0,2.0,0.0,1.0000000000000003e-05,True,REGULAR,USD
NFLX,2027-06-17,put,2026-01-21T21:40:31.402662+00:00,NFLX270617P01820000,2025-06-30 16:55:46+00:00,1820.0,541.25,613.0,623.0,0.0,0.0,,1.0,1.0000000000000003e-05,True,REGULAR,USD
NFLX,2027-06-17,put,2026-01-21T21:40:31.402662+00:00,NFLX270617P01900000,2025-05-13 15:39:55+00:00,1900.0,759.7,696.0,706.0,0.0,0.0,,1.0,1.0000000000000003e-05,True,REGULAR,USD
NFLX,2027-06-17,put,2026-01-21T21:40:31.402662+00:00,NFLX270617P02000000,2025-08-01 17:22:19+00:00,2000.0,843.52,785.0,795.0,0.0,0.0,2.0,0.0,1.0000000000000003e-05,True,REGULAR,USD
NFLX,2027-06-17,put,2026-01-21T21:40:31.402662+00:00,NFLX270617P02020000,2025-06-30 16:55:46+00:00,2020.0,707.75,805.0,815.0,0.0,0.0,,0.0,1.0000000000000003e-05,True,REGULAR,USD
NFLX,2027-06-17,put,2026-01-21T21:40:31.402662+00:00,NFLX270617P02100000,2025-06-26 16:43:51+00:00,2100.0,811.43,885.0,894.95,0.0,0.0,,0.0,1.0000000000000003e-05,True,REGULAR,USD
NFLX,2027-06-17,put,2026-01-21T21:40:31.402662+00:00,NFLX270617P02110000,2025-06-26 16:46:19+00:00,2110.0,820.53,895.0,905.0,0.0,0.0,,0.0,1.0000000000000003e-05,True,REGULAR,USD
NFLX,2027-06-17,put,2026-01-21T21:40:31.402662+00:00,NFLX270617P02170000,2025-10-21 13:45:43+00:00,2170.0,934.0,1053.0,1062.0,0.0,0.0,,0.0,1.0000000000000003e-05,True,REGULAR,USD
NFLX,2027-06-17,put,2026-01-21T21:40:31.402662+00:00,NFLX270617P02200000,2025-06-26 16:43:51+00:00,2200.0,906.08,985.0,995.0,0.0,0.0,,0.0,1.0000000000000003e-05,True,REGULAR,USD
NFLX,2027-06-17,put,2026-01-21T21:40:31.402662+00:00,NFLX270617P02210000,2025-10-21 13:45:43+00:00,2210.0,974.0,1093.0,1102.0,0.0,0.0,1.0,0.0,1.0000000000000003e-05,True,REGULAR,USD
NFLX,2027-06-17,put,2026-01-21T21:40:31.402662+00:00,NFLX270617P02220000,2025-06-26 16:50:58+00:00,2220.0,925.15,1005.0,1015.0,0.0,0.0,,0.0,1.0000000000000003e-05,True,REGULAR,USD
NFLX,2027-06-17,put,2026-01-21T21:40:31.402662+00:00,NFLX270617P02310000,2025-06-26 16:52:59+00:00,2310.0,1013.73,1095.0,1103.9,0.0,0.0,,0.0,1.0000000000000003e-05,True,REGULAR,USD
NFLX,2027-06-17,put,2026-01-21T21:40:31.402662+00:00,NFLX270617P02320000,2025-10-21 13:45:43+00:00,2320.0,1084.0,1203.0,1213.0,0.0,0.0,1.0,0.0,1.0000000000000003e-05,True,REGULAR,USD
NFLX,2027-06-17,put,2026-01-21T21:40:31.402662+00:00,NFLX270617P02410000,2025-10-21 13:45:43+00:00,2410.0,1174.0,1293.0,1303.0,0.0,0.0,,0.0,1.0000000000000003e-05,True,REGULAR,USD
NFLX,2027-06-17,put,2026-01-21T21:40:31.402662+00:00,NFLX270617P02420000,2025-10-21 13:45:43+00:00,2420.0,1184.0,1303.0,1313.0,0.0,0.0,,0.0,1.0000000000000003e-05,True,REGULAR,USD
NFLX,2027-06-17,put,2026-01-21T21:40:31.402662+00:00,NFLX270617P02470000,2025-06-11 13:44:01+00:00,2470.0,1262.92,1227.0,1237.0,0.0,0.0,,0.0,1.0000000000000003e-05,True,REGULAR,USD
NFLX,2027-06-17,put,2026-01-21T21:40:31.402662+00:00,NFLX270617P02570000,2025-07-23 14:07:23+00:00,2570.0,1389.65,1355.0,1365.0,0.0,0.0,,0.0,1.0000000000000003e-05,True,REGULAR,USD
NFLX,2027-06-17,put,2026-01-21T21:40:31.402662+00:00,NFLX270617P02630000,2025-07-28 16:13:27+00:00,2630.0,1447.85,1415.0,1425.0,0.0,0.0,,0.0,1.0000000000000003e-05,True,REGULAR,USD
NFLX,2027-06-17,put,2026-01-21T21:40:31.402662+00:00,NFLX270617P02640000,2025-07-29 13:44:40+00:00,2640.0,1467.16,1425.0,1435.0,0.0,0.0,2.0,0.0,1.0000000000000003e-05,True,REGULAR,USD
